t,nu_0p05,nu_0p10,nu_0p15,nu_0p20,nu_0p25,nu_0p30,nu_0p40,nu_0p55,nu_0p70,nu_0p85,nu_1p00,nu_1p30,nu_1p70,nu_2p20,nu_3p00
0.000000000000000000e+00,1.000000000000000000e+00,1.000000000000000000e+00,1.000000000000000000e+00,1.000000000000000000e+00,1.000000000000000000e+00,1.000000000000000000e+00,1.000000000000000000e+00,1.000000000000000000e+00,1.000000000000000000e+00,1.000000000000000000e+00,1.000000000000000000e+00,1.000000000000000000e+00,1.000000000000000000e+00,1.000000000000000000e+00,1.000000000000000000e+00
2.500000000000000000e-01,1.000000000000000000e+00,1.000000000000000000e+00,1.000000000000000000e+00,1.000000000000000000e+00,1.000000000000000000e+00,1.000000000000000000e+00,1.000000000000000000e+00,1.000000000000000000e+00,1.000000000000000000e+00,1.000000000000000000e+00,1.000000000000000000e+00,1.000000000000000000e+00,1.000000000000000000e+00,1.000000000000000000e+00,1.000000000000000000e+00
5.000000000000000000e-01,1.000000000000000000e+00,1.000000000000000000e+00,1.000000000000000000e+00,1.000000000000000000e+00,1.000000000000000000e+00,1.000000000000000000e+00,1.000000000000000000e+00,1.000000000000000000e+00,1.000000000000000000e+00,1.000000000000000000e+00,1.000000000000000000e+00,1.000000000000000000e+00,1.000000000000000000e+00,1.000000000000000000e+00,1.000000000000000000e+00
7.500000000000000000e-01,1.005290473888312608e+00,1.005304981874944215e+00,1.005319118159988312e+00,1.005332877043959128e+00,1.005346255137211653e+00,1.005359251143410182e+00,1.005384100877773301e+00,1.005418574126391018e+00,1.005449833313370567e+00,1.005478098996812175e+00,1.005503622318764556e+00,1.005547473633176647e+00,1.005593820489379286e+00,1.005637461716464731e+00,1.005685833336974699e+00
1.000000000000000000e+00,1.067826162437071735e+00,1.067889993550049432e+00,1.067952124716094797e+00,1.068012451711235045e+00,1.068070897460065005e+00,1.068127409642483538e+00,1.068234531923025088e+00,1.068380533167137214e+00,1.068509696240550921e+00,1.068623444599736683e+00,1.068723454781550064e+00,1.068888947062391459e+00,1.069054922138497510e+00,1.069202905512975921e+00,1.069358021126323166e+00
1.250000000000000000e+00,1.164119953800240026e+00,1.164235563079645708e+00,1.164348549997193949e+00,1.164458455950685867e+00,1.164564922564365723e+00,1.164667685371859829e+00,1.164861455754975239e+00,1.165122032455145451e+00,1.165347842123578559e+00,1.165542236426851730e+00,1.165709302867909747e+00,1.165977255940324087e+00,1.166234887100575879e+00,1.166455097479785152e+00,1.166676567686920407e+00
1.500000000000000000e+00,1.273615326035632211e+00,1.273782507151895560e+00,1.273947293773129985e+00,1.274108428678279781e+00,1.274264902917623621e+00,1.274415951196658847e+00,1.274699805566201105e+00,1.275077148758505530e+00,1.275397984487747216e+00,1.275668472942169895e+00,1.275896207008944572e+00,1.276251601516532608e+00,1.276581184660388724e+00,1.276853096266280962e+00,1.277117418837697915e+00
1.750000000000000000e+00,1.387708136494924638e+00,1.387924316508667877e+00,1.388140231854702922e+00,1.388353182935740726e+00,1.388560958354434272e+00,1.388761859948326682e+00,1.389138623867659073e+00,1.389634330446222865e+00,1.390048376899169824e+00,1.390390800759459644e+00,1.390673816332601120e+00,1.391104975673118860e+00,1.391492442236492266e+00,1.391802427376365836e+00,1.392095026258186818e+00
2.000000000000000000e+00,1.502265379217286645e+00,1.502525812285369300e+00,1.502790747657257731e+00,1.503055202239314880e+00,1.503315012211246859e+00,1.503566961445708561e+00,1.504038936191161246e+00,1.504654066314438321e+00,1.505159441494803740e+00,1.505570178977780449e+00,1.505904136593709808e+00,1.506402322301600982e+00,1.506837866370689394e+00,1.507176919798003834e+00,1.507488567032652771e+00
2.250000000000000000e+00,1.615131981821636309e+00,1.615429846998795771e+00,1.615740322814590568e+00,1.616055113394597065e+00,1.616367141786319461e+00,1.616670932773716318e+00,1.617239781508981622e+00,1.617974759628491688e+00,1.618569585029947522e+00,1.619045664338105484e+00,1.619427316536145245e+00,1.619986519153920668e+00,1.620463904872588179e+00,1.620826580102068704e+00,1.621151767879793093e+00
2.500000000000000000e+00,1.725133990652442328e+00,1.725460406206529296e+00,1.725811542358972384e+00,1.726174584409003954e+00,1.726538361038007396e+00,1.726894247188599074e+00,1.727560694242801898e+00,1.728415041684685738e+00,1.729097393006351568e+00,1.729636505177932104e+00,1.730063686826834424e+00,1.730680498533083256e+00,1.731196777340589188e+00,1.731580795844975373e+00,1.731917212705553988e+00
2.750000000000000000e+00,1.831625875845815266e+00,1.831969840128500060e+00,1.832355236357403383e+00,1.832763358074461113e+00,1.833177532778797358e+00,1.833584964143326168e+00,1.834348281808392267e+00,1.835320091822904676e+00,1.836087702931818999e+00,1.836687995518086147e+00,1.837159458500950970e+00,1.837832855515823427e+00,1.838388309365059037e+00,1.838794723017073585e+00,1.839143551382662389e+00
3.000000000000000000e+00,1.934264533879027192e+00,1.934612799080534851e+00,1.935024324357839554e+00,1.935472977087993707e+00,1.935934953831055516e+00,1.936392168616186016e+00,1.937249380398320175e+00,1.938334353317701986e+00,1.939183846420591717e+00,1.939843267446445196e+00,1.940358133987339473e+00,1.941088742780987531e+00,1.941686590586559902e+00,1.942120189509565220e+00,1.942487542308637849e+00
3.250000000000000000e+00,2.032887902442890304e+00,2.033224784089570303e+00,2.033652267253361234e+00,2.034135095570444030e+00,2.034640495035525465e+00,2.035143922944488093e+00,2.036088591450922358e+00,2.037278309864490655e+00,2.038203535413364076e+00,2.038918247284025043e+00,2.039474553542464097e+00,2.040262279505673071e+00,2.040906763166451032e+00,2.041375477953965234e+00,2.041774283840190662e+00
3.500000000000000000e+00,2.127445865922901636e+00,2.127752987953926755e+00,2.128183795556003677e+00,2.128692036090350737e+00,2.129233939748761628e+00,2.129777349913970497e+00,2.130797733242553171e+00,2.132076641291611008e+00,2.133065358558752234e+00,2.133826224400853899e+00,2.134417338490939731e+00,2.135254371417966812e+00,2.135942495608700753e+00,2.136449776411754264e+00,2.136895050588315303e+00
3.750000000000000000e+00,2.217959035186913841e+00,2.218215007792849303e+00,2.218633488955330524e+00,2.219155155907157173e+00,2.219723064202443918e+00,2.220296355766747443e+00,2.221372593133383422e+00,2.222712781549812444e+00,2.223740238944971193e+00,2.224525306007567593e+00,2.225131439080303419e+00,2.225982785756418725e+00,2.226674373197644385e+00,2.227178224069039203e+00,2.227624556955643875e+00
4.000000000000000000e+00,2.304493194047927851e+00,2.304673219021819985e+00,2.305059990672645220e+00,2.305578792461173698e+00,2.306157202414626184e+00,2.306744687634657787e+00,2.307844493568962818e+00,2.309196786956712266e+00,2.310213509408481691e+00,2.310972198803089572e+00,2.311540687896631141e+00,2.312291665535624041e+00,2.312808268284572755e+00,2.313037476552011196e+00,2.312945497494946157e+00
4.250000000000000000e+00,2.387142950022587584e+00,2.387218346061037000e+00,2.387549384896410221e+00,2.388043299377333728e+00,2.388609769978935926e+00,2.389187732686252730e+00,2.390259807954124405e+00,2.391538637297241809e+00,2.392447408045983437e+00,2.393067613676574723e+00,2.393467779211306379e+00,2.393785537409255149e+00,2.393483870117651069e+00,2.392182472081287870e+00,2.388054520821367710e+00
4.500000000000000000e+00,2.466020999641711509e+00,2.465958637748810744e+00,2.466204137339669700e+00,2.466643551323032035e+00,2.467166075770895528e+00,2.467699295496281309e+00,2.468663260207962118e+00,2.469721139950184607e+00,2.470333976605946003e+00,2.470574400983700514e+00,2.470495996915863302e+00,2.469475152263209239e+00,2.466259019330457658e+00,2.458521059523304242e+00,2.434943782301131954e+00
4.750000000000000000e+00,2.541250930468928804e+00,2.541012567298663871e+00,2.541135509561778694e+00,2.541480800649909888e+00,2.541914239336610315e+00,2.542351044359840273e+00,2.543082107186841689e+00,2.543666874474672657e+00,2.543625570987128270e+00,2.542979383972418184e+00,2.541711736898271123e+00,2.537028040573694909e+00,2.524857822005435182e+00,2.496728368091230887e+00,2.429329484691106877e+00
5.000000000000000000e+00,2.612962313521616231e+00,2.612503808092956348e+00,2.612458187566847556e+00,2.612656591418653917e+00,2.612937834878866106e+00,2.613203076041856754e+00,2.613508810205822375e+00,2.613192760875100884e+00,2.611825324099249279e+00,2.609256635890272236e+00,2.605242949758356463e+00,2.591469504677013536e+00,2.557099007296254278e+00,2.491489224942425640e+00,2.393023285375628362e+00
5.250000000000000000e+00,2.681287314935792310e+00,2.680557711632002960e+00,2.680286338318245143e+00,2.680267901174154588e+00,2.680309324301302976e+00,2.680294436125915336e+00,2.679879888064270688e+00,2.677944499109029319e+00,2.674016428877944662e+00,2.667493954790516764e+00,2.657578527150463721e+00,2.624325735955380434e+00,2.552546634146606763e+00,2.456025866219334830e+00,2.353830056915835911e+00
5.500000000000000000e+00,2.746358336472296990e+00,2.745298794573604262e+00,2.744730586290016650e+00,2.744402950212838643e+00,2.744083585749079290e+00,2.743632618912295928e+00,2.742048561017285113e+00,2.737302954305308234e+00,2.728620436667421156e+00,2.714442170009539357e+00,2.693118881179881630e+00,2.627295018267698179e+00,2.518951384939426497e+00,2.413088925132575557e+00,2.317858917920589512e+00
5.750000000000000000e+00,2.808306365340661692e+00,2.806848912514328998e+00,2.805895570624589830e+00,2.805137277386602346e+00,2.804290979667071859e+00,2.803181162497964340e+00,2.799748880081300406e+00,2.790259938079371782e+00,2.773137150738042234e+00,2.745399488322813220e+00,2.705495763434092371e+00,2.601479236571178077e+00,2.474004721225562697e+00,2.371824057251026296e+00,2.285622428066973022e+00
6.000000000000000000e+00,2.867259820602660270e+00,2.865325904786893751e+00,2.863877847915002217e+00,2.862529778382406409e+00,2.860929478351304400e+00,2.858844547276342851e+00,2.852549940453661836e+00,2.835281574590265308e+00,2.804089660448755961e+00,2.755401860309047102e+00,2.691948394395214272e+00,2.558314165011740471e+00,2.428303661868346452e+00,2.334236943563714917e+00,2.256890912268502802e+00
6.250000000000000000e+00,2.923343751745733243e+00,2.920842562725897817e+00,2.918763972068339374e+00,2.916618465840237207e+00,2.913955463798178602e+00,2.910449824412931985e+00,2.899801735780652923e+00,2.870228325497246935e+00,2.817640806293064681e+00,2.742227524559121221e+00,2.656950214010070255e+00,2.509252590363441726e+00,2.385563223389828291e+00,2.300505363858763364e+00,2.231354678501116684e+00
6.500000000000000000e+00,2.976679289680804974e+00,2.973505818405439260e+00,2.970628626492646251e+00,2.967415761010484321e+00,2.963272924278743226e+00,2.957724938642708690e+00,2.940581227196198633e+00,2.892483386477515683e+00,2.811224697485375845e+00,2.708884464546115201e+00,2.609429952201689940e+00,2.460642269327323106e+00,2.346724017190279898e+00,2.270406832123990082e+00,2.208709487328615051e+00
6.750000000000000000e+00,3.027383280182202263e+00,3.023416080570967335e+00,3.019532714569264531e+00,3.014903181732732307e+00,3.008721022269067014e+00,3.000274861308794172e+00,2.973660449127797367e+00,2.899486753615327039e+00,2.785427613060062590e+00,2.662251483546236752e+00,2.557333137673722945e+00,2.415106205625634050e+00,2.311837703029593349e+00,2.243640494970473576e+00,2.188669482496215402e+00
7.000000000000000000e+00,3.075568049977733143e+00,3.070666664747017105e+00,3.065521338561056908e+00,3.059025370380310083e+00,3.050060461330165396e+00,3.037558799516139274e+00,2.997537372692919533e+00,2.889699799695136129e+00,2.744283885249065413e+00,2.609387169149568919e+00,2.505540032624826718e+00,2.373506995881533133e+00,2.280687226157352310e+00,2.219900261529984320e+00,2.170970147949854656e+00
7.250000000000000000e+00,3.121341269606128677e+00,3.115343278659506332e+00,3.108621619838372929e+00,3.099683531259228797e+00,3.086959868871643309e+00,3.068875227185879240e+00,3.010584694549824025e+00,2.863554981921909715e+00,2.693493799981045989e+00,2.555349874746619232e+00,2.456491256911418564e+00,2.335981215546074186e+00,2.252980679849833745e+00,2.198893954845726473e+00,2.155365631082082345e+00
7.500000000000000000e+00,3.164805886894193065e+00,3.157523534348950722e+00,3.148840338981481857e+00,3.136728547198611494e+00,3.118984650607014686e+00,3.093366134723258831e+00,3.011355665528190340e+00,2.823647058544331845e+00,2.638313359806979008e+00,2.503096314534360989e+00,2.411226424555108494e+00,2.302378744122943743e+00,2.228413650132510249e+00,2.180348080218430074e+00,2.141631066697593955e+00
7.750000000000000000e+00,3.206060111807211399e+00,3.197276466112438875e+00,3.186161407395954548e+00,3.169954349899666735e+00,3.145592484956737600e+00,3.110056228623411467e+00,2.999010027733536976e+00,2.773932776938297984e+00,2.582563431566813339e+00,2.454133362046866385e+00,2.370072472986442413e+00,2.272440861516126454e+00,2.206689980674971796e+00,2.164008152869024038e+00,2.129561453865223442e+00
8.000000000000000000e+00,3.245197438378886190e+00,3.234662039707321579e+00,3.220543227060280955e+00,3.199092550751133412e+00,3.166141565144133363e+00,3.117943061593638099e+00,2.973704337173963097e+00,2.718552960742121272e+00,2.528639858910492144e+00,2.409117226815089996e+00,2.333010029402529550e+00,2.245873238118410331e+00,2.187529288973520725e+00,2.149639752487306765e+00,2.118969500890140356e+00
8.250000000000000000e+00,3.282306693032029266e+00,3.269730643845200291e+00,3.251916056717483627e+00,3.223809896185267476e+00,3.179919100732494286e+00,3.116144534660240772e+00,2.936733798603607060e+00,2.661003692399349863e+00,2.477888936180308477e+00,2.368237616098921805e+00,2.299855906034548703e+00,2.222376836488091367e+00,2.170669515786892489e+00,2.137028133201559488e+00,2.109686216488907640e+00
8.500000000000000000e+00,3.317472101246156768e+00,3.302522560451602196e+00,3.280179585102246165e+00,3.243710731087688259e+00,3.186196997063272640e+00,3.104087182215596208e+00,2.890321786629478140e+00,2.603853340782984915e+00,2.430977678372898243e+00,2.331436154639467961e+00,2.270353139986650781e+00,2.201661165960389965e+00,2.155867816652738522e+00,2.125976857154240562e+00,2.101559378763551145e+00
8.750000000000000000e+00,3.350773366496142991e+00,3.333067415988165028e+00,3.305201016870823683e+00,3.258347170079647359e+00,3.184317179676531495e+00,3.081688158830155899e+00,2.837164682404019533e+00,2.548812116801426164e+00,2.388159199971877644e+00,2.298525972147678953e+00,2.244215821756216478e+00,2.183450521326397720e+00,2.142900759336028305e+00,2.116307810673366152e+00,2.094452112388442533e+00
9.000000000000000000e+00,3.382285756864613635e+00,3.361383622697084128e+00,3.326814101976428795e+00,3.267239781704338597e+00,3.173799675158874400e+00,3.049465564063888134e+00,2.779957091864712293e+00,2.496926292809428460e+00,2.349442069413078205e+00,2.269256827048504732e+00,2.221152124385640469e+00,2.167486632680251102e+00,2.131563641563699374e+00,2.107860204458182896e+00,2.088242257245604527e+00
9.250000000000000000e+00,3.412080195853469888e+00,3.387477826328046948e+00,3.344819674090060868e+00,3.269910858977302937e+00,3.154454136541315457e+00,3.008527178022961213e+00,2.721064177176822696e+00,2.448772227346723618e+00,2.314693733651670637e+00,2.243350979203064366e+00,2.200876184885705023e+00,2.153529686382083419e+00,2.121670121267547948e+00,2.100488968420434421e+00,2.082820761050474090e+00
9.500000000000000000e+00,3.440223354783173093e+00,3.411344385997295170e+00,3.358988384810509764e+00,3.265930370791013448e+00,3.126465891981019318e+00,2.960436022997755767e+00,2.662377283991089527e+00,2.404609162942625833e+00,2.283702825005125892e+00,2.220523241238244960e+00,2.183114427569277538e+00,2.141358688217409600e+00,2.113051493530023528e+00,2.094064303409161720e+00,2.078090719535159892e+00
9.750000000000000000e+00,3.466777744845102927e+00,3.432964922493156212e+00,3.369066389053689381e+00,3.254971379893979222e+00,3.090428420718602354e+00,2.907001989872428194e+00,2.605304245491511406e+00,2.364488289434226065e+00,2.256216828647965134e+00,2.200492301431006048e+00,2.167608850728201642e+00,2.130771134027625191e+00,2.105555366386778093e+00,2.088470470609246288e+00,2.073966791532479093e+00
1.000000000000000000e+01,3.491801807402564073e+00,3.452307983516755829e+00,3.374784696573435827e+00,3.236867682489623643e+00,3.047308615321659087e+00,2.850068532904331153e+00,2.550829159177204097e+00,2.328327302932458487e+00,2.231964965572252879e+00,2.182987252152327695e+00,2.154118667043245061e+00,2.121582586575312845e+00,2.099045062146588592e+00,2.083604260694924992e+00,2.070372862931439073e+00
1.025000000000000000e+01,3.515350001568974925e+00,3.469328887811480744e+00,3.375872690708920043e+00,3.211663137794100731e+00,2.998353402711049664e+00,2.791346589935874700e+00,2.499594455479854815e+00,2.295960467861342114e+00,2.210672290903184845e+00,2.167751220088594444e+00,2.142420998186885583e+00,2.113625822900456086e+00,2.093398417726398009e+00,2.079374334324067597e+00,2.067242068691525603e+00
1.050000000000000000e+01,3.537472888446655528e+00,3.483969824112288283e+00,3.372075872203227576e+00,3.179641473307813548e+00,2.944964285496165957e+00,2.732315163495285137e+00,2.451980398802520167e+00,2.267172078688501902e+00,2.192068357818607982e+00,2.154543396173144831e+00,2.132310869661299790e+00,2.106750058838448236e+00,2.088506576068681397e+00,2.075700039797577556e+00,2.064516304225241239e+00
1.075000000000000000e+01,3.558217211713188277e+00,3.496160294207211194e+00,3.363177201464980115e+00,3.141328464519779651e+00,2.888571310452211716e+00,2.674181812098302746e+00,2.408172389335839547e+00,2.241718829992515705e+00,2.175892564945536733e+00,2.143139947277092894e+00,2.123600982083195809e+00,2.100820006288521391e+00,2.084273068316286892e+00,2.072510146049973745e+00,2.062143405975765731e+00
1.100000000000000000e+01,3.577625974497292471e+00,3.505818000175350946e+00,3.349020553470780204e+00,3.097464724180807316e+00,2.830530244074359381e+00,2.617884823504898151e+00,2.368214321328656169e+00,2.219344799602762652e+00,2.161897376001647331e+00,2.133334360529064000e+00,2.116121097529768402e+00,2.095714735349349045e+00,2.080612596957047700e+00,2.069742141377451716e+00,2.060078211437703199e+00
1.125000000000000000e+01,3.595738512733750891e+00,3.512850281573255629e+00,3.329533938076661759e+00,3.048954519120320672e+00,2.772053549663479721e+00,2.564118719728297524e+00,2.332049461559402292e+00,2.199791494256221114e+00,2.149850192725406117e+00,2.124937300274125196e+00,2.109717347189012493e+00,2.091326756791487718e+00,2.077450093534211728e+00,2.067341215256861986e+00,2.058281581742130939e+00
1.150000000000000000e+01,3.612590565391919029e+00,3.517156205630028065e+00,3.304749531948767416e+00,2.996801142600844514e+00,2.714174377944626126e+00,2.513369530045713063e+00,2.299551219490227449e+00,2.182804548930347810e+00,2.139534327795808988e+00,2.117776196806703037e+00,2.104251343107506500e+00,2.087560868523818058e+00,2.074719597626045076e+00,2.065259339070722788e+00,2.056718513184574881e+00
1.175000000000000000e+01,3.628214342192018549e+00,3.518629398816459197e+00,3.274817486779393771e+00,2.942040689305581491e+00,2.657736513838623971e+00,2.465951589744936445e+00,2.270546077011454944e+00,2.168138156502461111e+00,2.130749366856895755e+00,2.111694638483269770e+00,2.099599285503461754e+00,2.084333155935004900e+00,2.072363362328508707e+00,2.063454607209131986e+00,2.055358832526984703e+00
1.200000000000000000e+01,3.642638589617476885e+00,3.517161677806269982e+00,3.240011082437308509e+00,2.885683869624064979e+00,2.603401615248445822e+00,2.422041636910418294e+00,2.244830584289328801e+00,2.155557913880749243e+00,2.123311147406832244e+00,2.106551627399511961e+00,2.095650987826094713e+00,2.081569897234179400e+00,2.070331074811498695e+00,2.061890429612704523e+00,2.054176390843475808e+00
1.225000000000000000e+01,3.655888656239891787e+00,3.512647489357845210e+00,3.200722031408435697e+00,2.828671440964981354e+00,2.551666216315305213e+00,2.381708504441310659e+00,2.222183884074455662e+00,2.144842599288937279e+00,2.117051436943411691e+00,2.102220758958101676e+00,2.092308841992527757e+00,2.079206603598971803e+00,2.068578748327754457e+00,2.060534973378910450e+00,2.053147996999742375e+00
1.250000000000000000e+01,3.667986558567949196e+00,3.504989101355686643e+00,3.157446322562686536e+00,2.771844778162634970e+00,2.502883040813870696e+00,2.344938062434466008e+00,2.202376900606669352e+00,2.135785171082130063e+00,2.111817443150102669e+00,2.098589290280806541e+00,2.089486847459684604e+00,2.077187109192709435e+00,2.067068223893775869e+00,2.059360514468436598e+00,2.052253648011203691e+00
1.275000000000000000e+01,3.678951048844795846e+00,3.494102403948279090e+00,3.110762488701660278e+00,2.715930207237660543e+00,2.457283171925920495e+00,2.311653716905201161e+00,2.185179013946630278e+00,2.128193251118039253e+00,2.107471149517743836e+00,2.095557242034481682e+00,2.087109574622340702e+00,2.075462549066229290e+00,2.065766447517844551e+00,2.058342934298554638e+00,2.051475947601063332e+00
1.300000000000000000e+01,3.688797686411239951e+00,3.479923087239474189e+00,3.061305195903194054e+00,2.661534258448078560e+00,2.414997130281818283e+00,2.281733008716940514e+00,2.170362864249467894e+00,2.121889209912297236e+00,2.103888606117323867e+00,2.093036412481440234e+00,2.085111227790676480e+00,2.073990655849210718e+00,2.064644667789602206e+00,2.057461378000230656e+00,2.050799629345997133e+00
1.325000000000000000e+01,3.697538914470292148e+00,3.462412871735959019e+00,3.009737374998331383e+00,2.609146670949832991e+00,2.376073921894060970e+00,2.255020910225256525e+00,2.157707740820490105e+00,2.116710012682741393e+00,2.100959113092016661e+00,2.090949448911146646e+00,2.083434635218258890e+00,2.072734913690235548e+00,2.063678089042526587e+00,2.056697639117326837e+00,2.050211554736532715e+00
1.350000000000000000e+01,3.705184144272692492e+00,3.441565394542275058e+00,2.956723781370246940e+00,2.559148329001650346e+00,2.340497711078809662e+00,2.231340374845093510e+00,2.147001928282843419e+00,2.112506856492827545e+00,2.098584395241226197e+00,2.089228863442831319e+00,2.082030399525625963e+00,2.071663883667048900e+00,2.062845267641857383e+00,2.056035946285880822e+00,2.049700146348035545e+00
1.375000000000000000e+01,3.711739848941740583e+00,3.417411314153861568e+00,2.902908097681572208e+00,2.511821930346669340e+00,2.308202109747151010e+00,2.210500630671652811e+00,2.138044260515787443e+00,2.109144691187942122e+00,2.096677718311910077e+00,2.087816135871733092e+00,2.080856014474338878e+00,2.070750537788641932e+00,2.062127689735208769e+00,2.055462743648070578e+00,2.049255330971755384e+00
1.400000000000000000e+01,3.717209669329814670e+00,3.390022203178556293e+00,2.848894767794020400e+00,2.467363822338476620e+00,2.279082230541890741e+00,2.192303633288612108e+00,2.130645097884350303e+00,2.106501631412296849e+00,2.095163027444095327e+00,2.086660801881885963e+00,2.079875067950973211e+00,2.069971696137392847e+00,2.061509385028318597e+00,2.054966112598475725e+00,2.048868637786212865e+00
1.425000000000000000e+01,3.721594534433481094e+00,3.359512858712129457e+00,2.795235905362023932e+00,2.425895976169058166e+00,2.253004727801250162e+00,2.176549029232080823e+00,2.124626868020691006e+00,2.104468318830927664e+00,2.093974061074060256e+00,2.085719598461086122e+00,2.079056498779835671e+00,2.069307564661627019e+00,2.060976564578089310e+00,2.054535782573510438e+00,2.048532278796330708e+00
1.450000000000000000e+01,3.724892799012933242e+00,3.326041772185552858e+00,2.742422993043816426e+00,2.387477466996034803e+00,2.229816064960902899e+00,2.163037921393810237e+00,2.119824296782508277e+00,2.102947225923084140e+00,2.093053487211476771e+00,2.084955649569941283e+00,2.078373916764246765e+00,2.068741159548022956e+00,2.060517419845444564e+00,2.054162996076041470e+00,2.048239613573263007e+00
1.475000000000000000e+01,3.727100401121910878e+00,3.289809651685205338e+00,2.690882712082704131e+00,2.352115104916645993e+00,2.209349249006383520e+00,2.151575678648201428e+00,2.116084403176065276e+00,2.101851936542552313e+00,2.092352051489602349e+00,2.084337708853288174e+00,2.077805006154035183e+00,2.068258029063078318e+00,2.060121685989291240e+00,2.053839945465058658e+00,2.047985284103349457e+00
1.500000000000000000e+01,3.728211042237688400e+00,3.251056058869999710e+00,2.640976084115743916e+00,2.319773040767578731e+00,2.191429251531149980e+00,2.141973987649851363e+00,2.113266330815017913e+00,2.101106400287620080e+00,2.091827760978378858e+00,2.083839463631532496e+00,2.077330924052964711e+00,2.067845840324728179e+00,2.059780559253882259e+00,2.053559955219347533e+00,2.047763967195894708e+00
1.525000000000000000e+01,3.728216392606087837e+00,3.210054384318915766e+00,2.593000103456949645e+00,2.290381285687163260e+00,2.175877321551595411e+00,2.134052309459581576e+00,2.111241054977620824e+00,2.100644184112493207e+00,2.091445099355464965e+00,2.083438867075981804e+00,2.076935853609997995e+00,2.067494087860990426e+00,2.059486527998323879e+00,2.053317401523687025e+00,2.047571341479336393e+00
1.550000000000000000e+01,3.727106324231070023e+00,3.167105515894776069e+00,2.547191124864379486e+00,2.263843151494213224e+00,2.162514369042948026e+00,2.127638872861808306e+00,2.109891007401032414e+00,2.100407716338896780e+00,2.091174274911888897e+00,2.083117573943460865e+00,2.076606529660974587e+00,2.067193822004855353e+00,2.059233009202008802e+00,2.053107148599717213e+00,2.047403953774257435e+00
1.575000000000000000e+01,3.724869173642675779e+00,3.122530637536305331e+00,2.503729397018074732e+00,2.240041661887235414e+00,2.151163581281597015e+00,2.122571309988113164e+00,2.109109635742785649e+00,2.100347536746864474e+00,2.090990527267555521e+00,2.082860391378770881e+00,2.076331881361916931e+00,2.066937417037714830e+00,2.059014406840931510e+00,2.052924871460565459e+00,2.047258245367021612e+00
1.600000000000000000e+01,3.721492036154761873e+00,3.076663624100252736e+00,2.462744262775491411e+00,2.218845006912782303e+00,2.141652408288518661e+00,2.118697018270107257e+00,2.108800921266366757e+00,2.100421558297306035e+00,2.090873470969852654e+00,2.082654829163835153e+00,2.076102664420474753e+00,2.066718426140984111e+00,2.058825902960713883e+00,2.052766953229471891e+00,2.047131401388587513e+00
1.625000000000000000e+01,3.716961092764663466e+00,3.029843474619663191e+00,2.424319664809129637e+00,2.200111127619832629e+00,2.133814038264216340e+00,2.115873314716885556e+00,2.108878862947664690e+00,2.100594347174404408e+00,2.090806505281517236e+00,2.082490652478223403e+00,2.075911196527681746e+00,2.066531304584673823e+00,2.058663320732769364e+00,2.052630022643902930e+00,2.047021130217011375e+00
1.650000000000000000e+01,3.711261970128486354e+00,2.982407163136397976e+00,2.388499693132062784e+00,2.183691522271362651e+00,2.127488461723644253e+00,2.113967434970333681e+00,2.109266942053382721e+00,2.100836426677939350e+00,2.090776253297081944e+00,2.082359543504495480e+00,2.075751101674004673e+00,2.066371371763519704e+00,2.058523089728094391e+00,2.052511282069627185e+00,2.046925122779398087e+00
1.675000000000000000e+01,3.704380133191917057e+00,2.934683198332408871e+00,2.355293987834489844e+00,2.169434367868122049e+00,2.122523210308973507e+00,2.112856416464477416e+00,2.109897569124165706e+00,2.101123605796322735e+00,2.090772084785553986e+00,2.082254768126380995e+00,2.075617082949945846e+00,2.066234638337202778e+00,2.058402105706187868e+00,2.052408385453225570e+00,2.046841533728827489e+00
1.700000000000000000e+01,3.696301309033286131e+00,2.886986086558342102e+00,2.324682869414791853e+00,2.157187046491902738e+00,2.118773837523852954e+00,2.112426896511947927e+00,2.110711521906384114e+00,2.101436346824430590e+00,2.090785663151327523e+00,2.082170909130015790e+00,2.075504757586559723e+00,2.066117703770246727e+00,2.058297743194188456e+00,2.052319137992957732e+00,2.046768803818698856e+00
1.725000000000000000e+01,3.687011939354435608e+00,2.839611800444625800e+00,2.296622113314378044e+00,2.146798162212263605e+00,2.116104199515390416e+00,2.112574847693196922e+00,2.111657376330471347e+00,2.101759165564498044e+00,2.090810568498669308e+00,2.082103624872144287e+00,2.075410487987740193e+00,2.066017673629113371e+00,2.058207686691171823e+00,2.052241726054971682e+00,2.046705475529240204e+00
1.750000000000000000e+01,3.676499657781925556e+00,2.792834276378939773e+00,2.271047318940212723e+00,2.138119126120102020e+00,2.114386579839343305e+00,2.113205268734068998e+00,2.112690936777989137e+00,2.102080077280038317e+00,2.090841942186057789e+00,2.082049457639758572e+00,2.075331280179667726e+00,2.065932072060019387e+00,2.058129951386495016e+00,2.052174619531403010e+00,2.046650339127193519e+00
1.775000000000000000e+01,3.664753786838288896e+00,2.746902902979585726e+00,2.247877848608894169e+00,2.131005380577066788e+00,2.113501696218683890e+00,2.114231842673321982e+00,2.113774666588146278e+00,2.102390077382035649e+00,2.090876204848963749e+00,2.082005669480385457e+00,2.075264631529005310e+00,2.065858822781337700e+00,2.058062897967536387e+00,2.052116395588271747e+00,2.046602321551117765e+00
1.800000000000000000e+01,3.651765848099836287e+00,2.702040920417612568e+00,2.227020331184005553e+00,2.125317323971774641e+00,2.113338616215413079e+00,2.115576572139219458e+00,2.114877123722168850e+00,2.102682676739518808e+00,2.090910795205874084e+00,2.081970091629850028e+00,2.075208484057602831e+00,2.065796109137467251e+00,2.058005003376977893e+00,2.052065879329584508e+00,2.046560453991967510e+00
1.825000000000000000e+01,3.637530077739151047e+00,2.658444624966030734e+00,2.208371739416921997e+00,2.120920990329577371e+00,2.113794605682722594e+00,2.117169397580687118e+00,2.115972404769725923e+00,2.102953472776026178e+00,2.090943960046599770e+00,2.081941022718891698e+00,2.075161125585669897e+00,2.065742409440811223e+00,2.057955018538470071e+00,2.052022062934415914e+00,2.046524041721720533e+00
1.850000000000000000e+01,3.622043938462997215e+00,2.616283261616209721e+00,2.191822060813143569e+00,2.117688529026571231e+00,2.114774926003832434e+00,2.118947804389919920e+00,2.117039601433679863e+00,2.103199774454049820e+00,2.090974568653997334e+00,2.081917122982111401e+00,2.075121138348564820e+00,2.065696423683822225e+00,2.057911876521304695e+00,2.051984032012991399e+00,2.046492281745738939e+00
1.875000000000000000e+01,3.605308617821547656e+00,2.575699486085571532e+00,2.177256589126028707e+00,2.115498523900387617e+00,2.116192594905343505e+00,2.120856421385462376e+00,2.118062272216518771e+00,2.103420259459717556e+00,2.091001968717774773e+00,2.081897354215075158e+00,2.075087338145639393e+00,2.065657033395146502e+00,2.057874616042741245e+00,2.051951026522336630e+00,2.046464525620201425e+00
1.900000000000000000e+01,3.587329502093485445e+00,2.536810282990884069e+00,2.164557868503817151e+00,2.114236183257364399e+00,2.117968119430101215e+00,2.122846613968893958e+00,2.119027932608390952e+00,2.103614687283390516e+00,2.091025862836488169e+00,2.081880892229000413e+00,2.075058739897908566e+00,2.065623288913656097e+00,2.057842442345353628e+00,2.051922371615671814e+00,2.046440442145243122e+00
1.925000000000000000e+01,3.568116614500568051e+00,2.499708236252987881e+00,2.153607324575393278e+00,2.113793427784489865e+00,2.120029209902896561e+00,2.124876073088002304e+00,2.119927568148090913e+00,2.103783640136378086e+00,2.091046207459557049e+00,2.081867101997834091e+00,2.075034529965554153e+00,2.065594367921926189e+00,2.057814646405232484e+00,2.051897493532120809e+00,2.046419381663877601e+00
1.950000000000000000e+01,3.547685006429537768e+00,2.464463059234155207e+00,2.144286617620845270e+00,2.114068897470306130e+00,2.122310479322546684e+00,2.126908402921510177e+00,2.120755172355259788e+00,2.103928311564297715e+00,2.091063136566058134e+00,2.081855482470270413e+00,2.075014015153151092e+00,2.065569594890579896e+00,2.057790642486148958e+00,2.051875889293811372e+00,2.046400921721006405e+00
1.975000000000000000e+01,3.526055090700045636e+00,2.431123303929031199e+00,2.136478751996632397e+00,2.114967895684427113e+00,2.124753133634501800e+00,2.128912707835255436e+00,2.121507312719863148e+00,2.104050318830875455e+00,2.091076898481968538e+00,2.081845644639231718e+00,2.074996625874929723e+00,2.065548356094081939e+00,2.057769899133228275e+00,2.051857107680956638e+00,2.046384946943182737e+00
2.000000000000000000e+01,3.503252906714904302e+00,2.399718180273450852e+00,2.130068974324256459e+00,2.116402283993985112e+00,2.127304654514239779e+00,2.130863181029121645e+00,2.122182725464095476e+00,2.104151557959706320e+00,2.091087813104762994e+00,2.081837276834651362e+00,2.074981874761754330e+00,2.065530147364035063e+00,2.057751957401263265e+00,2.051840802082942616e+00,2.046370931705334684e+00
2.025000000000000000e+01,3.479310308577391542e+00,2.370259427453402790e+00,2.124945490174644291e+00,2.118290339497316044e+00,2.129918478037534868e+00,2.132738695616189339e+00,2.122781942997693960e+00,2.104234077738293074e+00,2.091096228189622153e+00,2.081830134460747939e+00,2.074969364183590237e+00,2.065514539333004773e+00,2.057736472032074992e+00,2.051826622509911324e+00,2.046358629715409272e+00
2.050000000000000000e+01,3.454265068937691918e+00,2.342743189229511636e+00,2.121000026268542005e+00,2.120556583241953064e+00,2.132553669756531711e+00,2.134522401155113158e+00,2.123306952894160382e+00,2.104299985118127214e+00,2.091102502338115787e+00,2.081824023723051198e+00,2.074958745453503450e+00,2.065501153328411998e+00,2.057723070816932065e+00,2.051814272805640105e+00,2.046347960964432389e+00
2.075000000000000000e+01,3.428160893334907477e+00,2.317151854326511273e+00,2.118128261946089719e+00,2.123131587360639116e+00,2.135174598680017244e+00,2.136201326452152660e+00,2.123760890710854277e+00,2.104351366242287025e+00,2.091106979523654985e+00,2.081818784823518786e+00,2.074949732391720758e+00,2.065489674005017484e+00,2.057711471224141331e+00,2.051803555257678102e+00,2.046338588030611305e+00
2.100000000000000000e+01,3.401047342124408068e+00,2.293455831250509558e+00,2.116230150827619561e+00,2.125951766058582937e+00,2.137750609939994551e+00,2.137765991501008322e+00,2.124147764172464203e+00,2.104390232817211714e+00,2.091109985698373475e+00,2.081814289474834823e+00,2.074942082973426416e+00,2.065479820258904198e+00,2.057701449877462174e+00,2.051794214858195353e+00,2.046330351892067245e+00
2.125000000000000000e+01,3.372979659540465303e+00,2.271615234168041120e+00,2.115210150498132879e+00,2.128959155190307317e+00,2.140255698165351994e+00,2.139210029631219090e+00,2.124472211510560538e+00,2.104418479271023212e+00,2.091111809849929060e+00,2.081810428811516012e+00,2.074935589978604611e+00,2.065471373757196361e+00,2.057692767316617655e+00,2.051786057034309163e+00,2.046323174374885312e+00
2.150000000000000000e+01,3.344018511987176367e+00,2.251581463127188876e+00,2.114977375674282900e+00,2.132101183417522083e+00,2.142668181476044431e+00,2.140529823139413867e+00,2.124739289685748656e+00,2.104437855925566758e+00,2.091112711557017168e+00,2.081807118986662264e+00,2.074930078659295685e+00,2.065464119521068564e+00,2.057685249848487885e+00,2.051778984401249062e+00,2.046316863366985039e+00
2.175000000000000000e+01,3.314229640127952514e+00,2.233298667565431384e+00,2.115445687811008391e+00,2.135330437945154536e+00,2.144970378219325013e+00,2.141724153255708085e+00,2.124954293949282480e+00,2.104449950979051298e+00,2.091112912470641128e+00,2.081804279644881461e+00,2.074925397647950032e+00,2.065457888663235320e+00,2.057678735938695880e+00,2.051772799913654133e+00,2.046311316512883671e+00
2.200000000000000000e+01,3.283683431641018835e+00,2.216705087091534576e+00,2.116533732307270377e+00,2.138604426403109660e+00,2.147148286328568911e+00,2.142793867192650747e+00,2.125122603709774349e+00,2.104456183870052399e+00,2.091112602353131233e+00,2.081801849514302027e+00,2.074921428939995316e+00,2.065452540998692132e+00,2.057673092155747785e+00,2.051767375709261820e+00,2.046306449683587658e+00
2.225000000000000000e+01,3.252454423528484018e+00,2.201734267597145411e+00,2.118164932500074649e+00,2.141885336645350080e+00,2.149191267458609111e+00,2.143741562940066903e+00,2.125249556932546469e+00,2.104457803920054104e+00,2.091111935172763392e+00,2.081799771347890626e+00,2.074918057653436954e+00,2.065447943414541410e+00,2.057668196624170776e+00,2.051762682588929021e+00,2.046302148367855622e+00
2.250000000000000000e+01,3.220620744535151569e+00,2.188316154221298326e+00,2.120267448412182620e+00,2.145139795270939675e+00,2.151091736173129210e+00,2.144571294469538092e+00,2.125340346754058807e+00,2.104455893769981767e+00,2.091111037485513968e+00,2.081798000519278435e+00,2.074915196855410926e+00,2.065443992827740605e+00,2.057663936935432147e+00,2.051758557986663067e+00,2.046298384726542352e+00
2.275000000000000000e+01,3.188263509453648226e+00,2.176378065264937156e+00,2.122774106765672464e+00,2.148338626054367761e+00,2.152844856570671705e+00,2.145288297368717068e+00,2.125399941761579647e+00,2.104451378051660271e+00,2.091110009245797041e+00,2.081796492387357311e+00,2.074912766980826273e+00,2.065440589739312216e+00,2.057660252251208188e+00,2.051754923555322296e+00,2.046295052632946643e+00
2.300000000000000000e+01,3.155466177897342295e+00,2.165845553154939651e+00,2.125622307957307555e+00,2.151456608644395363e+00,2.154448246596520011e+00,2.145898736693991005e+00,2.125433023559455847e+00,2.104445033937917486e+00,2.091108927265445949e+00,2.081795211446265004e+00,2.074910705957953905e+00,2.065437667234717889e+00,2.057657040942594939e+00,2.051751780170458783e+00,2.046292068353972482e+00
2.325000000000000000e+01,3.122313890423151772e+00,2.156643159827561274e+00,2.128753914540296499e+00,2.154472238318319466e+00,2.155901692356073429e+00,2.146409476574322905e+00,2.125443944225399839e+00,2.104437504786600410e+00,2.091107848390561408e+00,2.081794126794057398e+00,2.074908954407519879e+00,2.065435146322983861e+00,2.057654236576752727e+00,2.051749001703214503e+00,2.046289491259058124e+00
2.350000000000000000e+01,3.088892794801189279e+00,2.148695074717351439e+00,2.132115125261557775e+00,2.157367487050259047e+00,2.157206872857458713e+00,2.146827873031479594e+00,2.125436696474816589e+00,2.104429311498776656e+00,2.091106813158824185e+00,2.081793210167346420e+00,2.074907464896708298e+00,2.065432970209409635e+00,2.057651808638116364e+00,2.051746543438542680e+00,2.046287176376113237e+00
2.375000000000000000e+01,3.055289374690437043e+00,2.141925703810491299e+00,2.135656337827970042e+00,2.160127566646514286e+00,2.158367097481299623e+00,2.147161588788916831e+00,2.125414898804399932e+00,2.104420868488874330e+00,2.091105850585853965e+00,2.081792437153146658e+00,2.074906200466217765e+00,2.065431096486797902e+00,2.057649681714080359e+00,2.051744408257868635e+00,2.046285060439410941e+00
2.400000000000000000e+01,3.021589792161530230e+00,2.136260158269553955e+00,2.139332003276956051e+00,2.162740694207438086e+00,2.159387056306576458e+00,2.147418430653116328e+00,2.125381788874603828e+00,2.104412495715147102e+00,2.091104976357298195e+00,2.081791785232510072e+00,2.074905123572960974e+00,2.065429474565563694e+00,2.057647822032030671e+00,2.051742511045814066e+00,2.046283276716613919e+00
2.425000000000000000e+01,2.987879254375167992e+00,2.131624670743421657e+00,2.143100474071236050e+00,2.165197860620497572e+00,2.160272585237905663e+00,2.147606207808198331e+00,2.125340228738727522e+00,2.104404434081734276e+00,2.091104199878400571e+00,2.081791239375237801e+00,2.074904207203552176e+00,2.065428073508372098e+00,2.057646197003142330e+00,2.051740825025835768e+00,2.046281638283339088e+00
2.450000000000000000e+01,2.954241413425255924e+00,2.127946947093272367e+00,2.146923847907201921e+00,2.167492602481914776e+00,2.161030445949275069e+00,2.147732611390931634e+00,2.125292714617815104e+00,2.104396854459357868e+00,2.091103522306063223e+00,2.081790780000510654e+00,2.074903423338293695e+00,2.065426855681590457e+00,2.057644771241213366e+00,2.051739349490922848e+00,2.046280126552056711e+00
2.475000000000000000e+01,2.920757806920192490e+00,2.125156460593126351e+00,2.150767808627470412e+00,2.169620778284655493e+00,2.161668122316992680e+00,2.147805113119717557e+00,2.125241394692934271e+00,2.104389872537089978e+00,2.091102943734760800e+00,2.081790395641676561e+00,2.074902757481654980e+00,2.065425803896446588e+00,2.057643520511316826e+00,2.051738030675658297e+00,2.046278845842890881e+00
2.500000000000000000e+01,2.887507345400863290e+00,2.123184695116626663e+00,2.154601465606183375e+00,2.171580349367828955e+00,2.162193632854718661e+00,2.147830882723381851e+00,2.125188088294318156e+00,2.104383556320501114e+00,2.091102456362345485e+00,2.081790072080904608e+00,2.074902185785803876e+00,2.065424886759697820e+00,2.057642412379351082e+00,2.051736853515991221e+00,2.046277659330478560e+00
2.525000000000000000e+01,2.854565851195430604e+00,2.121965343104317281e+00,2.158397192427379263e+00,2.173371166456462777e+00,2.162615360310168100e+00,2.147816721784014060e+00,2.125134311247959928e+00,2.104377938533931403e+00,2.091102053989544629e+00,2.081789802411362356e+00,2.074901695611677255e+00,2.065424084826331885e+00,2.057641444583306889e+00,2.051735810673077864e+00,2.046276560905949449e+00
2.550000000000000000e+01,2.822005651899587964e+00,2.121434463551793659e+00,2.162130465761985754e+00,2.174994762390209058e+00,2.162941897695330518e+00,2.147769013791658743e+00,2.125081300285417196e+00,2.104373020504751945e+00,2.091101726782882420e+00,2.081789574858664338e+00,2.074901274218474700e+00,2.065423388957738915e+00,2.057640583894360553e+00,2.051734872873445692e+00,2.046275608584152916e+00
2.575000000000000000e+01,2.789895230337279930e+00,2.121530604648912632e+00,2.165779704912441872e+00,2.176454151933825187e+00,2.163181911573598626e+00,2.147693687756227821e+00,2.125030040970989020e+00,2.104368783321617364e+00,2.091101467108904988e+00,2.081789383155382644e+00,2.074900911643270174e+00,2.065422776468682553e+00,2.057639810863524321e+00,2.051734032704981558e+00,2.046274725899624336e+00
2.600000000000000000e+01,2.758298931623078154e+00,2.122194895243894042e+00,2.169326112651933869e+00,2.177753639267183683e+00,2.163344021373915016e+00,2.147596194861307595e+00,2.124981293197370835e+00,2.104365190805622454e+00,2.091101264117826819e+00,2.081789221166407966e+00,2.074900597710532590e+00,2.065422240503293594e+00,2.057639139340287304e+00,2.051733274742676194e+00,2.046273910611516644e+00
2.625000000000000000e+01,2.727276726905571547e+00,2.123371108798244755e+00,2.172753517566792247e+00,2.178898633922414785e+00,2.163436695087577633e+00,2.147481495622864056e+00,2.124935619217298566e+00,2.104362197015885450e+00,2.091101109561606997e+00,2.081789083985057687e+00,2.074900323477158359e+00,2.065421765360421880e+00,2.057638531530209924e+00,2.051732591550746054e+00,2.046273177707816249e+00
2.650000000000000000e+01,2.696884032395728603e+00,2.125005703175470106e+00,2.176048218340150608e+00,2.179895475722460230e+00,2.163468159947273151e+00,2.147354057323270560e+00,2.124893408333439648e+00,2.104359747456525209e+00,2.091100995045980682e+00,2.081788966556110676e+00,2.074900086913245456e+00,2.065421349246136629e+00,2.057637984409387943e+00,2.051731973791940611e+00,2.046272498923122463e+00
2.675000000000000000e+01,2.667171581541726066e+00,2.127047839202604873e+00,2.179198830077719418e+00,2.180751269410164284e+00,2.163446328221812376e+00,2.147217859144197050e+00,2.124854902384603506e+00,2.104357785194238772e+00,2.091100913480107515e+00,2.081788864597001076e+00,2.074899877960300731e+00,2.065420978107883165e+00,2.057637497603090893e+00,2.051731404400170433e+00,2.046271880465647452e+00
2.700000000000000000e+01,2.638185347542446380e+00,2.129449380717478579e+00,2.182196133050206210e+00,2.181473729385158045e+00,2.163378736378346545e+00,2.147076404669297833e+00,2.124820217595710048e+00,2.104356251690276292e+00,2.091100857589576201e+00,2.081788777307465921e+00,2.074899694963816543e+00,2.065420644652992799e+00,2.057637054627553308e+00,2.051730893776206877e+00,2.046271307171312337e+00
2.725000000000000000e+01,2.609966512897680779e+00,2.132164878505836469e+00,2.185032923879493438e+00,2.182071034992422387e+00,2.163272497447172427e+00,2.146932739463810247e+00,2.124789367003113050e+00,2.104355090068170675e+00,2.091100821501008955e+00,2.081788699941311993e+00,2.074899531402756292e+00,2.065420351061781901e+00,2.057636656355408267e+00,2.051730422991636438e+00,2.046270754155181670e+00
2.750000000000000000e+01,2.582551482316268743e+00,2.135151540344350174e+00,2.187703869507492183e+00,2.182551696616959802e+00,2.163134264837132115e+00,2.146789473804284754e+00,2.124762279070124382e+00,2.104354245081304864e+00,2.091100801008943577e+00,2.081788631901260178e+00,2.074899387849935106e+00,2.065420084216877950e+00,2.057636289304301869e+00,2.051729979371007317e+00,2.046270275116540027e+00
2.775000000000000000e+01,2.555971935028157116e+00,2.138369189131434478e+00,2.190205363991373222e+00,2.182924432858349473e+00,2.162970207392913569e+00,2.146648808332257907e+00,2.124738815944116066e+00,2.104353665712320964e+00,2.091100791348417864e+00,2.081788569669432931e+00,2.074899258049500705e+00,2.065419844682276018e+00,2.057635959935321779e+00,2.051729585871680861e+00,2.046269812219973616e+00
2.800000000000000000e+01,2.530254912395609068e+00,2.141780210941659490e+00,2.192535388499183391e+00,2.183198058836033795e+00,2.162785993782389671e+00,2.146512562695250370e+00,2.124718788201027220e+00,2.104353305113534134e+00,2.091100789379856550e+00,2.081788515026454345e+00,2.074899140470058523e+00,2.065419625360288780e+00,2.057635655374733030e+00,2.051729214415588753e+00,2.046269342908521249e+00
2.825000000000000000e+01,2.505422936641629850e+00,2.145349494625679920e+00,2.194693374549677056e+00,2.183381385615458914e+00,2.162586785885445284e+00,2.146382205283222877e+00,2.124701969473687058e+00,2.104353121147010341e+00,2.091100791666227199e+00,2.081788463859624017e+00,2.074899034595032887e+00,2.065419428355226739e+00,2.057635366449400482e+00,2.051728855570042587e+00,2.046268964926461376e+00
2.850000000000000000e+01,2.481494156513799787e+00,2.149044364452374012e+00,2.196680070878863411e+00,2.183483130616477030e+00,2.162377239421501063e+00,2.146258884535543476e+00,2.124688107757145783e+00,2.104353076219209306e+00,2.091100797550283552e+00,2.081788416589628099e+00,2.074898937615425876e+00,2.065419246457213198e+00,2.057635113489137080e+00,2.051728542760567819e+00,2.046268579687831046e+00
2.875000000000000000e+01,2.458482515792323575e+00,2.152834507111817341e+00,2.198497414024978447e+00,2.183511838826201590e+00,2.162161511589168139e+00,2.146143460002666536e+00,2.124676936110202252e+00,2.104353137700793130e+00,2.091100803846776213e+00,2.081788372111280871e+00,2.074898848675125862e+00,2.065419076094625161e+00,2.057634871199980342e+00,2.051728239405447241e+00,2.046268177413682388e+00
2.900000000000000000e+01,2.436397940677552665e+00,2.156691894275440280e+00,2.200148403046157775e+00,2.183475814499125089e+00,2.161943273933870646e+00,2.146036533631042076e+00,2.124668180602377277e+00,2.104353277924018606e+00,2.091100810359244999e+00,2.081788330732007530e+00,2.074898764454408351e+00,2.065418923280748942e+00,2.057634641439029188e+00,2.051727938525188311e+00,2.046267863531775699e+00
2.925000000000000000e+01,2.415246542268745245e+00,2.160590701762320709e+00,2.201636978467262473e+00,2.183383062931911311e+00,2.161725730215851904e+00,2.145938479765974183e+00,2.124661568073793472e+00,2.104353473096892913e+00,2.091100815171783367e+00,2.081788290983104250e+00,2.074898689038582766e+00,2.065418778194981986e+00,2.057634433033315169e+00,2.051727682364643979e+00,2.046267534064736715e+00
2.950000000000000000e+01,2.395030830585628490e+00,2.164507226234837933e+00,2.202967905845480523e+00,2.183241241858831838e+00,2.161511637731036828e+00,2.145849474702783866e+00,2.124656831437562232e+00,2.104353703706148604e+00,2.091100819255176546e+00,2.081788252353402147e+00,2.074898616592514511e+00,2.065418643526877318e+00,2.057634232751837544e+00,2.051727426576634539e+00,2.046267194904019426e+00
2.975000000000000000e+01,2.375749936830712894e+00,2.168419800229788752e+00,2.204146664075261608e+00,2.183057621957439132e+00,2.161303332034121283e+00,2.145769524316813115e+00,2.124653714506333113e+00,2.104353953629544804e+00,2.091100820787521908e+00,2.081788215943661591e+00,2.074898548691912481e+00,2.065418515823046697e+00,2.057634045093116981e+00,2.051727169361950764e+00,2.046266913091681516e+00
3.000000000000000000e+01,2.357399840861693630e+00,2.172308706218344820e+00,2.205179338807678135e+00,2.182839055913742055e+00,2.161102753561706891e+00,2.145698490558996863e+00,2.124651974995247272e+00,2.104354210708828443e+00,2.091100820296838414e+00,2.081788180229699137e+00,2.074898483848786945e+00,2.065418397521545657e+00,2.057633865468107448e+00,2.051726950619019441e+00,2.046266624669799139e+00
3.025000000000000000e+01,2.339973601150971749e+00,2.176156090292696632e+00,2.206072521071377412e+00,2.182591955392751970e+00,2.160911476152805655e+00,2.145636115604971916e+00,2.124651387465420260e+00,2.104354464687311133e+00,2.091100817419504043e+00,2.081788145790736788e+00,2.074898423174840634e+00,2.065418284520810666e+00,2.057633697550962371e+00,2.051726728833277225e+00,2.046266334976395207e+00
3.050000000000000000e+01,2.323461584808626856e+00,2.179945875977901792e+00,2.206833211402563943e+00,2.182322275311696647e+00,2.160730736222292059e+00,2.145582044737776251e+00,2.124651744702071188e+00,2.104354708490415948e+00,2.091100812850092083e+00,2.081788111039095224e+00,2.074898364601238221e+00,2.065418174207267477e+00,2.057633536573146849e+00,2.051726506630789704e+00,2.046266074589913053e+00
3.075000000000000000e+01,2.307851695530807934e+00,2.183663678581085676e+00,2.207468729547130248e+00,2.182035504752475763e+00,2.160561462775635100e+00,2.145535846734406338e+00,2.124652858805029965e+00,2.104354936502433659e+00,2.091100806017915481e+00,2.081788078825309807e+00,2.074898307463818092e+00,2.065418073865764370e+00,2.057633376406525549e+00,2.051726311722084084e+00,2.046265817217920890e+00
3.100000000000000000e+01,2.293129597671862197e+00,2.187296720439384501e+00,2.207986629987037652e+00,2.181736663903050211e+00,2.160404307075578512e+00,2.145497032748257205e+00,2.124654561307069311e+00,2.104355145899420965e+00,2.091100797232372521e+00,2.081788046140051751e+00,2.074898253896841016e+00,2.065417974875794371e+00,2.057633233095745862e+00,2.051726114919596444e+00,2.046265567547661313e+00
3.125000000000000000e+01,2.279278934883174568e+00,2.190833747324609337e+00,2.208394623284576141e+00,2.181430306308723921e+00,2.160259672196391367e+00,2.145465072661239425e+00,2.124656703338754227e+00,2.104355333931269278e+00,2.091100787044568143e+00,2.081788014322476510e+00,2.074898201162889144e+00,2.065417880326855471e+00,2.057633090139771248e+00,2.051725919380098073e+00,2.046265329618465412e+00
3.150000000000000000e+01,2.266281542066107768e+00,2.194264946257827198e+00,2.208700503399708026e+00,2.181120525844354230e+00,2.160127741512727351e+00,2.145439410126378732e+00,2.124659154979096964e+00,2.104355500129309942e+00,2.091100775466733008e+00,2.081787982582984586e+00,2.074898150695551724e+00,2.065417788598014059e+00,2.057632947949890934e+00,2.051725741792043145e+00,2.046265088273400590e+00
3.175000000000000000e+01,2.254117649635149156e+00,2.197581864879913027e+00,2.208912080920319987e+00,2.180810967750320462e+00,2.160008506527446581e+00,2.145419475210780913e+00,2.124661804424729628e+00,2.104355644013896853e+00,2.091100762691001425e+00,2.081787952101112005e+00,2.074898100207825280e+00,2.065417701443464260e+00,2.057632818702339605e+00,2.051725563923013418e+00,2.046264871986527734e+00
3.200000000000000000e+01,2.242766079304316484e+00,2.200777332545384102e+00,2.209037122286984012e+00,2.180504843199390308e+00,2.159901793119879176e+00,2.145404695736086165e+00,2.124664556861181275e+00,2.104355766930556815e+00,2.091100748549594712e+00,2.081787921595183555e+00,2.074898053110462381e+00,2.065417616464964468e+00,2.057632688988569658e+00,2.051725389323897364e+00,2.046264654678501049e+00
3.225000000000000000e+01,2.232204430837045894e+00,2.203845383229917410e+00,2.209083294872193015e+00,2.180204946741307825e+00,2.159807286640745172e+00,2.145394506386524291e+00,2.124667333382945333e+00,2.104355869375245547e+00,2.091100734183135579e+00,2.081787891210337804e+00,2.074898005922506616e+00,2.065417531142667240e+00,2.057632563292558725e+00,2.051725224739231024e+00,2.046264421600394900e+00
3.250000000000000000e+01,2.222409259380001334e+00,2.206781180332384018e+00,2.209058117895824402e+00,2.179913676157531288e+00,2.159724555132533030e+00,2.145388356860784107e+00,2.124670069664397865e+00,2.104355953210498509e+00,2.091100718824279614e+00,2.081787861697997677e+00,2.074897959675313430e+00,2.065417453147040838e+00,2.057632441673990620e+00,2.051725061697199148e+00,2.046264233939877553e+00
3.275000000000000000e+01,2.213356243135984336e+00,2.209580943436371125e+00,2.208968918981591756e+00,2.179633054171872253e+00,2.159653071234197252e+00,2.145385718040854872e+00,2.124672714438760934e+00,2.104356019884804141e+00,2.091100703215582168e+00,2.081787832413817263e+00,2.074897914610798644e+00,2.065417374364305392e+00,2.057632323886684489e+00,2.051724904047661724e+00,2.046264033479628264e+00
3.300000000000000000e+01,2.205020341313659760e+00,2.212241877068699125e+00,2.208822796271002087e+00,2.179364751637965281e+00,2.159592232053072269e+00,2.145386087308418510e+00,2.124675228169586649e+00,2.104356071648659565e+00,2.091100686705116729e+00,2.081787803599012054e+00,2.074897870660969534e+00,2.065417297752252246e+00,2.057632209580284588e+00,2.051724749579768137e+00,2.046263805759975796e+00
3.325000000000000000e+01,2.197375942342676858e+00,2.214762101495342250e+00,2.208626585834666756e+00,2.179110111679843254e+00,2.159541377553600316e+00,2.145388992113007820e+00,2.124677581667357984e+00,2.104356109908565031e+00,2.091100670794584726e+00,2.081787774305658978e+00,2.074897827434601716e+00,2.065417222801812169e+00,2.057632093591061029e+00,2.051724599966251006e+00,2.046263643242733909e+00
3.350000000000000000e+01,2.190397002480509503e+00,2.217140585562890731e+00,2.208386834217775707e+00,2.178870174485078248e+00,2.159499806902040575e+00,2.145393993066957883e+00,2.124679754855257396e+00,2.104356136679001121e+00,2.091100654214659738e+00,2.081787746652113746e+00,2.074897783788733907e+00,2.065417150386965162e+00,2.057631987491739256e+00,2.051724454991183055e+00,2.046263456919739099e+00
3.375000000000000000e+01,2.184057174978811577e+00,2.219377081621327630e+00,2.208109775823953846e+00,2.178645702334752077e+00,2.159466793414203778e+00,2.145400685555447939e+00,2.124681735235541158e+00,2.104356153616499636e+00,2.091100637750836988e+00,2.081787718467388082e+00,2.074897742780782650e+00,2.065417079223125008e+00,2.057631880410640601e+00,2.051724308686700304e+00,2.046263252130681831e+00
3.400000000000000000e+01,2.178329930037132378e+00,2.221472062529719516e+00,2.207801314934920711e+00,2.178437204662855287e+00,2.159441597521055467e+00,2.145408700981251915e+00,2.124683516891040735e+00,2.104356162529244401e+00,2.091100621010103744e+00,2.081787690979775007e+00,2.074897701185988819e+00,2.065417006645071218e+00,2.057631770825355311e+00,2.051724171828722465e+00,2.046263092540171247e+00
3.425000000000000000e+01,2.173188665816187637e+00,2.223426660763113016e+00,2.207467012034272980e+00,2.178244962764937842e+00,2.159423478363252880e+00,2.145417706747030806e+00,2.124685099253684761e+00,2.104356164648064631e+00,2.091100604779007277e+00,2.081787663214990758e+00,2.074897660759704721e+00,2.065416940394484868e+00,2.057631672516823773e+00,2.051724036134909834e+00,2.046262918360773675e+00
3.450000000000000000e+01,2.168606810790734141e+00,2.225242609629205059e+00,2.207112074184165884e+00,2.178069054012495176e+00,2.159411703550548012e+00,2.145427406217305766e+00,2.124686486297344246e+00,2.104356161357597177e+00,2.091100588346483491e+00,2.081787636616715620e+00,2.074897620131033626e+00,2.065416872638291323e+00,2.057631571433077067e+00,2.051723896650435641e+00,2.046262734464028288e+00
3.475000000000000000e+01,2.164557917767760298e+00,2.226922186611142607e+00,2.206741349114939688e+00,2.177909375301287032e+00,2.159405557766581829e+00,2.145437537638961167e+00,2.124687685265188808e+00,2.104356153928161888e+00,2.091100571994129353e+00,2.081787609785608062e+00,2.074897581279541825e+00,2.065416806063498534e+00,2.057631471437601611e+00,2.051723770830949256e+00,2.046262576377360531e+00
3.500000000000000000e+01,2.161015749864124036e+00,2.228468158841734770e+00,2.206359322767735609e+00,2.177765665667982464e+00,2.159404349709491022e+00,2.145447873106789860e+00,2.124688706172507935e+00,2.104356143364324083e+00,2.091100555836006514e+00,2.081787583118410723e+00,2.074897542285782492e+00,2.065416740941836249e+00,2.057631375563500953e+00,2.051723643143559261e+00,2.046262412835933908e+00
3.525000000000000000e+01,2.157954358795806549e+00,2.229883730723676738e+00,2.205970119944392405e+00,2.177637527820551089e+00,2.159407417993330025e+00,2.145458216659993145e+00,2.124689560862755844e+00,2.104356130469514863e+00,2.091100539951110004e+00,2.081787556940141393e+00,2.074897503368185792e+00,2.065416677317291505e+00,2.057631280227785187e+00,2.051723509535758438e+00,2.046262248062082012e+00
3.550000000000000000e+01,2.155348155763855633e+00,2.231172493714236538e+00,2.205577507786129487e+00,2.177524448579903016e+00,2.159414135596204432e+00,2.145468402706105060e+00,2.124690262683628816e+00,2.104356115906395708e+00,2.091100524151921380e+00,2.081787531110709466e+00,2.074897465733922974e+00,2.065416614726662381e+00,2.057631188016887158e+00,2.051723393438623422e+00,2.046262093063273113e+00
3.575000000000000000e+01,2.153171975295688600e+00,2.232338378273330814e+00,2.205184901751526816e+00,2.177425818051825779e+00,2.159423913529411099e+00,2.145478293733536379e+00,2.124690825508823711e+00,2.104356100531732388e+00,2.091100508286533266e+00,2.081787505523995385e+00,2.074897428226245566e+00,2.065416550555528197e+00,2.057631094228130841e+00,2.051723272807312703e+00,2.046261936524341962e+00
3.600000000000000000e+01,2.151401132327530608e+00,2.233385607995850286e+00,2.204795373831527350e+00,2.177340947595044263e+00,2.159436203254752051e+00,2.145487778359459696e+00,2.124691263713568201e+00,2.104356084632981627e+00,2.091100492944342637e+00,2.081787479623637527e+00,2.074897391474353814e+00,2.065416491790227127e+00,2.057631006704322196e+00,2.051723144396321530e+00,2.046261789444035806e+00
3.625000000000000000e+01,2.150011472856852457e+00,2.234318655930616515e+00,2.204411662690025420e+00,2.177269086410929422e+00,2.159450498457759604e+00,2.145496768779683538e+00,2.124691591484233477e+00,2.104356068687419423e+00,2.091100477584112216e+00,2.081787454910556612e+00,2.074897353948682799e+00,2.065416431515004536e+00,2.057630918661838226e+00,2.051723036982298964e+00,2.046261643140517172e+00
3.650000000000000000e+01,2.148979418476658854e+00,2.235142203101840863e+00,2.204036185470726217e+00,2.177209436853565272e+00,2.159466335781383250e+00,2.145505198770468080e+00,2.124691822898702842e+00,2.104356052805906430e+00,2.091100462505788293e+00,2.081787429808636070e+00,2.074897318856350203e+00,2.065416371895298475e+00,2.057630826934266022e+00,2.051722922676307626e+00,2.046261486402045193e+00
3.675000000000000000e+01,2.148282005088396840e+00,2.235861099222596682e+00,2.203671050990892333e+00,2.177161168347361286e+00,2.159483295164998484e+00,2.145513021187666070e+00,2.124691971166006610e+00,2.104356037596569529e+00,2.091100447179998323e+00,2.081787405383943135e+00,2.074897283033027229e+00,2.065416313800579218e+00,2.057630746222733897e+00,2.051722801083245784e+00,2.046261355833984830e+00
3.700000000000000000e+01,2.147896916107349341e+00,2.236480325615690212e+00,2.203318074094661405e+00,2.177123430059832998e+00,2.159500999328619386e+00,2.145520205972626382e+00,2.124692048964520463e+00,2.104356022842320151e+00,2.091100432636173068e+00,2.081787380541961774e+00,2.074897247779393883e+00,2.065416256555039354e+00,2.057630661957725593e+00,2.051722699381607562e+00,2.046261217420567213e+00
3.725000000000000000e+01,2.147802510456210623e+00,2.237004960327273029e+00,2.202978790917872853e+00,2.177095362208504081e+00,2.159519112975119004e+00,2.145526737716887844e+00,2.124692067908555249e+00,2.104356008875082562e+00,2.091100417826187829e+00,2.081787356868903149e+00,2.074897212780975941e+00,2.065416200342394148e+00,2.057630577365934244e+00,2.051722590821015491e+00,2.046261060008737864e+00
3.750000000000000000e+01,2.147977845650823614e+00,2.237440145429636207e+00,2.202654474852020705e+00,2.177076106164435920e+00,2.159537341317327552e+00,2.145532613894877372e+00,2.124692038913569281e+00,2.104355995459397555e+00,2.091100403369136274e+00,2.081787332879510899e+00,2.074897178722688640e+00,2.065416142711694381e+00,2.057630497601325104e+00,2.051722477674617018e+00,2.046260944957332129e+00
3.775000000000000000e+01,2.148402696273147949e+00,2.237791056501594600e+00,2.202346152997696205e+00,2.177064813276415212e+00,2.159555428533336929e+00,2.145537842700592890e+00,2.124691971551007086e+00,2.104355983125930862e+00,2.091100388731788939e+00,2.081787309136091224e+00,2.074897144793860893e+00,2.065416089562544411e+00,2.057630416812046725e+00,2.051722378964080828e+00,2.046260813763099762e+00
3.800000000000000000e+01,2.149057568125422257e+00,2.238062874254546308e+00,2.202054622932752004e+00,2.177060652612729630e+00,2.159573155690947655e+00,2.145542441467226613e+00,2.124691874628757748e+00,2.104355971358843114e+00,2.091100374698865672e+00,2.081787285638626805e+00,2.074897110560738334e+00,2.065416035156851571e+00,2.057630338703708706e+00,2.051722275674513707e+00,2.046260664013854758e+00
3.825000000000000000e+01,2.149923708363675967e+00,2.238260758303255660e+00,2.201780469622140579e+00,2.177062817524937799e+00,2.159590338672804144e+00,2.145546434714659334e+00,2.124691755717614150e+00,2.104355960442767071e+00,2.091100360501710220e+00,2.081787262609150702e+00,2.074897077890067276e+00,2.065415981065553019e+00,2.057630259904724923e+00,2.051722170268666989e+00,2.046260554903682305e+00
3.850000000000000000e+01,2.150983111892377675e+00,2.238389823024458103e+00,2.201524082312454222e+00,2.177070531230961947e+00,2.159606825703647370e+00,2.145549852900944021e+00,2.124691621692488930e+00,2.104355950059681124e+00,2.091100346461709947e+00,2.081787239682042490e+00,2.074897044794430823e+00,2.065415928636039844e+00,2.057630184943444185e+00,2.051722074345471380e+00,2.046260430356927618e+00
3.875000000000000000e+01,2.152218524306683367e+00,2.238455115486414293e+00,2.201285671275362787e+00,2.177083051354140153e+00,2.159622495039560608e+00,2.145552730812985587e+00,2.124691478115660725e+00,2.104355940570083572e+00,2.091100332500035464e+00,2.081787216589348954e+00,2.074897012623683423e+00,2.065415876585307231e+00,2.057630110162568915e+00,2.051721975928017638e+00,2.046260294365637389e+00
3.900000000000000000e+01,2.153613441671780482e+00,2.238461595388538505e+00,2.201065284279880796e+00,2.177099673639523836e+00,2.159637252357277326e+00,2.145555106549314583e+00,2.124691329962338227e+00,2.104355931511407540e+00,2.091100318849127948e+00,2.081787194357524573e+00,2.074896979923025242e+00,2.065415825623234891e+00,2.057630032365187933e+00,2.051721877648414072e+00,2.046260184033757312e+00
3.925000000000000000e+01,2.155152107385017946e+00,2.238414116986601865e+00,2.200862822692419840e+00,2.177119734756749025e+00,2.159651028334090839e+00,2.145557020148845861e+00,2.124691181144089835e+00,2.104355923033747189e+00,2.091100305197516995e+00,2.081787171953386917e+00,2.074896948842095856e+00,2.065415773436002578e+00,2.057629963050948252e+00,2.051721784350171607e+00,2.046260065638000558e+00
3.950000000000000000e+01,2.156819506432310352e+00,2.238317412925945327e+00,2.200678057100020624e+00,2.177142614400657372e+00,2.159663776014231207e+00,2.145558512898952941e+00,2.124691035110810144e+00,2.104355914941329342e+00,2.091100291528866340e+00,2.081787150034443368e+00,2.074896917391415574e+00,2.065415724987092805e+00,2.057629891085283269e+00,2.051721690461409509e+00,2.046259942686328159e+00
3.975000000000000000e+01,2.158601357238082219e+00,2.238176079937737484e+00,2.200510642387368154e+00,2.177167736622265704e+00,2.159675468480730665e+00,2.145559626291676292e+00,2.124690894284541276e+00,2.104355907413282711e+00,2.091100278178033900e+00,2.081787127701177909e+00,2.074896886130960905e+00,2.065415675535511753e+00,2.057629817893130486e+00,2.051721598765481325e+00,2.046259830915424960e+00
4.000000000000000000e+01,2.160484101413326474e+00,2.237994566323184831e+00,2.200360132194663088e+00,2.177194570618702585e+00,2.159686096369285213e+00,2.145560401523403549e+00,2.124690760754745611e+00,2.104355900133739965e+00,2.091100264874624859e+00,2.081787106535548659e+00,2.074896855528850281e+00,2.065415626144303296e+00,2.057629750206864117e+00,2.051721507957802615e+00,2.046259718232775082e+00
4.025000000000000000e+01,2.162454891597753726e+00,2.237777161175907192e+00,2.200225992716764001e+00,2.177222630882724719e+00,2.159695665678550647e+00,2.145560878653897774e+00,2.124690635881421930e+00,2.104355893153467605e+00,2.091100251723480685e+00,2.081787085001650883e+00,2.074896825281000279e+00,2.065415578550919840e+00,2.057629680904784042e+00,2.051721419260834622e+00,2.046259607682877846e+00
4.050000000000000000e+01,2.164501577644367902e+00,2.237527985246151374e+00,2.200107615781246029e+00,2.177251476923759199e+00,2.159704195469601018e+00,2.145561096371025656e+00,2.124690520792810400e+00,2.104355886418843191e+00,2.091100238400232403e+00,2.081787063777990276e+00,2.074896795408707639e+00,2.065415530964542334e+00,2.057629613108103328e+00,2.051721332699228739e+00,2.046259500198786441e+00
4.075000000000000000e+01,2.166612691354689257e+00,2.237250983390253189e+00,2.200004331189144846e+00,2.177280712478650404e+00,2.159711715938888332e+00,2.145561091411040344e+00,2.124690415936874022e+00,2.104355879967798160e+00,2.091100225616291830e+00,2.081787042620818262e+00,2.074896764982931519e+00,2.065415484529705470e+00,2.057629545892956990e+00,2.051721244267054711e+00,2.046259386918605649e+00
4.100000000000000000e+01,2.168777429967721382e+00,2.236949918512540325e+00,2.199915418281544355e+00,2.177309984437961976e+00,2.159718266403258369e+00,2.145560898450909360e+00,2.124690321652284553e+00,2.104355873635499030e+00,2.091100212642373890e+00,2.081787022019268907e+00,2.074896736346686588e+00,2.065415437053353287e+00,2.057629480694248336e+00,2.051721161434286955e+00,2.046259288200733550e+00
4.125000000000000000e+01,2.170985638593535327e+00,2.236628366930403455e+00,2.199840116739519846e+00,2.177338981372242799e+00,2.159723893621263269e+00,2.145560549664137895e+00,2.124690237852703945e+00,2.104355867394452240e+00,2.091100199962759199e+00,2.081787001416263383e+00,2.074896707127482198e+00,2.065415392692541374e+00,2.057629416301248071e+00,2.051721078628690798e+00,2.046259185720269880e+00
4.150000000000000000e+01,2.173227791768625128e+00,2.236289715069057937e+00,2.199777636584611340e+00,2.177367431863554970e+00,2.159728650045247722e+00,2.145560074804326867e+00,2.124690164405719450e+00,2.104355861328174981e+00,2.091100187058586801e+00,2.081786980761663131e+00,2.074896678509828618e+00,2.065415347558449355e+00,2.057629349644898742e+00,2.051720992470611016e+00,2.046259070595429108e+00
4.175000000000000000e+01,2.175494974297797146e+00,2.235937157409546128e+00,2.199727167403489503e+00,2.177395102541411553e+00,2.159732592459970846e+00,2.145559500945285691e+00,2.124690100777693047e+00,2.104355855350155569e+00,2.091100174723416583e+00,2.081786960715412693e+00,2.074896649800501702e+00,2.065415302281200738e+00,2.057629289220275215e+00,2.051720915088464547e+00,2.046258983198642412e+00
4.200000000000000000e+01,2.177778861534554800e+00,2.235573695597177224e+00,2.199687886782729862e+00,2.177421796040861057e+00,2.159735780552727302e+00,2.145558852624062318e+00,2.124690046480986361e+00,2.104355849434541348e+00,2.091100162194920120e+00,2.081786940661471519e+00,2.074896622091799259e+00,2.065415258919703234e+00,2.057629227060369548e+00,2.051720835813121813e+00,2.046258885397779448e+00
4.225000000000000000e+01,2.180071699239470195e+00,2.235202138633900937e+00,2.199658967994887249e+00,2.177447348748368761e+00,2.159738275815445085e+00,2.145558151650338363e+00,2.124690000824919434e+00,2.104355843481632515e+00,2.091100149840992017e+00,2.081786920943257790e+00,2.074896594302368946e+00,2.065415215259297277e+00,2.057629163021938989e+00,2.051720751837726286e+00,2.046258769938045674e+00
4.250000000000000000e+01,2.182366283143676089e+00,2.234825104061688439e+00,2.199639586920766554e+00,2.177471628531042480e+00,2.159740140379057483e+00,2.145557417372449649e+00,2.124689963181555896e+00,2.104355837697328813e+00,2.091100137472690523e+00,2.081786900840009835e+00,2.074896566420235011e+00,2.065415172806478239e+00,2.057629105031423045e+00,2.051720679529228875e+00,2.046258691730276968e+00
4.275000000000000000e+01,2.184655938332964897e+00,2.234445020058665854e+00,2.199628928258190896e+00,2.177494532328474897e+00,2.159741436213502119e+00,2.145556666603563034e+00,2.124689932713284435e+00,2.104355831877903427e+00,2.091100125436632595e+00,2.081786881843528114e+00,2.074896539506861259e+00,2.065415129476734002e+00,2.057629045006805768e+00,2.051720603578097712e+00,2.046258598313485333e+00
4.300000000000000000e+01,2.186934498556420081e+00,2.234064128359321888e+00,2.199626191014952603e+00,2.177515983815195177e+00,2.159742224248354159e+00,2.145555913890883293e+00,2.124689908706245856e+00,2.104355826119845396e+00,2.091100113352023726e+00,2.081786862465664800e+00,2.074896512501580581e+00,2.065415088730444548e+00,2.057628985582937275e+00,2.051720521701490441e+00,2.046258492979182719e+00
4.325000000000000000e+01,2.189196285552934995e+00,2.233684487924115558e+00,2.199630593349105823e+00,2.177535930981449042e+00,2.159742563796366532e+00,2.145555171458772392e+00,2.124689890383054891e+00,2.104355820252568066e+00,2.091100101301573755e+00,2.081786843442721135e+00,2.074896486062155265e+00,2.065415047411832461e+00,2.057628927770365213e+00,2.051720454121607418e+00,2.046258412930276549e+00
4.350000000000000000e+01,2.191436088478611044e+00,2.233307979273585264e+00,2.199641376749043253e+00,2.177554343817584392e+00,2.159742511889167993e+00,2.145554449548826348e+00,2.124689877067222454e+00,2.104355814588436235e+00,2.091100089444950960e+00,2.081786824347601872e+00,2.074896459093634071e+00,2.065415005781462643e+00,2.057628870547136390e+00,2.051720381305379259e+00,2.046258323626672482e+00
4.375000000000000000e+01,2.193649143508169530e+00,2.232936309414080167e+00,2.199657809619556925e+00,2.177571211963356124e+00,2.159742122941173292e+00,2.145553756429625647e+00,2.124689867989419501e+00,2.104355808811548378e+00,2.091100077702899629e+00,2.081786805868502732e+00,2.074896433661686856e+00,2.065414966164371702e+00,2.057628814641903947e+00,2.051720302927710904e+00,2.046258228000876311e+00
4.400000000000000000e+01,2.195831113675001056e+00,2.232571017276786307e+00,2.199679190275025675e+00,2.177586542521313007e+00,2.159741448309413947e+00,2.145553098701392436e+00,2.124689862520334760e+00,2.104355803125163682e+00,2.091100066045176398e+00,2.081786787307033482e+00,2.074896407767726991e+00,2.065414925992010264e+00,2.057628757104112083e+00,2.051720238281448339e+00,2.046258146003594014e+00
4.425000000000000000e+01,2.197978069005665613e+00,2.232213479603776918e+00,2.199704849415068164e+00,2.177600357866069203e+00,2.159740536117231713e+00,2.145552481288240720e+00,2.124689860044159051e+00,2.104355797298831376e+00,2.091100054292295507e+00,2.081786768779769314e+00,2.074896382167135123e+00,2.065414887073693251e+00,2.057628703992762098e+00,2.051720168425361202e+00,2.046258060563921788e+00
4.450000000000000000e+01,2.200086466997219325e+00,2.231864917208914445e+00,2.199734152075226046e+00,2.177612693626607143e+00,2.159739430962635431e+00,2.145551907779625012e+00,2.124689860034708389e+00,2.104355791708967693e+00,2.091100042924347147e+00,2.081786750660872265e+00,2.074896356843331180e+00,2.065414847423434175e+00,2.057628649899431394e+00,2.051720094955327145e+00,2.046257974267653879e+00
4.475000000000000000e+01,2.202153133478444325e+00,2.231526401551262584e+00,2.199766499127063568e+00,2.177623596687683349e+00,2.159738173913308135e+00,2.145551380457423551e+00,2.124689861938278135e+00,2.104355785987569671e+00,2.091100031470367160e+00,2.081786732658713390e+00,2.074896332033982382e+00,2.065414809897466952e+00,2.057628593431822583e+00,2.051720031469037586e+00,2.046257892600316985e+00
4.500000000000000000e+01,2.204175243889744173e+00,2.231198861557115443e+00,2.199801328325562189e+00,2.177633123402761495e+00,2.159736802370292086e+00,2.145550900580182940e+00,2.124689865319091098e+00,2.104355780345610327e+00,2.091100020222691924e+00,2.081786714873210986e+00,2.074896307368976345e+00,2.065414771973813401e+00,2.057628543425301881e+00,2.051719964411189423e+00,2.046257808411191981e+00
4.525000000000000000e+01,2.206150305010514234e+00,2.230883090635906285e+00,2.199838114984987936e+00,2.177641337837866953e+00,2.159735350156811062e+00,2.145550468374669784e+00,2.124689869792921293e+00,2.104355774621212483e+00,2.091100008766802354e+00,2.081786696824723837e+00,2.074896282391956337e+00,2.065414733596677710e+00,2.057628491073552723e+00,2.051719895530395910e+00,2.046257731100061150e+00
4.550000000000000000e+01,2.208076137157495289e+00,2.230579753833869194e+00,2.199876372270517688e+00,2.177648310217613403e+00,2.159733847465573398e+00,2.145550083338715108e+00,2.124689875026750219e+00,2.104355769072214333e+00,2.091099997858881121e+00,2.081786679629312964e+00,2.074896258618755152e+00,2.065414697311878101e+00,2.057628438605749288e+00,2.051719833184117547e+00,2.046257652867858656e+00
4.575000000000000000e+01,2.209950856872749281e+00,2.230289395075658376e+00,2.199915651182724474e+00,2.177654115407896551e+00,2.159732321054961268e+00,2.145549744250477620e+00,2.124689880695990851e+00,2.104355763442428362e+00,2.091099986749460626e+00,2.081786662142020017e+00,2.074896234452777044e+00,2.065414660362958177e+00,2.057628388575479139e+00,2.051719768774100672e+00,2.046257566507386549e+00
4.600000000000000000e+01,2.211772860115781114e+00,2.230012444446103359e+00,2.199955540225647876e+00,2.177658831623262348e+00,2.159730794290700917e+00,2.145549449405858677e+00,2.124689886553633666e+00,2.104355757859625697e+00,2.091099975831713920e+00,2.081786645040012651e+00,2.074896210904131344e+00,2.065414624489890105e+00,2.057628337995866197e+00,2.051719704188157856e+00,2.046257497868805064e+00
4.625000000000000000e+01,2.213540805970293679e+00,2.229749225470409879e+00,2.199995664840701970e+00,2.177662539170019951e+00,2.159729287379821727e+00,2.145549196586451490e+00,2.124689892422597204e+00,2.104355752262135226e+00,2.091099964840336778e+00,2.081786627757630903e+00,2.074896187047209128e+00,2.065414588119971473e+00,2.057628289146755218e+00,2.051719642961888912e+00,2.046257422873469345e+00
4.650000000000000000e+01,2.215253600873008821e+00,2.229499962352987197e+00,2.200035686585682271e+00,2.177665319390947651e+00,2.159727817443170661e+00,2.145548983308618762e+00,2.124689898128545806e+00,2.104355746784442704e+00,2.091099954195563271e+00,2.081786611132081521e+00,2.074896164214370842e+00,2.065414553475725334e+00,2.057628239188625585e+00,2.051719581059578967e+00,2.046257334238935854e+00
4.675000000000000000e+01,2.216910383368717596e+00,2.229264787138073078e+00,2.200075302135026334e+00,2.177667253642944445e+00,2.159726398806101511e+00,2.145548806802647146e+00,2.124689903528254931e+00,2.104355741272463387e+00,2.091099943471710798e+00,2.081786594360695908e+00,2.074896141169007002e+00,2.065414518585494630e+00,2.057628192188971639e+00,2.051719520495885352e+00,2.046257273989699144e+00
4.700000000000000000e+01,2.218510509393134544e+00,2.229043746760155820e+00,2.200114242082708227e+00,2.177668422484799304e+00,2.159725043118932319e+00,2.145548664196847533e+00,2.124689908511328440e+00,2.104355735776491265e+00,2.091099932818874851e+00,2.081786577688678808e+00,2.074896118172545378e+00,2.065414483121871037e+00,2.057628144825363936e+00,2.051719460369479719e+00,2.046257202047163215e+00
4.725000000000000000e+01,2.220053538083254008e+00,2.228836809954909626e+00,2.200152269628653734e+00,2.177668904892695156e+00,2.159723759644701424e+00,2.145548552457459568e+00,2.124689913048603884e+00,2.104355730326730622e+00,2.091099922270133415e+00,2.081786561265366764e+00,2.074896095740419888e+00,2.065414449813951059e+00,2.057628095023480874e+00,2.051719401533146137e+00,2.046257118176476819e+00
4.750000000000000000e+01,2.221539218112416947e+00,2.228643874006139391e+00,2.200189179118153149e+00,2.177668777653191334e+00,2.159722555373001729e+00,2.145548468584484780e+00,2.124689917065759825e+00,2.104355724943534511e+00,2.091099911881424411e+00,2.081786545053713855e+00,2.074896073436364397e+00,2.065414415783120905e+00,2.057628051353856513e+00,2.051719344050009219e+00,2.046257058919445093e+00
4.775000000000000000e+01,2.222967474546023947e+00,2.228464771303669156e+00,2.200224794508036208e+00,2.177668114777258079e+00,2.159721435329948758e+00,2.145548409562151537e+00,2.124689920538527232e+00,2.104355719566789240e+00,2.091099901526799254e+00,2.081786528963295080e+00,2.074896051452636225e+00,2.065414382607607013e+00,2.057628005423393081e+00,2.051719285003263060e+00,2.046256989858517894e+00
4.800000000000000000e+01,2.224338396212111935e+00,2.228299275694364479e+00,2.200258967730602588e+00,2.177666987093207496e+00,2.159720402709266462e+00,2.145548372495267309e+00,2.124689923433834338e+00,2.104355714175311309e+00,2.091099891131342758e+00,2.081786512706006675e+00,2.074896028985044882e+00,2.065414349172251196e+00,2.057627958801438783e+00,2.051719229818944612e+00,2.046256913477880524e+00
4.825000000000000000e+01,2.225652223580086186e+00,2.228147108607684057e+00,2.200291577033655965e+00,2.177665461852181128e+00,2.159719459153927712e+00,2.145548354526260137e+00,2.124689925810961721e+00,2.104355708883895115e+00,2.091099881004379490e+00,2.081786497096631550e+00,2.074896007899549311e+00,2.065414317115018328e+00,2.057627915281154074e+00,2.051719174473593643e+00,2.046256852151868699e+00
4.850000000000000000e+01,2.226909337139596712e+00,2.228007944944642826e+00,2.200322525256359629e+00,2.177663602478499882e+00,2.159718604858356095e+00,2.145548352986560658e+00,2.124689927641478349e+00,2.104355703607720507e+00,2.091099870864423060e+00,2.081786481284255697e+00,2.074895986334359232e+00,2.065414284943883683e+00,2.057627870733214959e+00,2.051719116486221850e+00,2.046256785813131085e+00
4.875000000000000000e+01,2.228110246270923245e+00,2.227881418714678041e+00,2.200351738110727595e+00,2.177661468323115912e+00,2.159717838852126093e+00,2.145548365326543472e+00,2.124689928966760899e+00,2.104355698373537198e+00,2.091099860863331550e+00,2.081786465841776845e+00,2.074895965124663011e+00,2.065414252097632630e+00,2.057627827369355344e+00,2.051719064728145803e+00,2.046256716681094989e+00
4.900000000000000000e+01,2.229255578597411080e+00,2.227767128414483100e+00,2.200379162431905566e+00,2.177659114561038667e+00,2.159717159102597428e+00,2.145548389214470220e+00,2.124689929783836639e+00,2.104355693094281943e+00,2.091099850717606401e+00,2.081786450152248058e+00,2.074895943932834275e+00,2.065414221457289035e+00,2.057627783771559304e+00,2.051719011414134819e+00,2.046256653214690413e+00
4.925000000000000000e+01,2.230346069809920451e+00,2.227664642138877937e+00,2.200404764468697039e+00,2.177656592083013098e+00,2.159716562757863390e+00,2.145548422439922831e+00,2.124689930195414966e+00,2.104355687963048283e+00,2.091099840992656222e+00,2.081786435146516290e+00,2.074895923351685489e+00,2.065414190045497200e+00,2.057627741927483100e+00,2.051718954465844735e+00,2.046256589449457319e+00
4.950000000000000000e+01,2.231382553953081160e+00,2.227573502422897977e+00,2.200428528170700559e+00,2.177653947498876974e+00,2.159716046210387042e+00,2.145548463032097786e+00,2.124689930180706732e+00,2.104355682798005667e+00,2.091099831112253948e+00,2.081786419945231170e+00,2.074895902757320609e+00,2.065414159296470320e+00,2.057627700228825240e+00,2.051718905924090564e+00,2.046256527346245857e+00
4.975000000000000000e+01,2.232365954162340849e+00,2.227493230807410907e+00,2.200450453531197503e+00,2.177651223125280033e+00,2.159715605333196287e+00,2.145548509178894836e+00,2.124689929810421152e+00,2.104355677706422512e+00,2.091099821431522621e+00,2.081786404893384290e+00,2.074895882016384974e+00,2.065414128494169166e+00,2.057627656635242719e+00,2.051718854541625170e+00,2.046256466287187603e+00
5.000000000000000000e+01,2.233297273840943120e+00,2.227423332131229117e+00,2.200470554949259583e+00,2.177648457084484512e+00,2.159715235537515543e+00,2.145548559299498503e+00,2.124689929081646333e+00,2.104355672540512590e+00,2.091099811633352346e+00,2.081786389961986838e+00,2.074895862065843755e+00,2.065414098765844475e+00,2.057627617720447333e+00,2.051718798612149897e+00,2.046256400336065706e+00
5.025000000000000000e+01,2.234177588265576553e+00,2.227363298545946613e+00,2.200488859669454733e+00,2.177645683380517561e+00,2.159714931965207363e+00,2.145548611943655537e+00,2.124689928112782233e+00,2.104355667565882548e+00,2.091099802186286105e+00,2.081786375315285653e+00,2.074895841933850349e+00,2.065414069038986611e+00,2.057627577208540615e+00,2.051718753091376968e+00,2.046256345062163362e+00
5.050000000000000000e+01,2.235008036609462234e+00,2.227312613260974405e+00,2.200505406258115748e+00,2.177642932057120451e+00,2.159714689505851659e+00,2.145548665887118567e+00,2.124689926869182788e+00,2.104355662511941283e+00,2.091099792637218791e+00,2.081786360712995609e+00,2.074895822260907075e+00,2.065414038550581033e+00,2.057627535539651387e+00,2.051718703546802747e+00,2.046256286314608097e+00
5.075000000000000000e+01,2.235789814371293982e+00,2.227270754015880705e+00,2.200520243162871203e+00,2.177640229324669718e+00,2.159714502981023188e+00,2.145548720048587654e+00,2.124689925430689463e+00,2.104355657558289128e+00,2.091099783183465899e+00,2.081786346020490619e+00,2.074895802216571994e+00,2.065414010307393688e+00,2.057627497508212500e+00,2.051718649696505636e+00,2.046256218069069099e+00
5.100000000000000000e+01,2.236524166198845975e+00,2.227237196289787668e+00,2.200533427320921387e+00,2.177637597769784161e+00,2.159714367156217563e+00,2.145548773545324472e+00,2.124689923779508050e+00,2.104355652527685194e+00,2.091099773766048830e+00,2.081786331808696655e+00,2.074895783194284249e+00,2.065413981252748332e+00,2.057627458144752897e+00,2.051718605934238049e+00,2.046256169444076178e+00
5.125000000000000000e+01,2.237212379095602888e+00,2.227211416248035647e+00,2.200545022862746780e+00,2.177635056529551694e+00,2.159714276883392792e+00,2.145548825595409159e+00,2.124689922036234524e+00,2.104355647679331476e+00,2.091099764538514094e+00,2.081786317508197648e+00,2.074895763872873999e+00,2.065413952692202848e+00,2.057627419353575959e+00,2.051718558139580040e+00,2.046256112886587708e+00
5.150000000000000000e+01,2.237855775999337382e+00,2.227192893439205346e+00,2.200555099873267029e+00,2.177632621523140077e+00,2.159714227076756199e+00,2.145548875598649374e+00,2.124689920143579602e+00,2.104355642762216316e+00,2.091099755306853769e+00,2.081786303476611977e+00,2.074895744694583932e+00,2.065413924258963085e+00,2.057627381133239286e+00,2.051718507486571141e+00,2.046256044621135306e+00
5.175000000000000000e+01,2.238455709720975406e+00,2.227181113242566290e+00,2.200563733246499787e+00,2.177630305641748087e+00,2.159714212849650039e+00,2.145548923057492896e+00,2.124689918182155690e+00,2.104355637912390886e+00,2.091099746073212362e+00,2.081786289188955585e+00,2.074895725796300106e+00,2.065413896632700919e+00,2.057627343670616504e+00,2.051718464175068313e+00,2.046256000131454478e+00
5.200000000000000000e+01,2.239013557232849116e+00,2.227175569080281470e+00,2.200571001601810739e+00,2.177628118998788498e+00,2.159714229489265058e+00,2.145548967622300740e+00,2.124689916114759214e+00,2.104355633032991779e+00,2.091099737019101568e+00,2.081786275602120817e+00,2.074895707172693893e+00,2.065413869108990497e+00,2.057627306775653420e+00,2.051718418047646875e+00,2.046255945650322428e+00
5.225000000000000000e+01,2.239530714295008718e+00,2.227175764396525537e+00,2.200576986298490301e+00,2.177626069136953113e+00,2.159714272557441639e+00,2.145549009001483931e+00,2.124689914059906037e+00,2.104355628284864999e+00,2.091099728004505387e+00,2.081786261780861569e+00,2.074895688696430263e+00,2.065413840750258689e+00,2.057627268444920166e+00,2.051718370404231440e+00,2.046255883308241597e+00
5.250000000000000000e+01,2.240008590408767208e+00,2.227181214420218769e+00,2.200581770514255631e+00,2.177624161274330117e+00,2.159714337835227482e+00,2.145549047033230572e+00,2.124689911936870512e+00,2.104355623498910255e+00,2.091099719076994212e+00,2.081786248147781127e+00,2.074895669916471341e+00,2.065413814666941850e+00,2.057627233577531189e+00,2.051718327553134991e+00,2.046255836786060822e+00
5.275000000000000000e+01,2.240448604086378026e+00,2.227191447712985717e+00,2.200585438414864647e+00,2.177622398503070045e+00,2.159714421422867847e+00,2.145549081614073206e+00,2.124689909825664635e+00,2.104355618749516932e+00,2.091099710056717687e+00,2.081786234531580959e+00,2.074895652105646526e+00,2.065413787739368345e+00,2.057627197670409025e+00,2.051718283015128375e+00,2.046255784274764178e+00
5.300000000000000000e+01,2.240852178426348207e+00,2.227206007518879538e+00,2.200588074386181869e+00,2.177620782031938429e+00,2.159714519688189505e+00,2.145549112737993092e+00,2.124689907674115474e+00,2.104355614014569387e+00,2.091099701349464546e+00,2.081786221256562541e+00,2.074895633952325458e+00,2.065413761157719463e+00,2.057627160227686769e+00,2.051718238206063916e+00,2.046255727698714555e+00
5.325000000000000000e+01,2.241220736983547290e+00,2.227224452919123632e+00,2.200589762356946810e+00,2.177619311382781753e+00,2.159714629337251779e+00,2.145549140416816769e+00,2.124689905589443928e+00,2.104355609363449897e+00,2.091099692541334321e+00,2.081786207963900903e+00,2.074895616191343439e+00,2.065413734861680339e+00,2.057627126856087951e+00,2.051718195823288848e+00,2.046255679090247082e+00
5.350000000000000000e+01,2.241555699923847289e+00,2.227246359810076015e+00,2.200590585182301329e+00,2.177617984613142710e+00,2.159714747338692398e+00,2.145549164745873760e+00,2.124689903484906051e+00,2.104355604703334937e+00,2.091099683905372153e+00,2.081786194642695875e+00,2.074895598269277386e+00,2.065413709137547738e+00,2.057627091907904493e+00,2.051718152801464523e+00,2.046255628448836461e+00
5.375000000000000000e+01,2.241858480452823876e+00,2.227271321706403295e+00,2.200590624107708670e+00,2.177616798490217054e+00,2.159714870998490799e+00,2.145549185841805429e+00,2.124689901424840155e+00,2.104355600051180719e+00,2.091099675135493552e+00,2.081786181665062241e+00,2.074895581014712498e+00,2.065413683604779393e+00,2.057627057024330686e+00,2.051718110663001582e+00,2.046255577496073563e+00
5.400000000000000000e+01,2.242130481508416207e+00,2.227298950387081700e+00,2.200589958288400538e+00,2.177615748697417253e+00,2.159714997892912436e+00,2.145549203877572531e+00,2.124689899362807388e+00,2.104355595454520333e+00,2.091099666715919181e+00,2.081786168690756167e+00,2.074895563637924045e+00,2.065413657174543616e+00,2.057627023381054965e+00,2.051718068754944113e+00,2.046255528956951508e+00
5.425000000000000000e+01,2.242373092707508508e+00,2.227328876386882595e+00,2.200588664385777271e+00,2.177614829995852208e+00,2.159715125919995149e+00,2.145549219013771047e+00,2.124689897381667247e+00,2.104355590897517114e+00,2.091099658177810738e+00,2.081786155902455082e+00,2.074895546230894894e+00,2.065413633042306962e+00,2.057626989666893280e+00,2.051718027694126700e+00,2.046255477879992402e+00
5.450000000000000000e+01,2.242587687536564012e+00,2.227360749352548019e+00,2.200586816215527541e+00,2.177614036403580311e+00,2.159715253213831510e+00,2.145549231459625616e+00,2.124689895403610862e+00,2.104355586358426677e+00,2.091099649751525291e+00,2.081786142881925095e+00,2.074895529316016063e+00,2.065413608039083471e+00,2.057626956872284918e+00,2.051717987559320555e+00,2.046255432421463016e+00
5.475000000000000000e+01,2.242775620776668699e+00,2.227394238264604809e+00,2.200584484460835100e+00,2.177613361328460506e+00,2.159715378204166480e+00,2.145549241420118936e+00,2.124689893476504388e+00,2.104355581800711583e+00,2.091099641310411705e+00,2.081786130511924071e+00,2.074895512400934283e+00,2.065413583251293872e+00,2.057626923032269683e+00,2.051717946130972248e+00,2.046255385573521490e+00
5.500000000000000000e+01,2.242938226153314396e+00,2.227429031542365490e+00,2.200581736430281321e+00,2.177612797726359517e+00,2.159715499543090278e+00,2.145549249127699731e+00,2.124689891562524302e+00,2.104355577336764149e+00,2.091099633079014364e+00,2.081786117907203693e+00,2.074895495763517062e+00,2.065413558888207657e+00,2.057626891632523325e+00,2.051717907519911677e+00,2.046255332292676421e+00
5.525000000000000000e+01,2.243076814201586888e+00,2.227464837034420775e+00,2.200578635875987565e+00,2.177612338218051669e+00,2.159715616146150818e+00,2.145549254783978732e+00,2.124689889724236558e+00,2.104355572871303703e+00,2.091099624814610536e+00,2.081786105520774477e+00,2.074895478747903699e+00,2.065413534889549041e+00,2.057626859663960861e+00,2.051717868691687485e+00,2.046255292212472821e+00
5.550000000000000000e+01,2.243192670337544214e+00,2.227501381912317058e+00,2.200575242851741553e+00,2.177611975218869400e+00,2.159715727104475569e+00,2.145549258616406885e+00,2.124689887894682716e+00,2.104355568448902147e+00,2.091099616576779674e+00,2.081786093067249155e+00,2.074895462738569396e+00,2.065413511160448135e+00,2.057626825850483954e+00,2.051717827746833311e+00,2.046255246972934483e+00
5.575000000000000000e+01,2.243287053126777675e+00,2.227538412468429652e+00,2.200571613619645817e+00,2.177611701026732405e+00,2.159715831736811698e+00,2.145549260834076044e+00,2.124689886108711345e+00,2.104355563983097532e+00,2.091099608449924041e+00,2.081786080998662136e+00,2.074895446373559160e+00,2.065413486624370965e+00,2.057626796459940621e+00,2.051717791446914685e+00,2.046255191427123865e+00
5.600000000000000000e+01,2.243361192741029519e+00,2.227575693833695691e+00,2.200567800589078526e+00,2.177611507930719004e+00,2.159715929516454747e+00,2.145549261655928408e+00,2.124689884338764045e+00,2.104355559646760465e+00,2.091099600401036707e+00,2.081786068862089056e+00,2.074895430215702330e+00,2.065413464115487319e+00,2.057626765295717419e+00,2.051717753868379290e+00,2.046255156621861637e+00
5.625000000000000000e+01,2.243416289594352353e+00,2.227613009617258832e+00,2.200563852298934808e+00,2.177611388284177441e+00,2.159716020108267021e+00,2.145549261261950669e+00,2.124689882630491411e+00,2.104355555270526423e+00,2.091099592399277451e+00,2.081786056747019220e+00,2.074895414134478422e+00,2.065413440857524208e+00,2.057626733772464078e+00,2.051717713409660693e+00,2.046255112912831464e+00
5.650000000000000000e+01,2.243453513150243328e+00,2.227650161483297087e+00,2.200559813428064171e+00,2.177611334587709724e+00,2.159716103283900956e+00,2.145549259845293211e+00,2.124689880928908536e+00,2.104355550960795185e+00,2.091099584344100482e+00,2.081786044862309559e+00,2.074895398427247795e+00,2.065413417699782705e+00,2.057626704049165589e+00,2.051717679291031882e+00,2.046255061086151184e+00
5.675000000000000000e+01,2.243474000891122699e+00,2.227686968666235945e+00,2.200555724837861771e+00,2.177611339536395185e+00,2.159716178971163192e+00,2.145549257575589674e+00,2.124689879258363501e+00,2.104355546584571357e+00,2.091099576517854164e+00,2.081786033055569973e+00,2.074895382743660477e+00,2.065413395089231940e+00,2.057626673667863226e+00,2.051717642908407857e+00,2.046255025416359619e+00
5.700000000000000000e+01,2.243478857442218644e+00,2.227723267437219601e+00,2.200551623635897069e+00,2.177611396084730977e+00,2.159716247185259341e+00,2.145549254623497770e+00,2.124689877602349952e+00,2.104355542371119991e+00,2.091099568645923945e+00,2.081786021366360373e+00,2.074895366887499204e+00,2.065413372659517854e+00,2.057626644288729434e+00,2.051717602937498608e+00,2.046254983164491836e+00
5.725000000000000000e+01,2.243469153841667563e+00,2.227758910523775171e+00,2.200547543266983208e+00,2.177611497482720537e+00,2.159716308065468215e+00,2.145549251120012269e+00,2.124689875991958132e+00,2.104355538091286615e+00,2.091099560896271914e+00,2.081786009513001190e+00,2.074895351696224743e+00,2.065413350568394257e+00,2.057626614303916579e+00,2.051717570878477837e+00,2.046254936014247239e+00
5.750000000000000000e+01,2.243445926948937519e+00,2.227793766495137273e+00,2.200543513621959324e+00,2.177611637320037374e+00,2.159716361796215178e+00,2.145549247203760945e+00,2.124689874384513288e+00,2.104355533881088203e+00,2.091099553018158197e+00,2.081785998170576857e+00,2.074895336278538061e+00,2.065413327767350093e+00,2.057626585893086446e+00,2.051717535640891210e+00,2.046254898375245102e+00
5.775000000000000000e+01,2.243410178984056369e+00,2.227827719114412464e+00,2.200539561164386093e+00,2.177611809540945575e+00,2.159716408656612074e+00,2.145549242990775873e+00,2.124689872795473278e+00,2.104355529624463372e+00,2.091099545479566224e+00,2.081785986641885078e+00,2.074895321244933921e+00,2.065413306720309539e+00,2.057626557313489979e+00,2.051717496978790578e+00,2.046254857512464831e+00
5.800000000000000000e+01,2.243362877189925442e+00,2.227860666667524026e+00,2.200535709068701884e+00,2.177612008474933525e+00,2.159716448957848201e+00,2.145549238594878894e+00,2.124689871219392678e+00,2.104355525497175972e+00,2.091099537814073983e+00,2.081785975354967011e+00,2.074895305940083645e+00,2.065413285048943060e+00,2.057626527131545924e+00,2.051717466045039462e+00,2.046254814944930889e+00
5.825000000000000000e+01,2.243304953610633312e+00,2.227892521270783188e+00,2.200531977372271353e+00,2.177612228845085429e+00,2.159716483081242977e+00,2.145549234094048519e+00,2.124689869674432074e+00,2.104355521325005363e+00,2.091099530271666840e+00,2.081785963932524908e+00,2.074895291334837744e+00,2.065413263375878827e+00,2.057626500666045910e+00,2.051717431904344746e+00,2.046254775750555144e+00
5.850000000000000000e+01,2.243237304978488389e+00,2.227923208166627145e+00,2.200528383137121402e+00,2.177612465783481888e+00,2.159716511406266637e+00,2.145549229572696337e+00,2.124689868129888914e+00,2.104355517197358250e+00,2.091099522675452960e+00,2.081785952928931316e+00,2.074895276531511623e+00,2.065413242358049573e+00,2.057626472763844472e+00,2.051717395455365800e+00,2.046254735750062892e+00
5.875000000000000000e+01,2.243160792702906914e+00,2.227952665008440913e+00,2.200524940617789138e+00,2.177612714823539797e+00,2.159716534361271201e+00,2.145549225096744728e+00,2.124689866593281184e+00,2.104355513059811500e+00,2.091099515301979572e+00,2.081785941816398200e+00,2.074895261781437128e+00,2.065413221358275209e+00,2.057626444147312661e+00,2.051717364635462726e+00,2.046254697683645762e+00
5.900000000000000000e+01,2.243076242954547883e+00,2.227980841142088941e+00,2.200521661433264775e+00,2.177612971906455641e+00,2.159716552367365594e+00,2.145549220729769946e+00,2.124689865069815831e+00,2.104355509012779013e+00,2.091099507873590557e+00,2.081785930766203663e+00,2.074895247304657353e+00,2.065413200758104306e+00,2.057626417800590524e+00,2.051717331546063505e+00,2.046254659751031824e+00
5.925000000000000000e+01,2.242984446837894996e+00,2.228007696885105915e+00,2.200518554742625366e+00,2.177613233371542112e+00,2.159716565878300631e+00,2.145549216505441947e+00,2.124689863565711434e+00,2.104355504944749544e+00,2.091099500492994867e+00,2.081785919852435551e+00,2.074895232957468139e+00,2.065413179535708021e+00,2.057626390559719187e+00,2.051717297190442491e+00,2.046254617687247368e+00
5.950000000000000000e+01,2.242886160646197169e+00,2.228033202810970170e+00,2.200515627424166620e+00,2.177613495952639866e+00,2.159716575315230092e+00,2.145549212464547661e+00,2.124689862061596379e+00,2.104355500897657993e+00,2.091099493170032186e+00,2.081785909077445318e+00,2.074895218754913451e+00,2.065413159822175881e+00,2.057626363875749043e+00,2.051717266502875781e+00,2.046254584045178238e+00
5.975000000000000000e+01,2.242782106192612535e+00,2.228057339038936213e+00,2.200512884252017187e+00,2.177613756757180052e+00,2.159716581118557244e+00,2.145549208634788041e+00,2.124689860557646526e+00,2.104355496874915410e+00,2.091099485953443526e+00,2.081785898363199383e+00,2.074895204262467541e+00,2.065413139596482761e+00,2.057626337219280455e+00,2.051717234421563951e+00,2.046254547318416606e+00
6.000000000000000000e+01,2.242672971211431499e+00,2.228080094534556910e+00,2.200510328072053490e+00,2.177614013257454406e+00,2.159716583697801617e+00,2.145549205042475371e+00,2.124689859068990661e+00,2.104355492906211822e+00,2.091099478752922902e+00,2.081785887541453661e+00,2.074895190576072856e+00,2.065413119278753040e+00,2.057626311399407104e+00,2.051717202046768662e+00,2.046254503139210534e+00
6.025000000000000000e+01,2.242559409823952521e+00,2.228101466421725796e+00,2.200507959973692085e+00,2.177614263271656192e+00,2.159716583472857110e+00,2.145549201690347019e+00,2.124689857590622566e+00,2.104355488938924434e+00,2.091099471529253684e+00,2.081785877113493832e+00,2.074895176586362133e+00,2.065413099711709055e+00,2.057626285752223172e+00,2.051717171508246285e+00,2.046254473857225697e+00
6.050000000000000000e+01,2.242442043063221924e+00,2.228121459311112940e+00,2.200505779461791711e+00,2.177614504949497487e+00,2.159716580814684317e+00,2.145549198589444373e+00,2.124689856113735509e+00,2.104355484970406032e+00,2.091099464468148206e+00,2.081785866559181741e+00,2.074895162847821606e+00,2.065413080018048575e+00,2.057626258847340850e+00,2.051717140394030636e+00,2.046254438280368682e+00
6.075000000000000000e+01,2.242321459452523147e+00,2.228140084645403363e+00,2.200503784619846304e+00,2.177614736745578039e+00,2.159716576097608698e+00,2.145549195742984416e+00,2.124689854631478969e+00,2.104355481058365118e+00,2.091099457403763129e+00,2.081785856226308074e+00,2.074895149038458619e+00,2.065413060778064747e+00,2.057626234784893704e+00,2.051717109894289681e+00,2.046254394510373498e+00
6.100000000000000000e+01,2.242198215632374758e+00,2.228157360064334291e+00,2.200501972269926831e+00,2.177614957403020579e+00,2.159716569654276164e+00,2.145549193153728051e+00,2.124689853168189480e+00,2.104355477166092392e+00,2.091099450422291284e+00,2.081785845721333406e+00,2.074895135670839608e+00,2.065413040995279559e+00,2.057626209710210929e+00,2.051717079519895570e+00,2.046254366953794257e+00
6.125000000000000000e+01,2.242072837031185095e+00,2.228173308790112106e+00,2.200500338123300814e+00,2.177615165931723329e+00,2.159716561817412117e+00,2.145549190806645523e+00,2.124689851708195576e+00,2.104355473296267043e+00,2.091099443350816323e+00,2.081785835661351225e+00,2.074895122237378597e+00,2.065413022500818929e+00,2.057626183621895866e+00,2.051717049730033438e+00,2.046254332475466509e+00
6.150000000000000000e+01,2.241945818574908156e+00,2.228187959035864640e+00,2.200498876929794179e+00,2.177615361589450682e+00,2.159716552865440509e+00,2.145549188695767384e+00,2.124689850252449830e+00,2.104355469404403767e+00,2.091099436540759360e+00,2.081785825459057548e+00,2.074895108728672888e+00,2.065413003595308883e+00,2.057626160199276466e+00,2.051717020609714393e+00,2.046254292560421906e+00
6.175000000000000000e+01,2.241817625431044902e+00,2.228201343437900661e+00,2.200497582614335812e+00,2.177615543855248248e+00,2.159716543074419182e+00,2.145549186811849918e+00,2.124689848787391089e+00,2.104355465599145880e+00,2.091099429631655848e+00,2.081785815352578783e+00,2.074895095656823951e+00,2.065412984517486006e+00,2.057626135685195035e+00,2.051716990413016362e+00,2.046254263177892607e+00
6.200000000000000000e+01,2.241688693782975417e+00,2.228213498512412460e+00,2.200496448409995143e+00,2.177615712410616577e+00,2.159716532676927869e+00,2.145549185145477100e+00,2.124689847345793137e+00,2.104355461781442393e+00,2.091099422853208267e+00,2.081785805304207759e+00,2.074895082509953248e+00,2.065412966274837281e+00,2.057626111347948150e+00,2.051716962356854967e+00,2.046254229749040032e+00
6.225000000000000000e+01,2.241559431630153032e+00,2.228224464137459115e+00,2.200495466978027892e+00,2.177615867119468973e+00,2.159716521903596753e+00,2.145549183674283711e+00,2.124689845901881924e+00,2.104355458005920720e+00,2.091099415991168442e+00,2.081785795444364595e+00,2.074895069608625242e+00,2.065412947776782637e+00,2.057626087580101792e+00,2.051716934076030174e+00,2.046254193628391782e+00
6.250000000000000000e+01,2.241430219610601071e+00,2.228234283061015120e+00,2.200494630527281892e+00,2.177616008009179094e+00,2.159716510932535805e+00,2.145549182385002140e+00,2.124689844465633914e+00,2.104355454188793217e+00,2.091099409360087868e+00,2.081785785597964455e+00,2.074895056423331052e+00,2.065412929780325424e+00,2.057626064018148071e+00,2.051716904069253111e+00,2.046254162380834352e+00
6.275000000000000000e+01,2.241301411841773561e+00,2.228243000435903731e+00,2.200493930918448804e+00,2.177616135247350204e+00,2.159716499940158130e+00,2.145549181264612137e+00,2.124689843017065094e+00,2.104355450486584012e+00,2.091099402657414341e+00,2.081785775691469720e+00,2.074895043953772333e+00,2.065412911313177169e+00,2.057626040921592292e+00,2.051716877655771487e+00,2.046254129954990564e+00
6.300000000000000000e+01,2.241173336776442149e+00,2.228250663380725527e+00,2.200493359765587353e+00,2.177616249123931702e+00,2.159716489063086886e+00,2.145549180299534342e+00,2.124689841596723916e+00,2.104355446741612123e+00,2.091099396018471168e+00,2.081785766079932820e+00,2.074895031233129572e+00,2.065412893935536953e+00,2.057626016866809238e+00,2.051716850182232044e+00,2.046254097575127773e+00
6.325000000000000000e+01,2.241046298070136888e+00,2.228257320567725408e+00,2.200492908523102642e+00,2.177616350035659565e+00,2.159716478438666876e+00,2.145549179467026057e+00,2.124689840169286192e+00,2.104355443057376984e+00,2.091099389395298047e+00,2.081785756413419897e+00,2.074895018626653265e+00,2.065412876238125417e+00,2.057625994900595057e+00,2.051716820376334294e+00,2.046254066455289955e+00
6.350000000000000000e+01,2.240920575457077568e+00,2.228263021836810687e+00,2.200492568573293450e+00,2.177616438469269777e+00,2.159716468157380387e+00,2.145549178752778285e+00,2.124689838753039961e+00,2.104355439320944487e+00,2.091099382899616277e+00,2.081785746908275669e+00,2.074895006130499819e+00,2.065412858297039023e+00,2.057625972289342187e+00,2.051716795519769043e+00,2.046254032954163193e+00
6.375000000000000000e+01,2.240796425631725874e+00,2.228267817836787401e+00,2.200492331298128157e+00,2.177616514983620633e+00,2.159716458311947029e+00,2.145549178145299329e+00,2.124689837321946495e+00,2.104355435710381084e+00,2.091099376395615828e+00,2.081785737222395127e+00,2.074894993858102055e+00,2.065412841265890975e+00,2.057625948411417660e+00,2.051716768822833714e+00,2.046254004268369453e+00
6.400000000000000000e+01,2.240674083132938144e+00,2.228271759691831999e+00,2.200492188149797190e+00,2.177616580194416063e+00,2.159716448961522151e+00,2.145549177631548954e+00,2.124689835923760484e+00,2.104355432050903918e+00,2.091099369892051030e+00,2.081785728001540825e+00,2.074894981631471680e+00,2.065412823867606384e+00,2.057625927533696331e+00,2.051716739227617659e+00,2.046253974067242076e+00
6.425000000000000000e+01,2.240553761228455176e+00,2.228274898693850758e+00,2.200492130706172222e+00,2.177616634764253600e+00,2.159716440170698082e+00,2.145549177192211499e+00,2.124689834514103648e+00,2.104355428440491504e+00,2.091099363498166941e+00,2.081785718611108393e+00,2.074894969221800167e+00,2.065412807007300788e+00,2.057625905399111943e+00,2.051716715847169858e+00,2.046253938614008394e+00
6.450000000000000000e+01,2.240435652797031274e+00,2.228277286019435977e+00,2.200492150729086660e+00,2.177616679388930443e+00,2.159716431964194605e+00,2.145549176815183756e+00,2.124689833119080884e+00,2.104355424803828978e+00,2.091099357133933356e+00,2.081785709344047053e+00,2.074894957385566396e+00,2.065412789744953681e+00,2.057625883115509868e+00,2.051716689897656654e+00,2.046253913582341433e+00
6.475000000000000000e+01,2.240319931206049553e+00,2.228278972472151231e+00,2.200492240206513017e+00,2.177616714785666208e+00,2.159716424373942179e+00,2.145549176493071197e+00,2.124689831706813248e+00,2.104355421260576620e+00,2.091099350821225666e+00,2.081785700069530787e+00,2.074894945326573037e+00,2.065412773392491186e+00,2.057625861866934969e+00,2.051716661162778177e+00,2.046253884260514244e+00
6.500000000000000000e+01,2.240206751182542089e+00,2.228280008247523813e+00,2.200492391396192460e+00,2.177616741680683976e+00,2.159716417404959898e+00,2.145549176215449272e+00,2.124689830331861540e+00,2.104355417688414942e+00,2.091099344449039776e+00,2.081785691024354179e+00,2.074894933549045195e+00,2.065412756802883276e+00,2.057625840282488738e+00,2.051716638541297932e+00,2.046253846808144150e+00
6.525000000000000000e+01,2.240096249675689766e+00,2.228280442721748411e+00,2.200492596853760308e+00,2.177616760804970131e+00,2.159716411072596376e+00,2.145549175967898847e+00,2.124689828941300096e+00,2.104355414145459235e+00,2.091099338275403952e+00,2.081785681953061129e+00,2.074894921592749242e+00,2.065412739905989170e+00,2.057625819415299873e+00,2.051716613311410864e+00,2.046253825397271964e+00
6.550000000000000000e+01,2.239988546708875816e+00,2.228280324261451284e+00,2.200492849466468392e+00,2.177616772883954166e+00,2.159716405359139113e+00,2.145549175741604309e+00,2.124689827568510214e+00,2.104355410605158294e+00,2.091099332038761638e+00,2.081785672861565573e+00,2.074894910124228442e+00,2.065412723985323051e+00,2.057625797851189819e+00,2.051716586182518398e+00,2.046253796917326895e+00
6.575000000000000000e+01,2.239883746219896388e+00,2.228279700056179369e+00,2.200493142471112051e+00,2.177616778631080052e+00,2.159716400258559155e+00,2.145549175533913999e+00,2.124689826176190621e+00,2.104355407127604494e+00,2.091099325910288353e+00,2.081785663981214451e+00,2.074894898524561437e+00,2.065412707664058711e+00,2.057625777722461358e+00,2.051716563510241009e+00,2.046253762665243503e+00
6.600000000000000000e+01,2.239781936887550895e+00,2.228278615969876419e+00,2.200493469475907293e+00,2.177616778738317382e+00,2.159716395743849215e+00,2.145549175337339687e+00,2.124689824825207740e+00,2.104355403640024935e+00,2.091099319689066593e+00,2.081785655105867772e+00,2.074894886922934667e+00,2.065412691780403875e+00,2.057625757267697697e+00,2.051716538973476833e+00,2.046253739598992816e+00
6.625000000000000000e+01,2.239683192943558332e+00,2.228277116412794356e+00,2.200493824467023796e+00,2.177616773876866141e+00,2.159716391802411817e+00,2.145549175142313469e+00,2.124689823454598780e+00,2.104355400162861489e+00,2.091099313703621121e+00,2.081785646340990059e+00,2.074894875584880172e+00,2.065412675623552907e+00,2.057625735438648906e+00,2.051716513369473027e+00,2.046253711925380969e+00
6.650000000000000000e+01,2.239587574968229688e+00,2.228275244230514485e+00,2.200494201823695928e+00,2.177616764689531692e+00,2.159716388394164799e+00,2.145549174943153226e+00,2.124689822104615544e+00,2.104355396715644755e+00,2.091099307633884852e+00,2.081785637419192092e+00,2.074894864285412588e+00,2.065412660213979734e+00,2.057625716679012395e+00,2.051716490666514847e+00,2.046253680856991330e+00
6.675000000000000000e+01,2.239495130669135303e+00,2.228273040612228861e+00,2.200494596317510432e+00,2.177616751789094085e+00,2.159716385494172552e+00,2.145549174741385290e+00,2.124689820734614099e+00,2.104355393302217880e+00,2.091099301639907981e+00,2.081785628916720476e+00,2.074894853126331373e+00,2.065412644642127482e+00,2.057625696630589029e+00,2.051716466797593341e+00,2.046253656078602656e+00
6.700000000000000000e+01,2.239405895641576993e+00,2.228270545013839588e+00,2.200495003118585924e+00,2.177616735750828258e+00,2.159716383061070388e+00,2.145549174531945269e+00,2.124689819406054614e+00,2.104355389896563899e+00,2.091099295628571664e+00,2.081785620252843749e+00,2.074894841693440295e+00,2.065412628706271736e+00,2.057625676152659011e+00,2.051716442641907889e+00,2.046253629177494204e+00
6.725000000000000000e+01,2.239319894110011422e+00,2.228267795097919279e+00,2.200495417786526353e+00,2.177616717117262901e+00,2.159716381070716285e+00,2.145549174309316243e+00,2.124689818058436597e+00,2.104355386483616641e+00,2.091099289760454560e+00,2.081785611735056829e+00,2.074894830948469604e+00,2.065412613805431175e+00,2.057625657111249673e+00,2.051716419926818968e+00,2.046253601259250932e+00
6.750000000000000000e+01,2.239237139649834951e+00,2.228264826686504385e+00,2.200495836272461592e+00,2.177616696392509876e+00,2.159716379475698833e+00,2.145549174070022769e+00,2.124689816728718927e+00,2.104355383126360390e+00,2.091099283864824798e+00,2.081785603154738151e+00,2.074894819932205703e+00,2.065412598474531514e+00,2.057625637462841883e+00,2.051716396701655398e+00,2.046253575434738181e+00
6.775000000000000000e+01,2.239157635888652464e+00,2.228261673729490244e+00,2.200496254905727866e+00,2.177616674044318579e+00,2.159716378245787549e+00,2.145549173818900091e+00,2.124689815383862701e+00,2.104355379775485257e+00,2.091099277988130112e+00,2.081785594837292752e+00,2.074894809074962598e+00,2.065412583490348286e+00,2.057625618357022290e+00,2.051716373921927072e+00,2.046253548571256520e+00
6.800000000000000000e+01,2.239081377186694422e+00,2.228258368283761559e+00,2.200496670389825216e+00,2.177616650497711692e+00,2.159716377337592697e+00,2.145549173552336431e+00,2.124689814074888883e+00,2.104355376449241088e+00,2.091099272178625235e+00,2.081785586460540127e+00,2.074894798205299207e+00,2.065412568349783484e+00,2.057625598979200721e+00,2.051716351211814615e+00,2.046253523774891558e+00
6.825000000000000000e+01,2.239008349295844358e+00,2.228254940505402626e+00,2.200497079783229726e+00,2.177616626143017431e+00,2.159716376726334097e+00,2.145549173267778720e+00,2.124689812750403917e+00,2.104355373098925952e+00,2.091099266424512937e+00,2.081785578097284262e+00,2.074894787628230652e+00,2.065412553809003349e+00,2.057625580468541937e+00,2.051716328920700327e+00,2.046253498661418035e+00
6.850000000000000000e+01,2.238938529996827409e+00,2.228251418650781357e+00,2.200497480493619484e+00,2.177616601331017421e+00,2.159716376366900725e+00,2.145549172963097551e+00,2.124689811440523268e+00,2.104355369828645461e+00,2.091099260696733353e+00,2.081785569873827679e+00,2.074894777022644465e+00,2.065412539173962614e+00,2.057625561909953049e+00,2.051716307135254436e+00,2.046253470008656539e+00
6.875000000000000000e+01,2.238871889714526553e+00,2.228247829089671228e+00,2.200497870257112965e+00,2.177616576377797042e+00,2.159716376232207136e+00,2.145549172645307312e+00,2.124689810120352185e+00,2.104355366538835259e+00,2.091099254933959983e+00,2.081785561705964405e+00,2.074894766316305983e+00,2.065412524124236260e+00,2.057625542243900707e+00,2.051716284445891603e+00,2.046253448311140755e+00
6.900000000000000000e+01,2.238808392110994916e+00,2.228244196325111393e+00,2.200498247128500395e+00,2.177616551558803515e+00,2.159716376283971506e+00,2.145549172311359776e+00,2.124689808830777515e+00,2.104355363289563741e+00,2.091099249318639330e+00,2.081785553605267403e+00,2.074894756003606400e+00,2.065412510161653614e+00,2.057625524988878851e+00,2.051716263435079846e+00,2.046253423879767830e+00
6.925000000000000000e+01,2.238747994656120177e+00,2.228240543023244147e+00,2.200498609456927657e+00,2.177616527118983569e+00,2.159716376502943902e+00,2.145549171960727364e+00,2.124689807528991725e+00,2.104355360000351283e+00,2.091099243675262009e+00,2.081785545391474646e+00,2.074894745571586707e+00,2.065412495743103705e+00,2.057625506777418511e+00,2.051716242211003571e+00,2.046253393395904396e+00
6.950000000000000000e+01,2.238690649176010794e+00,2.228236890047971652e+00,2.200498955876077023e+00,2.177616503268144488e+00,2.159716376851298136e+00,2.145549171591700777e+00,2.124689806238614587e+00,2.104355356814195499e+00,2.091099238109394243e+00,2.081785537510655981e+00,2.074894735360539144e+00,2.065412481588801974e+00,2.057625487894140459e+00,2.051716219556938281e+00,2.046253374779302803e+00
6.975000000000000000e+01,2.238636302378920639e+00,2.228233256504793314e+00,2.200499285280634876e+00,2.177616480187821946e+00,2.159716377309165658e+00,2.145549171212661754e+00,2.124689804942546445e+00,2.104355353586070176e+00,2.091099232457277246e+00,2.081785529499060594e+00,2.074894724931729328e+00,2.065412467384196926e+00,2.057625470794661737e+00,2.051716199763371939e+00,2.046253351002448095e+00
7.000000000000000000e+01,2.238584896359011367e+00,2.228229659787813510e+00,2.200499596813760839e+00,2.177616458024873136e+00,2.159716377846558011e+00,2.145549170820416407e+00,2.124689803671996557e+00,2.104355350409331304e+00,2.091099227028854646e+00,2.081785521652322668e+00,2.074894715021473601e+00,2.065412453645374402e+00,2.057625452925972098e+00,2.051716179081576108e+00,2.046253321259424940e+00
7.025000000000000000e+01,2.238536369077842814e+00,2.228226115633801019e+00,2.200499889842148171e+00,2.177616436903122565e+00,2.159716378452143815e+00,2.145549170415654405e+00,2.124689802392362825e+00,2.104355347195142389e+00,2.091099221513727624e+00,2.081785513696635004e+00,2.074894704932175760e+00,2.065412439874120043e+00,2.057625435304069050e+00,2.051716156476192321e+00,2.046253303094446085e+00
7.050000000000000000e+01,2.238490654824037307e+00,2.228222638178006143e+00,2.200500163944493437e+00,2.177616416918391362e+00,2.159716379096999095e+00,2.145549169996538552e+00,2.124689801121100619e+00,2.104355344074968492e+00,2.091099216083422974e+00,2.081785506031413213e+00,2.074894694896759706e+00,2.065412425642904282e+00,2.057625417853393035e+00,2.051716137840172927e+00,2.046253279945835946e+00
7.075000000000000000e+01,2.238447684651186709e+00,2.228219240016281244e+00,2.200500418888681420e+00,2.177616398146488663e+00,2.159716379769466066e+00,2.145549169572176229e+00,2.124689799848451077e+00,2.104355340920575301e+00,2.091099210609445258e+00,2.081785498278980295e+00,2.074894684991602567e+00,2.065412412545079235e+00,2.057625400773624769e+00,2.051716117682387264e+00,2.046253252904991271e+00
7.100000000000000000e+01,2.238407386794292186e+00,2.228215932267846977e+00,2.200500654618978480e+00,2.177616380636124394e+00,2.159716380448281292e+00,2.145549169138747381e+00,2.124689798596500090e+00,2.104355337800641657e+00,2.091099205290346763e+00,2.081785490568594188e+00,2.074894675211157669e+00,2.065412398968450081e+00,2.057625383889300164e+00,2.051716095138007123e+00,2.046253233175246322e+00
7.125000000000000000e+01,2.238369687065202562e+00,2.228212724642372855e+00,2.200500871232970113e+00,2.177616364421410378e+00,2.159716381129897833e+00,2.145549168697681974e+00,2.124689797338412678e+00,2.104355334667983080e+00,2.091099199928510899e+00,2.081785482937058340e+00,2.074894665490436108e+00,2.065412385581176125e+00,2.057625366133208011e+00,2.051716077603042088e+00,2.046253210629779939e+00
7.150000000000000000e+01,2.238334509227219993e+00,2.228209625506559988e+00,2.200501068970492913e+00,2.177616349516044103e+00,2.159716381793779671e+00,2.145549168246623228e+00,2.124689796085823090e+00,2.104355331603215085e+00,2.091099194600248623e+00,2.081785475403894470e+00,2.074894655584557768e+00,2.065412372240031047e+00,2.057625350209628223e+00,2.051716057951760153e+00,2.046253186271211000e+00
7.175000000000000000e+01,2.238301775349359701e+00,2.228206641954630474e+00,2.200501248193470705e+00,2.177616335922218038e+00,2.159716382435639126e+00,2.145549167795043566e+00,2.124689794835915801e+00,2.104355328520361557e+00,2.091099189304792993e+00,2.081785467900924225e+00,2.074894646183138569e+00,2.065412359242705165e+00,2.057625333622300268e+00,2.051716035992221965e+00,2.046253164943660163e+00
7.200000000000000000e+01,2.238271406140812658e+00,2.228203779877552027e+00,2.200501409374634676e+00,2.177616323622333372e+00,2.159716383041676568e+00,2.145549167338250296e+00,2.124689793602171139e+00,2.104355325455882220e+00,2.091099184084958207e+00,2.081785460322509440e+00,2.074894636576023021e+00,2.065412346269292598e+00,2.057625316153152806e+00,2.051716018992276513e+00,2.046253142977368267e+00
7.225000000000000000e+01,2.238243321265737773e+00,2.228201044034280986e+00,2.200501553077638395e+00,2.177616312592061565e+00,2.159716383614770585e+00,2.145549166878153002e+00,2.124689792365055396e+00,2.104355322402123196e+00,2.091099178871107078e+00,2.081785453002601649e+00,2.074894627161099514e+00,2.065412332795406591e+00,2.057625300769043708e+00,2.051715999830753034e+00,2.046253121285340093e+00
7.250000000000000000e+01,2.238217439639248685e+00,2.228198438121161473e+00,2.200501679947912237e+00,2.177616302793607961e+00,2.159716384141109558e+00,2.145549166411700348e+00,2.124689791130725425e+00,2.104355319391451040e+00,2.091099173642049891e+00,2.081785445597282624e+00,2.074894617640466343e+00,2.065412320495896292e+00,2.057625284475920857e+00,2.051715979081472963e+00,2.046253100196853136e+00
7.275000000000000000e+01,2.238193679704727046e+00,2.228195964843042720e+00,2.200501790696139270e+00,2.177616294184973267e+00,2.159716384621973351e+00,2.145549165948554382e+00,2.124689789902932446e+00,2.104355316378015317e+00,2.091099168518614437e+00,2.081785438334544658e+00,2.074894608462888979e+00,2.065412307697496175e+00,2.057625268170776511e+00,2.051715961950860034e+00,2.046253076914727131e+00
7.300000000000000000e+01,2.238171959693294966e+00,2.228193625981981452e+00,2.200501886089343717e+00,2.177616286710599702e+00,2.159716385049185838e+00,2.145549165483065401e+00,2.124689788686988656e+00,2.104355313367661573e+00,2.091099163395285565e+00,2.081785430942576731e+00,2.074894599200562961e+00,2.065412295020308431e+00,2.057625252425427931e+00,2.051715943263010544e+00,2.046253057877585935e+00
7.325000000000000000e+01,2.238152197865755255e+00,2.228191422466250682e+00,2.200501966934963693e+00,2.177616280314687458e+00,2.159716385430102914e+00,2.145549165017511584e+00,2.124689787470312119e+00,2.104355310390305878e+00,2.091099158324386753e+00,2.081785423863732554e+00,2.074894589901563169e+00,2.065412282477050443e+00,2.057625236616112296e+00,2.051715923666410646e+00,2.046253037325102220e+00
7.350000000000000000e+01,2.238134312737529719e+00,2.228189354436566738e+00,2.200502034074159674e+00,2.177616274933344087e+00,2.159716385755648727e+00,2.145549164548110621e+00,2.124689786253838530e+00,2.104355307432479005e+00,2.091099153191749327e+00,2.081785416674146738e+00,2.074894580855584536e+00,2.065412270166457454e+00,2.057625221215839240e+00,2.051715906424185221e+00,2.046253012370562452e+00
7.375000000000000000e+01,2.238118223287378417e+00,2.228187421312455285e+00,2.200502088369238329e+00,2.177616270504363349e+00,2.159716386030745561e+00,2.145549164084678218e+00,2.124689785047567003e+00,2.104355304486394740e+00,2.091099148234143001e+00,2.081785409550895860e+00,2.074894571789460240e+00,2.065412257931168671e+00,2.057625205152762149e+00,2.051715888194638016e+00,2.046252995980771150e+00
7.400000000000000000e+01,2.238103849150244073e+00,2.228185621855497622e+00,2.200502130697486347e+00,2.177616266956447166e+00,2.159716386250845055e+00,2.145549163620640520e+00,2.124689783849057712e+00,2.104355301528907596e+00,2.091099143207155286e+00,2.081785402454213507e+00,2.074894562859120217e+00,2.065412245175954453e+00,2.057625190411987770e+00,2.051715869696084216e+00,2.046252975943455343e+00
7.425000000000000000e+01,2.238091110794741656e+00,2.228183954231853559e+00,2.200502161939220880e+00,2.177616264222915987e+00,2.159716386425925450e+00,2.145549163158631423e+00,2.124689782652330550e+00,2.104355298625539383e+00,2.091099138271845792e+00,2.081785395492226964e+00,2.074894553701645883e+00,2.065412233597823999e+00,2.057625175266119211e+00,2.051715852360096903e+00,2.046252949845296154e+00
7.450000000000000000e+01,2.238079929686091596e+00,2.228182416071217808e+00,2.200502182973589349e+00,2.177616262232711986e+00,2.159716386549799250e+00,2.145549162694190048e+00,2.124689781453362070e+00,2.104355295719312569e+00,2.091099133271818733e+00,2.081785388528753611e+00,2.074894545082632380e+00,2.065412221519931535e+00,2.057625159055882946e+00,2.051715834574069142e+00,2.046252935531645001e+00
7.475000000000000000e+01,2.238070228434916320e+00,2.228181004525075615e+00,2.200502194669882616e+00,2.177616260920593572e+00,2.159716386629280560e+00,2.145549162237281315e+00,2.124689780268076422e+00,2.104355292838628433e+00,2.091099128435245813e+00,2.081785381522276435e+00,2.074894536249359156e+00,2.065412209501142016e+00,2.057625145192602645e+00,2.051715817121751773e+00,2.046252915989257293e+00
7.500000000000000000e+01,2.238061930932393029e+00,2.228179716321525117e+00,2.200502197883843269e+00,2.177616260215086363e+00,2.159716386661830523e+00,2.145549161780537339e+00,2.124689779086668118e+00,2.104355289932750672e+00,2.091099123543850968e+00,2.081785374709891556e+00,2.074894527512865849e+00,2.065412197696349761e+00,2.057625130299574945e+00,2.051715799708598187e+00,2.046252892207961249e+00
7.525000000000000000e+01,2.238054962472570075e+00,2.228178547818514765e+00,2.200502193449485500e+00,2.177616260052541719e+00,2.159716386658483867e+00,2.145549161326932186e+00,2.124689777909418265e+00,2.104355287101059790e+00,2.091099118697670178e+00,2.081785367861082481e+00,2.074894518803088950e+00,2.065412186022782315e+00,2.057625115167316387e+00,2.051715782604923710e+00,2.046252876467988813e+00
7.550000000000000000e+01,2.238049249862120060e+00,2.228177495053527579e+00,2.200502182177034971e+00,2.177616260367119860e+00,2.159716386614507488e+00,2.145549160871464078e+00,2.124689776727643586e+00,2.104355284245216229e+00,2.091099113856284664e+00,2.081785361115606303e+00,2.074894510283830318e+00,2.065412174471418005e+00,2.057625100936488316e+00,2.051715765896701793e+00,2.046252857403042302e+00
7.575000000000000000e+01,2.238044721518331670e+00,2.228176553791711090e+00,2.200502164847682796e+00,2.177616261101265938e+00,2.159716386537294142e+00,2.145549160424281787e+00,2.124689775562818017e+00,2.104355281428037294e+00,2.091099109106496101e+00,2.081785354233782304e+00,2.074894501761765042e+00,2.065412162453552192e+00,2.057625086294457617e+00,2.051715748421856222e+00,2.046252835925959079e+00
7.600000000000000000e+01,2.238041307555728832e+00,2.228175719570848923e+00,2.200502142212017898e+00,2.177616262192786589e+00,2.159716386425050150e+00,2.145549159977308662e+00,2.124689774398194508e+00,2.104355278572569876e+00,2.091099104346152870e+00,2.081785347683667631e+00,2.074894493124772143e+00,2.065412151473137392e+00,2.057625072179402714e+00,2.051715732296673256e+00,2.046252818727706035e+00
7.625000000000000000e+01,2.238038939862075249e+00,2.228174987744151014e+00,2.200502114984935531e+00,2.177616263588977308e+00,2.159716386288829781e+00,2.145549159533904682e+00,2.124689773240005852e+00,2.104355275810341208e+00,2.091099099586694710e+00,2.081785341002964973e+00,2.074894484846759646e+00,2.065412140063367374e+00,2.057625057622398224e+00,2.051715715976154542e+00,2.046252800120181625e+00
7.650000000000000000e+01,2.238037552163888222e+00,2.228174353519702944e+00,2.200502083845398360e+00,2.177616265235868820e+00,2.159716386124343579e+00,2.145549159088629310e+00,2.124689772075080363e+00,2.104355273010391603e+00,2.091099094898391630e+00,2.081785334409284260e+00,2.074894476423150280e+00,2.065412128655996327e+00,2.057625043936266440e+00,2.051715698454041448e+00,2.046252780943887739e+00
7.675000000000000000e+01,2.238037080082538655e+00,2.228173811998066967e+00,2.200502049433887386e+00,2.177616267089141910e+00,2.159716385938686312e+00,2.145549158651868904e+00,2.124689770930245025e+00,2.104355270248220666e+00,2.091099090233009772e+00,2.081785327797248897e+00,2.074894468201121445e+00,2.065412117535708081e+00,2.057625030074286876e+00,2.051715683261715384e+00,2.046252763081271020e+00
7.700000000000000000e+01,2.238037461181031418e+00,2.228173358206960497e+00,2.200502012352457015e+00,2.177616269100116853e+00,2.159716385730073185e+00,2.145549158214911323e+00,2.124689769782107440e+00,2.104355267462258539e+00,2.091099085599430474e+00,2.081785321350729134e+00,2.074894459809613068e+00,2.065412106453911267e+00,2.057625015229354037e+00,2.051715667317172365e+00,2.046252744089790632e+00
7.725000000000000000e+01,2.238038635002178367e+00,2.228172987133539618e+00,2.200501973162216185e+00,2.177616271230389255e+00,2.159716385508912317e+00,2.145549157781595717e+00,2.124689768642569199e+00,2.104355264747064691e+00,2.091099080924324394e+00,2.081785314875560733e+00,2.074894451798095396e+00,2.065412095537206838e+00,2.057625002478658427e+00,2.051715649761242322e+00,2.046252727208071498e+00
7.750000000000000000e+01,2.238040543098541502e+00,2.228172693753846634e+00,2.200501932384091308e+00,2.177616273440255323e+00,2.159716385270761041e+00,2.145549157346066771e+00,2.124689767494192250e+00,2.104355262008076100e+00,2.091099076383785338e+00,2.081785308385429190e+00,2.074894443658975351e+00,2.065412084203402276e+00,2.057624988834147572e+00,2.051715635458413178e+00,2.046252709771553491e+00
7.775000000000000000e+01,2.238043129054786196e+00,2.228172473060129555e+00,2.200501890498607338e+00,2.177616275700003268e+00,2.159716385021985374e+00,2.145549156918983957e+00,2.124689766368874633e+00,2.104355259292946201e+00,2.091099071800567089e+00,2.081785302033437368e+00,2.074894435533562120e+00,2.065412073778528868e+00,2.057624974750344116e+00,2.051715619878558439e+00,2.046252689254936641e+00
7.800000000000000000e+01,2.238046338502801103e+00,2.228172320085795910e+00,2.200501847946803924e+00,2.177616277975284564e+00,2.159716384760406616e+00,2.145549156491127540e+00,2.124689765236946304e+00,2.104355256574395927e+00,2.091099067289584390e+00,2.081785295687339055e+00,2.074894427550096232e+00,2.065412062989170128e+00,2.057624961869187530e+00,2.051715602301343200e+00,2.046252674667537796e+00
7.825000000000000000e+01,2.238050119130009730e+00,2.228172229928023107e+00,2.200501805129747357e+00,2.177616280241976732e+00,2.159716384495455443e+00,2.145549156066783425e+00,2.124689764115626378e+00,2.104355253905164869e+00,2.091099062709305123e+00,2.081785289410532869e+00,2.074894419624153219e+00,2.065412052150447764e+00,2.057624948441277191e+00,2.051715588846838578e+00,2.046252657641266737e+00
7.850000000000000000e+01,2.238054420681498069e+00,2.228172197767843699e+00,2.200501762409759365e+00,2.177616282474020615e+00,2.159716384222331254e+00,2.145549155639769001e+00,2.124689762983525743e+00,2.104355251225396906e+00,2.091099058298709235e+00,2.081785283020771260e+00,2.074894411766835756e+00,2.065412041665539267e+00,2.057624935303303815e+00,2.051715573620826127e+00,2.046252635562828548e+00
7.875000000000000000e+01,2.238059194956154574e+00,2.228172218888399669e+00,2.200501720111872395e+00,2.177616284655302437e+00,2.159716383946485685e+00,2.145549155221042614e+00,2.124689761877276428e+00,2.104355248556218694e+00,2.091099053823642251e+00,2.081785276919543293e+00,2.074894403726743164e+00,2.065412031134294946e+00,2.057624922090552033e+00,2.051715556451532585e+00,2.046252623272576177e+00
7.900000000000000000e+01,2.238064395797497053e+00,2.228172288691133485e+00,2.200501678525159654e+00,2.177616286764167075e+00,2.159716383665208461e+00,2.145549154800906688e+00,2.124689760761258484e+00,2.104355245903040128e+00,2.091099049403092991e+00,2.081785270700156509e+00,2.074894396137354047e+00,2.065412020807392945e+00,2.057624909348058750e+00,2.051715543388671126e+00,2.046252606641391747e+00
7.925000000000000000e+01,2.238069979079397864e+00,2.228172402709895028e+00,2.200501637903607310e+00,2.177616288788847498e+00,2.159716383386958150e+00,2.145549154384148505e+00,2.124689759657791388e+00,2.104355243278699383e+00,2.091099044964382703e+00,2.081785264585464645e+00,2.074894388357795272e+00,2.065412010109135110e+00,2.057624896633484912e+00,2.051715528506048880e+00,2.046252585534027002e+00
7.950000000000000000e+01,2.238075902687077345e+00,2.228172556623173595e+00,2.200501598467458741e+00,2.177616290714704750e+00,2.159716383106506932e+00,2.145549153964252831e+00,2.124689758541651319e+00,2.104355240656520021e+00,2.091099040629910366e+00,2.081785258413687778e+00,2.074894380708129038e+00,2.065412000201301890e+00,2.057624883125587001e+00,2.051715512277163533e+00,2.046252572975301831e+00
7.975000000000000000e+01,2.238082126494003621e+00,2.228172746264331927e+00,2.200501560405737411e+00,2.177616292536624698e+00,2.159716382828429815e+00,2.145549153552499533e+00,2.124689757454045758e+00,2.104355238032237452e+00,2.091099036271414136e+00,2.081785252433672628e+00,2.074894373004149806e+00,2.065411989988890973e+00,2.057624871254004173e+00,2.051715499047103375e+00,2.046252556724691640e+00
8.000000000000000000e+01,2.238088612334765859e+00,2.228172967630724255e+00,2.200501523877631538e+00,2.177616294242993966e+00,2.159716382549549785e+00,2.145549153138766485e+00,2.124689756353658865e+00,2.104355235442480154e+00,2.091099031926944463e+00,2.081785246401611111e+00,2.074894365541162244e+00,2.065411979679730337e+00,2.057624858726523343e+00,2.051715484497802944e+00,2.046252537616490841e+00
8.025000000000000000e+01,2.238095323974405915e+00,2.228173216890668495e+00,2.200501489014194512e+00,2.177616295831507287e+00,2.159716382277419022e+00,2.145549152728284170e+00,2.124689755267666236e+00,2.104355232862027858e+00,2.091099027625026974e+00,2.081785240378915880e+00,2.074894358026590169e+00,2.065411969785476032e+00,2.057624845583114315e+00,2.051715469166815353e+00,2.046252523729460204e+00
8.050000000000000000e+01,2.238102227074529438e+00,2.228173490389224742e+00,2.200501455919485760e+00,2.177616297296034897e+00,2.159716382006499735e+00,2.145549152314288222e+00,2.124689754168209266e+00,2.104355230295802404e+00,2.091099023364680676e+00,2.081785234445637567e+00,2.074894350453205583e+00,2.065411959767129879e+00,2.057624833908561435e+00,2.051715455786783160e+00,2.046252507845431889e+00
8.075000000000000000e+01,2.238109289156537951e+00,2.228173784652121459e+00,2.200501424673743323e+00,2.177616298639312831e+00,2.159716381740623525e+00,2.145549151908339169e+00,2.124689753097814826e+00,2.104355227715397181e+00,2.091099019119030622e+00,2.081785228554865697e+00,2.074894343122337670e+00,2.065411949989080842e+00,2.057624821568074580e+00,2.051715441561122510e+00,2.046252490735049001e+00
8.100000000000000000e+01,2.238116479562226147e+00,2.228174096389194947e+00,2.200501395334452770e+00,2.177616299856947268e+00,2.159716381476288305e+00,2.145549151499949403e+00,2.124689752014451205e+00,2.104355225187169331e+00,2.091099014848622151e+00,2.081785222703769200e+00,2.074894335732647477e+00,2.065411939882082049e+00,2.057624809306819458e+00,2.051715427087569932e+00,2.046252475490242251e+00
8.125000000000000000e+01,2.238123769412087682e+00,2.228174422495799334e+00,2.200501367938632491e+00,2.177616300952796013e+00,2.159716381220302406e+00,2.145549151094754858e+00,2.124689750943889788e+00,2.104355222649611168e+00,2.091099010678937997e+00,2.081785216770307922e+00,2.074894328474065297e+00,2.065411930456152234e+00,2.057624797297692432e+00,2.051715413573770963e+00,2.046252459959384318e+00
8.150000000000000000e+01,2.238131131561567955e+00,2.228174760053680981e+00,2.200501342503400792e+00,2.177616301926581510e+00,2.159716380966961502e+00,2.145549150685762463e+00,2.124689749862917143e+00,2.104355220137802629e+00,2.091099006490773071e+00,2.081785211067275654e+00,2.074894321035440914e+00,2.065411920780972466e+00,2.057624785402258460e+00,2.051715399662389583e+00,2.046252444848195573e+00
8.175000000000000000e+01,2.238138540555547173e+00,2.228175106330153810e+00,2.200501319029561031e+00,2.177616302785669422e+00,2.159716380719545192e+00,2.145549150284810747e+00,2.124689748807242040e+00,2.104355217600283989e+00,2.091099002354390723e+00,2.081785205267177030e+00,2.074894314003675522e+00,2.065411910965687881e+00,2.057624773716325794e+00,2.051715386007769037e+00,2.046252429943270723e+00
8.200000000000000000e+01,2.238145972581368603e+00,2.228175458777265305e+00,2.200501297502134523e+00,2.177616303530315545e+00,2.159716380474347996e+00,2.145549149881017748e+00,2.124689747740934997e+00,2.104355215131779477e+00,2.091098998156105893e+00,2.081785199586855928e+00,2.074894306811529088e+00,2.065411901621193369e+00,2.057624761407370606e+00,2.051715372375412016e+00,2.046252413023627259e+00
8.225000000000000000e+01,2.238153405420474584e+00,2.228175815029240781e+00,2.200501277892932261e+00,2.177616304167771855e+00,2.159716380237629796e+00,2.145549149480452389e+00,2.124689746685128444e+00,2.104355212636139782e+00,2.091098994114262588e+00,2.081785193815992585e+00,2.074894299672981113e+00,2.065411892081323142e+00,2.057624750325168783e+00,2.051715358977106884e+00,2.046252399915814646e+00
8.250000000000000000e+01,2.238160818399059337e+00,2.228176172899860585e+00,2.200501260160480310e+00,2.177616304701030181e+00,2.159716380003671610e+00,2.145549149075896445e+00,2.124689745622227566e+00,2.104355210177260904e+00,2.091098990009108594e+00,2.081785188259241526e+00,2.074894292587948552e+00,2.065411882814709887e+00,2.057624738800159836e+00,2.051715345896986786e+00,2.046252385340681101e+00
8.275000000000000000e+01,2.238168192337868678e+00,2.228176530378233711e+00,2.200501244253739941e+00,2.177616305139687292e+00,2.159716379775352468e+00,2.145549148679412266e+00,2.124689744581012896e+00,2.104355207688128448e+00,2.091098985965875734e+00,2.081785182630282005e+00,2.074894285621623258e+00,2.065411873258511832e+00,2.057624726502919721e+00,2.051715332160354066e+00,2.046252366996558880e+00
8.300000000000000000e+01,2.238175509501291405e+00,2.228176885625186898e+00,2.200501230112027695e+00,2.177616305486324677e+00,2.159716379548918930e+00,2.145549148279796370e+00,2.124689743531406272e+00,2.104355205271127627e+00,2.091098981885651131e+00,2.081785177031857170e+00,2.074894278670615044e+00,2.065411864282284071e+00,2.057624715910311153e+00,2.051715319531162596e+00,2.046252355899076392e+00
8.325000000000000000e+01,2.238182753546095860e+00,2.228177236967966657e+00,2.200501217667747866e+00,2.177616305749464409e+00,2.159716379330244518e+00,2.145549147883496488e+00,2.124689742490112110e+00,2.104355202826281079e+00,2.091098977919621404e+00,2.081785171480269092e+00,2.074894271597296225e+00,2.065411855108030714e+00,2.057624704546754391e+00,2.051715306725911514e+00,2.046252341642014194e+00
8.350000000000000000e+01,2.238189909469746830e+00,2.228177582895433773e+00,2.200501206845540736e+00,2.177616305933418595e+00,2.159716379113696405e+00,2.145549147483058583e+00,2.124689741444862001e+00,2.104355200409067983e+00,2.091098973918534831e+00,2.081785166002984244e+00,2.074894264854461490e+00,2.065411845753925224e+00,2.057624693074606714e+00,2.051715292898411924e+00,2.046252322754794406e+00
8.375000000000000000e+01,2.238196963558692243e+00,2.228177922051728821e+00,2.200501197566034683e+00,2.177616306048213435e+00,2.159716378901914702e+00,2.145549147090799025e+00,2.124689740417856854e+00,2.104355197977930469e+00,2.091098969942287056e+00,2.081785160539538104e+00,2.074894257965943289e+00,2.065411836921805744e+00,2.057624682146361295e+00,2.051715281004128144e+00,2.046252312760401981e+00
8.400000000000000000e+01,2.238203903336665856e+00,2.228178253230933326e+00,2.200501189745176944e+00,2.177616306097099219e+00,2.159716378691197036e+00,2.145549146695162612e+00,2.124689739384598042e+00,2.104355195600193351e+00,2.091098965984778069e+00,2.081785155020534628e+00,2.074894251232996645e+00,2.065411827842821513e+00,2.057624671013637663e+00,2.051715268466352882e+00,2.046252298810074421e+00
8.425000000000000000e+01,2.238210717513099635e+00,2.228178575370304948e+00,2.200501183296993180e+00,2.177616306088367537e+00,2.159716378487128274e+00,2.145549146302947019e+00,2.124689738357553370e+00,2.104355193206263852e+00,2.091098962084061874e+00,2.081785149680893898e+00,2.074894244381895625e+00,2.065411819039411956e+00,2.057624660252669102e+00,2.051715254560551038e+00,2.046252281668993422e+00
8.450000000000000000e+01,2.238217395931927811e+00,2.228178887544280506e+00,2.200501178131895053e+00,2.177616306026332271e+00,2.159716378284284310e+00,2.145549145906497479e+00,2.124689737329555683e+00,2.104355190828298472e+00,2.091098958183813306e+00,2.081785144280697608e+00,2.074894237810604114e+00,2.065411809996971826e+00,2.057624649021901231e+00,2.051715243368568586e+00,2.046252270463286393e+00
8.475000000000000000e+01,2.238223929520693378e+00,2.228179188956982415e+00,2.200501174160629958e+00,2.177616305920231365e+00,2.159716378085099642e+00,2.145549145518368395e+00,2.124689736316518474e+00,2.104355188453496783e+00,2.091098954272820887e+00,2.081785138977353622e+00,2.074894231149446711e+00,2.065411801440947492e+00,2.057624638650667581e+00,2.051715231091134406e+00,2.046252256808807068e+00
8.500000000000000000e+01,2.238230310240343801e+00,2.228179478936327840e+00,2.200501171292755132e+00,2.177616305772941185e+00,2.159716377886053085e+00,2.145549145126638191e+00,2.124689735299261528e+00,2.104355186114158727e+00,2.091098950434083115e+00,2.081785133572440216e+00,2.074894224474677085e+00,2.065411792734351604e+00,2.057624628027979075e+00,2.051715217118862622e+00,2.046252241416492090e+00
8.525000000000000000e+01,2.238236531035519228e+00,2.228179756926437438e+00,2.200501169439581517e+00,2.177616305591672852e+00,2.159716377692513234e+00,2.145549144738482461e+00,2.124689734286221654e+00,2.104355183769738513e+00,2.091098946596992469e+00,2.081785128400676310e+00,2.074894217948418440e+00,2.065411783811418989e+00,2.057624616525528971e+00,2.051715206598125008e+00,2.046252228972309517e+00
8.550000000000000000e+01,2.238242585785624073e+00,2.228180022481435429e+00,2.200501168511713068e+00,2.177616305379896477e+00,2.159716377499292239e+00,2.145549144346019954e+00,2.124689733275098025e+00,2.104355181430168642e+00,2.091098942794532789e+00,2.081785123139298310e+00,2.074894211432973368e+00,2.065411775457409949e+00,2.057624606874695505e+00,2.051715194574097012e+00,2.046252215603169944e+00
8.575000000000000000e+01,2.238248469256769457e+00,2.228180275257634513e+00,2.200501168422980935e+00,2.177616305145469777e+00,2.159716377308703805e+00,2.145549143961998251e+00,2.124689732275774734e+00,2.104355179110093843e+00,2.091098938947110408e+00,2.081785117926868711e+00,2.074894204991872826e+00,2.065411766836628527e+00,2.057624596391307126e+00,2.051715180891899415e+00,2.046252201964552597e+00
8.600000000000000000e+01,2.238254177054477267e+00,2.228180515007623264e+00,2.200501169088373121e+00,2.177616304890355181e+00,2.159716377117433250e+00,2.145549143574202677e+00,2.124689731274199023e+00,2.104355176808313743e+00,2.091098935223342448e+00,2.081785112724055420e+00,2.074894198372691623e+00,2.065411758438733703e+00,2.057624585631505632e+00,2.051715170667343102e+00,2.046252189137391042e+00
8.625000000000000000e+01,2.238259705577497982e+00,2.228180741572765466e+00,2.200501170427008990e+00,2.177616304620236143e+00,2.159716376930659099e+00,2.145549143190114805e+00,2.124689730274916144e+00,2.104355174512108739e+00,2.091098931448264864e+00,2.081785107623140174e+00,2.074894192161223394e+00,2.065411749876093772e+00,2.057624575676616274e+00,2.051715158890057289e+00,2.046252175159069875e+00
8.650000000000000000e+01,2.238265051972510022e+00,2.228180954877228448e+00,2.200501172358991564e+00,2.177616304337431252e+00,2.159716376743459954e+00,2.145549142801661535e+00,2.124689729280280215e+00,2.104355172210061742e+00,2.091098927740615565e+00,2.081785102513483476e+00,2.074894185773488164e+00,2.065411741713172322e+00,2.057624565333270983e+00,2.051715145957264230e+00,2.046252163281465197e+00
8.675000000000000000e+01,2.238270214089975507e+00,2.228181154920528595e+00,2.200501174809445626e+00,2.177616304048201723e+00,2.159716376558098005e+00,2.145549142421776079e+00,2.124689728294455016e+00,2.104355169943166182e+00,2.091098923980625912e+00,2.081785097371882554e+00,2.074894179471096223e+00,2.065411733443692999e+00,2.057624555305725078e+00,2.051715135551732239e+00,2.046252150721750596e+00
8.700000000000000000e+01,2.238275190441143092e+00,2.228181341772078383e+00,2.200501177705878497e+00,2.177616303753397986e+00,2.159716376371415336e+00,2.145549142037951107e+00,2.124689727308215037e+00,2.104355167678125582e+00,2.091098920342711942e+00,2.081785092364596412e+00,2.074894173151349275e+00,2.065411724924380632e+00,2.057624545047256337e+00,2.051715124014712899e+00,2.046252135443297426e+00
8.725000000000000000e+01,2.238279980156102855e+00,2.228181515564221282e+00,2.200501180981235816e+00,2.177616303457137192e+00,2.159716376188459463e+00,2.145549141657974168e+00,2.124689726322449790e+00,2.104355165428851038e+00,2.091098916660667495e+00,2.081785087332443496e+00,2.074894166998771272e+00,2.065411717017070714e+00,2.057624535318213876e+00,2.051715111798915636e+00,2.046252125336371019e+00
8.750000000000000000e+01,2.238284582943141920e+00,2.228181676486968854e+00,2.200501184570207602e+00,2.177616303160586408e+00,2.159716376004576777e+00,2.145549141273564331e+00,2.124689725343966273e+00,2.104355163163520448e+00,2.091098913012376936e+00,2.081785082369701723e+00,2.074894160818862687e+00,2.065411708824809622e+00,2.057624525509921920e+00,2.051715101227660654e+00,2.046252113034888520e+00
8.775000000000000000e+01,2.238288999049333317e+00,2.228181824781255926e+00,2.200501188413355624e+00,2.177616302868410791e+00,2.159716375821956191e+00,2.145549140897842211e+00,2.124689724371386923e+00,2.104355160948299108e+00,2.091098909362897107e+00,2.081785077299560971e+00,2.074894154565965820e+00,2.065411700806637274e+00,2.057624514977330232e+00,2.051715089924635471e+00,2.046252096423448297e+00
8.800000000000000000e+01,2.238293229222279468e+00,2.228181960734180400e+00,2.200501192453960364e+00,2.177616302580502428e+00,2.159716375637617425e+00,2.145549140518019815e+00,2.124689723400174479e+00,2.104355158719191099e+00,2.091098905782699635e+00,2.081785072478772314e+00,2.074894148545484374e+00,2.065411692692566525e+00,2.057624505924971370e+00,2.051715078394904967e+00,2.046252088099355770e+00
8.825000000000000000e+01,2.238297274673227477e+00,2.228182084673103081e+00,2.200501196641291735e+00,2.177616302299528517e+00,2.159716375456472104e+00,2.145549140142166689e+00,2.124689722427693273e+00,2.104355156515610670e+00,2.091098902191110387e+00,2.081785067553345581e+00,2.074894142440363076e+00,2.065411684897855871e+00,2.057624496236762024e+00,2.051715067672337245e+00,2.046252076047184509e+00
8.850000000000000000e+01,2.238301137041426525e+00,2.228182196961026484e+00,2.200501200926358258e+00,2.177616302025646711e+00,2.159716375274136180e+00,2.145549139761821156e+00,2.124689721464989134e+00,2.104355154286187357e+00,2.091098898600503020e+00,2.081785062692917965e+00,2.074894136461817418e+00,2.065411677037412908e+00,2.057624486121782947e+00,2.051715056597272824e+00,2.046252060558833463e+00
8.875000000000000000e+01,2.238304818359770465e+00,2.228182297991026850e+00,2.200501205266211180e+00,2.177616301762224982e+00,2.159716375092690654e+00,2.145549139390277471e+00,2.124689720505439361e+00,2.104355152121220485e+00,2.091098895058075779e+00,2.081785057809452333e+00,2.074894130339097753e+00,2.065411668896376174e+00,2.057624477045766120e+00,2.051715045724103348e+00,2.046252051541244121e+00
8.900000000000000000e+01,2.238308321021773128e+00,2.228182388182294194e+00,2.200501209620363330e+00,2.177616301508347174e+00,2.159716374909348424e+00,2.145549139014460316e+00,2.124689719548957356e+00,2.104355149929597157e+00,2.091098891534146187e+00,2.081785053051932621e+00,2.074894124525999750e+00,2.065411661406844956e+00,2.057624467478756713e+00,2.051715034863820453e+00,2.046252039729774097e+00
8.925000000000000000e+01,2.238311647749804401e+00,2.228182467975300618e+00,2.200501213954295654e+00,2.177616301265533849e+00,2.159716374728881227e+00,2.145549138642723896e+00,2.124689718589529264e+00,2.104355147768178114e+00,2.091098888030349379e+00,2.081785048265896165e+00,2.074894118592898185e+00,2.065411653615825571e+00,2.057624458052613292e+00,2.051715024183910163e+00,2.046252025781967188e+00
8.950000000000000000e+01,2.238314801564672774e+00,2.228182537828153453e+00,2.200501218234740985e+00,2.177616301033199697e+00,2.159716374547113737e+00,2.145549138266449329e+00,2.124689717642268327e+00,2.104355145584965836e+00,2.091098884495968591e+00,2.081785043468718843e+00,2.074894112682778236e+00,2.065411645953633357e+00,2.057624448673231576e+00,2.051715013766049367e+00,2.046252015633622801e+00
8.975000000000000000e+01,2.238317785756436251e+00,2.228182598212096188e+00,2.200501222434112059e+00,2.177616300813667749e+00,2.159716374366054570e+00,2.145549137899056102e+00,2.124689716695515429e+00,2.104355143457774524e+00,2.091098881057301906e+00,2.081785038766031271e+00,2.074894106844796582e+00,2.065411638259450289e+00,2.057624439525784776e+00,2.051715002780881036e+00,2.046252004054521567e+00
9.000000000000000000e+01,2.238320603856561952e+00,2.228182649608494437e+00,2.200501226526851983e+00,2.177616300605516475e+00,2.159716374183081378e+00,2.145549137527248185e+00,2.124689715753459218e+00,2.104355141310165767e+00,2.091098877588238203e+00,2.081785034069932649e+00,2.074894101073823549e+00,2.065411630809998567e+00,2.057624430454464637e+00,2.051714992719753106e+00,2.046251991654583158e+00
9.025000000000000000e+01,2.238323259611318061e+00,2.228182692505123352e+00,2.200501230492640126e+00,2.177616300409417782e+00,2.159716374002798922e+00,2.145549137159605380e+00,2.124689714806860863e+00,2.104355139182470413e+00,2.091098874169663002e+00,2.081785029418969479e+00,2.074894095331194066e+00,2.065411623332759739e+00,2.057624420799882170e+00,2.051714982501045448e+00,2.046251980548341898e+00
9.050000000000000000e+01,2.238325756956424328e+00,2.228182727393349882e+00,2.200501234312054244e+00,2.177616300224304080e+00,2.159716373821262358e+00,2.145549136787370248e+00,2.124689713874706065e+00,2.104355137048119051e+00,2.091098870696717071e+00,2.081785024683220797e+00,2.074894089462974378e+00,2.065411615546622670e+00,2.057624412289615012e+00,2.051714971403096666e+00,2.046251968994001746e+00
9.075000000000000000e+01,2.238328099992957121e+00,2.228182754764910012e+00,2.200501237970446056e+00,2.177616300051761211e+00,2.159716373640363507e+00,2.145549136424091508e+00,2.124689712940540431e+00,2.104355134953951101e+00,2.091098867352008117e+00,2.081785020155641153e+00,2.074894083901426711e+00,2.065411608448292302e+00,2.057624403321602902e+00,2.051714961934320236e+00,2.046251958151245276e+00
9.100000000000000000e+01,2.238330292964445078e+00,2.228182775109597724e+00,2.200501241454674961e+00,2.177616299890130058e+00,2.159716373457616356e+00,2.145549136056251083e+00,2.124689712012622245e+00,2.104355132849205834e+00,2.091098863955725307e+00,2.081785015537889638e+00,2.074894078201705128e+00,2.065411601033359190e+00,2.057624393791909423e+00,2.051714951909996199e+00,2.046251947263600268e+00
9.125000000000000000e+01,2.238332340235227313e+00,2.228182788912657308e+00,2.200501244755947106e+00,2.177616299739477679e+00,2.159716373277494661e+00,2.145549135692669029e+00,2.124689711078623588e+00,2.104355130754522740e+00,2.091098860600606013e+00,2.081785010999181118e+00,2.074894072612690099e+00,2.065411593705244186e+00,2.057624385511396703e+00,2.051714940710706703e+00,2.046251934521351235e+00
9.150000000000000000e+01,2.238334246269890304e+00,2.228182796652928843e+00,2.200501247865860321e+00,2.177616299598545080e+00,2.159716373096204567e+00,2.145549135324545276e+00,2.124689710161263179e+00,2.104355128667700026e+00,2.091098857227511321e+00,2.081785006408736205e+00,2.074894066949194649e+00,2.065411586404513944e+00,2.057624376648150566e+00,2.051714931809071274e+00,2.046251925247152048e+00
9.175000000000000000e+01,2.238336015613945129e+00,2.228182798800449227e+00,2.200501250779766327e+00,2.177616299468422945e+00,2.159716372915588600e+00,2.145549134965234028e+00,2.124689709239468094e+00,2.104355126605850668e+00,2.091098853933964552e+00,2.081785001965184012e+00,2.074894061491343589e+00,2.065411579279158527e+00,2.057624367767945106e+00,2.051714921974500783e+00,2.046251914570753172e+00
9.200000000000000000e+01,2.238337652875537653e+00,2.228182795815046191e+00,2.200501253494033360e+00,2.177616299347419293e+00,2.159716372733239353e+00,2.145549134601467678e+00,2.124689708325392168e+00,2.104355124542884425e+00,2.091098850619098837e+00,2.081784997475769838e+00,2.074894055971943985e+00,2.065411572161303333e+00,2.057624359185291851e+00,2.051714910684644178e+00,2.046251900610266627e+00
9.225000000000000000e+01,2.238339162708398611e+00,2.228182788144669857e+00,2.200501256008335016e+00,2.177616299235229480e+00,2.159716372553472929e+00,2.145549134241732325e+00,2.124689707403789818e+00,2.104355122480499052e+00,2.091098847315080445e+00,2.081784992993619632e+00,2.074894050420017066e+00,2.065411564708507619e+00,2.057624350565959492e+00,2.051714902326052137e+00,2.046251892918155679e+00
9.250000000000000000e+01,2.238340549795667211e+00,2.228182776224182149e+00,2.200501258322323128e+00,2.177616299130621158e+00,2.159716372372708637e+00,2.145549133877800330e+00,2.124689706500898279e+00,2.104355120439917570e+00,2.091098844038833615e+00,2.081784988570655415e+00,2.074894045019907818e+00,2.065411557976863932e+00,2.057624342163176134e+00,2.051714892676762325e+00,2.046251882445905057e+00
9.275000000000000000e+01,2.238341818834919561e+00,2.228182760473964130e+00,2.200501260438412210e+00,2.177616299034351499e+00,2.159716372192628242e+00,2.145549133522238971e+00,2.124689705591268574e+00,2.104355118409706016e+00,2.091098840795178493e+00,2.081784984182045051e+00,2.074894039597567907e+00,2.065411550914842298e+00,2.057624333305362097e+00,2.051714881596042872e+00,2.046251868360026815e+00
9.300000000000000000e+01,2.238342974524091922e+00,2.228182741299065572e+00,2.200501262359471077e+00,2.177616298944878626e+00,2.159716372010985097e+00,2.145549133162509392e+00,2.124689704690764902e+00,2.104355116387455649e+00,2.091098837559392187e+00,2.081784979817090431e+00,2.074894034253143449e+00,2.065411543900582458e+00,2.057624325287362055e+00,2.051714873467943345e+00,2.046251861140669259e+00
9.325000000000000000e+01,2.238344021548466234e+00,2.228182719088338093e+00,2.200501264090826137e+00,2.177616298861702493e+00,2.159716371831899906e+00,2.145549132806547465e+00,2.124689703781341699e+00,2.104355114356678325e+00,2.091098834305263221e+00,2.081784975389858960e+00,2.074894028756550934e+00,2.065411536968917439e+00,2.057624316973247769e+00,2.051714863999553273e+00,2.046251850865662192e+00
9.350000000000000000e+01,2.238344964568559803e+00,2.228182694213885373e+00,2.200501265637370363e+00,2.177616298783729754e+00,2.159716371651963396e+00,2.145549132446741947e+00,2.124689702892620158e+00,2.104355112361095514e+00,2.091098831122941260e+00,2.081784971129296391e+00,2.074894023592366743e+00,2.065411530148114405e+00,2.057624307976091416e+00,2.051714853528743721e+00,2.046251838144686808e+00
9.375000000000000000e+01,2.238345808208876075e+00,2.228182667030338404e+00,2.200501267005858796e+00,2.177616298711527065e+00,2.159716371472767182e+00,2.145549132094896727e+00,2.124689701994920910e+00,2.104355110361840975e+00,2.091098827927987625e+00,2.081784966794049563e+00,2.074894018284392239e+00,2.065411523367659985e+00,2.057624300417324470e+00,2.051714845217978311e+00,2.046251829891609919e+00
9.400000000000000000e+01,2.238346557047623087e+00,2.228182637874497996e+00,2.200501268203092664e+00,2.177616298643831438e+00,2.159716371292124570e+00,2.145549131739109772e+00,2.124689701107748352e+00,2.104355108379297068e+00,2.091098824769027420e+00,2.081784962549852569e+00,2.074894013029199513e+00,2.065411516254870516e+00,2.057624292193589000e+00,2.051714835926261582e+00,2.046251819807172634e+00
9.425000000000000000e+01,2.238347215607247254e+00,2.228182607065215759e+00,2.200501269237572721e+00,2.177616298580032250e+00,2.159716371114041689e+00,2.145549131386887964e+00,2.124689700210842691e+00,2.104355106379451001e+00,2.091098821563555976e+00,2.081784958228800164e+00,2.074894007783732341e+00,2.065411509840695103e+00,2.057624283810179477e+00,2.051714826039978679e+00,2.046251808459942811e+00
9.450000000000000000e+01,2.238347788345746103e+00,2.228182574903131652e+00,2.200501270117022123e+00,2.177616298519239990e+00,2.159716370935248264e+00,2.145549131031137868e+00,2.124689699335458481e+00,2.104355104427669598e+00,2.091098818472405085e+00,2.081784954072920524e+00,2.074894002650868430e+00,2.065411503110153646e+00,2.057624275951329018e+00,2.051714817559936677e+00,2.046251799148376627e+00
9.475000000000000000e+01,2.238348279648803896e+00,2.228182541670666872e+00,2.200501270850331537e+00,2.177616298461952926e+00,2.159716370757204906e+00,2.145549130682938177e+00,2.124689698450618724e+00,2.104355102458726812e+00,2.091098815332890659e+00,2.081784949855936873e+00,2.074893997508781673e+00,2.065411496391084345e+00,2.057624267819418762e+00,2.051714808440785909e+00,2.046251789248052955e+00
9.500000000000000000e+01,2.238348693822682201e+00,2.228182507631953690e+00,2.200501271446126950e+00,2.177616298407212714e+00,2.159716370577862143e+00,2.145549130331050325e+00,2.124689697575375291e+00,2.104355100514885724e+00,2.091098812240654858e+00,2.081784945662483732e+00,2.074893992284674304e+00,2.065411489805963896e+00,2.057624260017801632e+00,2.051714799114759735e+00,2.046251779285134909e+00
9.525000000000000000e+01,2.238349035087759287e+00,2.228182473033191169e+00,2.200501271914098389e+00,2.177616298354364321e+00,2.159716370401039143e+00,2.145549129982503800e+00,2.124689696692495744e+00,2.104355098546737413e+00,2.091098809116337609e+00,2.081784941496910957e+00,2.074893987283430885e+00,2.065411483271634374e+00,2.057624251884690558e+00,2.051714790478155415e+00,2.046251769795993436e+00
9.550000000000000000e+01,2.238349307572852442e+00,2.228182438102783713e+00,2.200501272262986863e+00,2.177616298302779363e+00,2.159716370223593529e+00,2.145549129630730967e+00,2.124689695828422487e+00,2.104355096636196354e+00,2.091098806079998429e+00,2.081784937390205759e+00,2.074893982180253893e+00,2.065411476808252988e+00,2.057624244314769424e+00,2.051714781527560483e+00,2.046251759166349604e+00
9.575000000000000000e+01,2.238349515310111837e+00,2.228182403051631066e+00,2.200501272502114247e+00,2.177616298252891269e+00,2.159716370046942835e+00,2.145549129286134615e+00,2.124689694956598984e+00,2.104355094702099027e+00,2.091098803013988316e+00,2.081784933288136852e+00,2.074893977199303574e+00,2.065411470043827968e+00,2.057624236595721801e+00,2.051714772738603365e+00,2.046251750600129871e+00
9.600000000000000000e+01,2.238349662230578296e+00,2.228182368073405861e+00,2.200501272640362771e+00,2.177616298204077872e+00,2.159716369869082886e+00,2.145549128938075256e+00,2.124689694092691372e+00,2.104355092790816339e+00,2.091098799967184618e+00,2.081784929143847052e+00,2.074893972102043183e+00,2.065411463899434086e+00,2.057624228212505013e+00,2.051714763957448451e+00,2.046251741284985659e+00
9.625000000000000000e+01,2.238349752160329498e+00,2.228182333345183341e+00,2.200501272687213739e+00,2.177616298155672592e+00,2.159716369693694293e+00,2.145549128593150279e+00,2.124689693223543951e+00,2.104355090865290379e+00,2.091098796930737524e+00,2.081784925129173569e+00,2.074893967241040027e+00,2.065411457480558433e+00,2.057624221181800994e+00,2.051714755317410877e+00,2.046251729540461195e+00
9.650000000000000000e+01,2.238349788817145303e+00,2.228182299027779756e+00,2.200501272651126161e+00,2.177616298107257098e+00,2.159716369517787449e+00,2.145549128245299642e+00,2.124689692370608007e+00,2.104355088983302036e+00,2.091098793938780620e+00,2.081784921070252370e+00,2.074893962290873084e+00,2.065411451039367297e+00,2.057624213540520053e+00,2.051714746897439490e+00,2.046251722385195482e+00
9.675000000000000000e+01,2.238349775807750408e+00,2.228182265266390516e+00,2.200501272540676290e+00,2.177616298059289246e+00,2.159716369342655540e+00,2.145549127904243569e+00,2.124689691511522760e+00,2.104355087086531295e+00,2.091098790944226682e+00,2.081784917079757324e+00,2.074893957341588990e+00,2.065411444779960526e+00,2.057624205610249390e+00,2.051714737983167502e+00,2.046251713238303793e+00
9.700000000000000000e+01,2.238349716625574359e+00,2.228182232190910828e+00,2.200501272363981187e+00,2.177616298011405771e+00,2.159716369166409855e+00,2.145549127559974067e+00,2.124689690658774222e+00,2.104355085203784448e+00,2.091098787941776838e+00,2.081784913006841986e+00,2.074893952477493642e+00,2.065411438515376119e+00,2.057624198410381133e+00,2.051714729850768748e+00,2.046251700353404424e+00
9.725000000000000000e+01,2.238349614648908137e+00,2.228182199916806105e+00,2.200501272129388841e+00,2.177616297962964964e+00,2.159716368992560476e+00,2.145549127218596919e+00,2.124689689803070713e+00,2.104355083319766173e+00,2.091098784990650827e+00,2.081784909115044879e+00,2.074893947642530989e+00,2.065411432350260146e+00,2.057624190848489576e+00,2.051714721577675871e+00,2.046251694621012085e+00
9.750000000000000000e+01,2.238349473139550128e+00,2.228182168545611130e+00,2.200501271844264917e+00,2.177616297913758991e+00,2.159716368818270116e+00,2.145549126874611190e+00,2.124689688961105993e+00,2.104355081465736355e+00,2.091098782042009940e+00,2.081784905148735376e+00,2.074893942845323913e+00,2.065411425913477927e+00,2.057624183469367374e+00,2.051714712541054197e+00,2.046251685636811146e+00
9.775000000000000000e+01,2.238349295241898851e+00,2.228182138165638815e+00,2.200501271515796109e+00,2.177616297864187533e+00,2.159716368644738704e+00,2.145549126537051876e+00,2.124689688114519637e+00,2.104355079605388479e+00,2.091098779116940864e+00,2.081784901220385731e+00,2.074893937921850284e+00,2.065411420023151035e+00,2.057624175996851434e+00,2.051714704895435393e+00,2.046251673967419471e+00
9.800000000000000000e+01,2.238349083982381416e+00,2.228182108852405641e+00,2.200501271150716143e+00,2.177616297814181756e+00,2.159716368470155246e+00,2.145549126196487855e+00,2.124689687272730332e+00,2.104355077750549530e+00,2.091098776157803041e+00,2.081784897292097369e+00,2.074893933284739589e+00,2.065411413897603854e+00,2.057624168835729961e+00,2.051714696766095525e+00,2.046251667288630838e+00
9.825000000000000000e+01,2.238348842269260341e+00,2.228182080669621978e+00,2.200501270755740091e+00,2.177616297763063091e+00,2.159716368297893929e+00,2.145549125858635442e+00,2.124689686430208280e+00,2.104355075906994443e+00,2.091098773289534307e+00,2.081784893444345474e+00,2.074893928516733155e+00,2.065411407718264147e+00,2.057624161659413531e+00,2.051714687617385291e+00,2.046251658461720968e+00
9.850000000000000000e+01,2.238348572892863153e+00,2.228182053669633511e+00,2.200501270336794324e+00,2.177616297710850191e+00,2.159716368125246699e+00,2.145549125518434685e+00,2.124689685598986966e+00,2.104355074080332511e+00,2.091098770383201355e+00,2.081784889584338494e+00,2.074893923825865905e+00,2.065411401765269606e+00,2.057624153937406941e+00,2.051714680438530003e+00,2.046251648017603841e+00
9.875000000000000000e+01,2.238348278525955415e+00,2.228182027894328066e+00,2.200501269899313606e+00,2.177616297657848143e+00,2.159716367953323335e+00,2.145549125184336159e+00,2.124689684764669018e+00,2.104355072255517989e+00,2.091098767525701785e+00,2.081784885700053600e+00,2.074893919093454997e+00,2.065411395754920498e+00,2.057624147287532512e+00,2.051714672449941546e+00,2.046251640369437297e+00
9.900000000000000000e+01,2.238347961724572066e+00,2.228182003375419384e+00,2.200501269448449815e+00,2.177616297604245688e+00,2.159716367780391888e+00,2.145549124847433209e+00,2.124689683933661755e+00,2.104355070428042485e+00,2.091098764625941797e+00,2.081784881912211560e+00,2.074893914510725690e+00,2.065411389870639880e+00,2.057624140177850780e+00,2.051714663198834110e+00,2.046251631694563144e+00
9.925000000000000000e+01,2.238347624929045043e+00,2.228181980135538254e+00,2.200501268989158543e+00,2.177616297549303859e+00,2.159716367609724852e+00,2.145549124513046912e+00,2.124689683104059146e+00,2.104355068623872782e+00,2.091098761821093444e+00,2.081784878107289405e+00,2.074893909888047894e+00,2.065411383742287832e+00,2.057624132661816763e+00,2.051714656467608755e+00,2.046251622487044397e+00
9.950000000000000000e+01,2.238347270465272487e+00,2.228181958188610423e+00,2.200501268525766996e+00,2.177616297493208286e+00,2.159716367438714979e+00,2.145549124176598266e+00,2.124689682283432468e+00,2.104355066824042719e+00,2.091098758979570427e+00,2.081784874350545156e+00,2.074893905219660439e+00,2.065411378091463579e+00,2.057624126063166248e+00,2.051714648616800307e+00,2.046251614176236355e+00
9.975000000000000000e+01,2.238346900546263285e+00,2.228181937540801627e+00,2.200501268061997973e+00,2.177616297436196557e+00,2.159716367268388559e+00,2.145549123845896133e+00,2.124689681461132462e+00,2.104355065033878258e+00,2.091098756164301076e+00,2.081784870509087781e+00,2.074893900704222194e+00,2.065411372242242027e+00,2.057624119021960407e+00,2.051714639517828509e+00,2.046251605317173095e+00
1.000000000000000000e+02,2.238346517273844150e+00,2.228181918190677457e+00,2.200501267601402855e+00,2.177616297378668797e+00,2.159716367097091805e+00,2.145549123512603185e+00,2.124689680640741152e+00,2.104355063233211087e+00,2.091098753344507344e+00,2.081784866857707250e+00,2.074893896142872673e+00,2.065411366309853669e+00,2.057624112029062147e+00,2.051714632970555563e+00,2.046251597359125984e+00
1.002500000000000000e+02,2.238346122640531899e+00,2.228181900130347337e+00,2.200501267147272788e+00,2.177616297319798111e+00,2.159716366927984410e+00,2.145549123181641260e+00,2.124689679823763111e+00,2.104355061467448884e+00,2.091098750579217569e+00,2.081784863122484452e+00,2.074893891661543588e+00,2.065411360645410088e+00,2.057624105159932437e+00,2.051714625254672075e+00,2.046251589192517706e+00
1.005000000000000000e+02,2.238345718531688622e+00,2.228181883345678571e+00,2.200501266702468595e+00,2.177616297259927336e+00,2.159716366758571926e+00,2.145549122848875001e+00,2.124689679013562760e+00,2.104355059693870711e+00,2.091098747802443647e+00,2.081784859438025048e+00,2.074893887055642594e+00,2.065411354874885586e+00,2.057624098372596855e+00,2.051714616660974322e+00,2.046251579311648250e+00
1.007500000000000000e+02,2.238345306727702599e+00,2.228181867817270678e+00,2.200501266269143663e+00,2.177616297199167050e+00,2.159716366589799819e+00,2.145549122521539065e+00,2.124689678203055543e+00,2.104355057937548956e+00,2.091098745026735539e+00,2.081784855728826766e+00,2.074893882710322490e+00,2.065411349255260820e+00,2.057624091692261015e+00,2.051714609935677114e+00,2.046251572617591830e+00
1.010000000000000000e+02,2.238344888906349972e+00,2.228181853520474931e+00,2.200501265849470922e+00,2.177616297138128765e+00,2.159716366420111999e+00,2.145549122191804603e+00,2.124689677393091003e+00,2.104355056163122573e+00,2.091098742284658751e+00,2.081784852119419327e+00,2.074893878253526669e+00,2.065411343417559387e+00,2.057624084574923184e+00,2.051714602351898620e+00,2.046251564590515937e+00
1.012500000000000000e+02,2.238344466645346031e+00,2.228181840426516125e+00,2.200501265445267141e+00,2.177616297075874119e+00,2.159716366252510067e+00,2.145549121864220421e+00,2.124689676588511045e+00,2.104355054434781991e+00,2.091098739558014508e+00,2.081784848482691519e+00,2.074893873825305768e+00,2.065411337992692165e+00,2.057624078273184942e+00,2.051714594243152945e+00,2.046251553660313416e+00
1.015000000000000000e+02,2.238344041424846775e+00,2.228181828502545425e+00,2.200501265058187883e+00,2.177616297012854751e+00,2.159716366084648342e+00,2.145549121535075709e+00,2.124689675788556720e+00,2.104355052686946337e+00,2.091098736844249739e+00,2.081784844837751169e+00,2.074893869426898352e+00,2.065411332404000433e+00,2.057624071649723163e+00,2.051714587351588293e+00,2.046251548246480478e+00
1.017500000000000000e+02,2.238343614630203593e+00,2.228181817712644008e+00,2.200501264689066261e+00,2.177616296949095087e+00,2.159716365917392356e+00,2.145549121211063337e+00,2.124689674989626464e+00,2.104355050963630624e+00,2.091098734107170731e+00,2.081784841259525454e+00,2.074893865100058576e+00,2.065411326704759354e+00,2.057624064513175810e+00,2.051714579897171653e+00,2.046251540354367293e+00
1.020000000000000000e+02,2.238343187554711733e+00,2.228181808017610344e+00,2.200501264338990293e+00,2.177616296885331870e+00,2.159716365749260625e+00,2.145549120884841177e+00,2.124689674189907507e+00,2.104355049220424156e+00,2.091098731440654834e+00,2.081784837688491763e+00,2.074893860777743182e+00,2.065411321312246695e+00,2.057624058464138539e+00,2.051714572253930946e+00,2.046251529593934304e+00
1.022500000000000000e+02,2.238342761402389414e+00,2.228181799376092620e+00,2.200501264008592361e+00,2.177616296820536590e+00,2.159716365583122410e+00,2.145549120560587664e+00,2.124689673397468948e+00,2.104355047523055688e+00,2.091098728751759062e+00,2.081784834147549557e+00,2.074893856367758804e+00,2.065411315768166389e+00,2.057624051899485274e+00,2.051714565207266361e+00,2.046251524230037866e+00
1.025000000000000000e+02,2.238342337290891049e+00,2.228181791744494156e+00,2.200501263698606991e+00,2.177616296755273684e+00,2.159716365416777251e+00,2.145549120235022755e+00,2.124689672607602109e+00,2.104355045807722924e+00,2.091098726099339888e+00,2.081784830541002940e+00,2.074893852171699304e+00,2.065411310398193478e+00,2.057624045260398216e+00,2.051714557879531498e+00,2.046251516468465148e+00
1.027500000000000000e+02,2.238341916254430242e+00,2.228181785077897548e+00,2.200501263408874308e+00,2.177616296689405484e+00,2.159716365250988535e+00,2.145549119914282432e+00,2.124689671820022774e+00,2.104355044109368578e+00,2.091098723402832427e+00,2.081784827090125134e+00,2.074893847872669728e+00,2.065411304834571471e+00,2.057624038943512090e+00,2.051714550683155558e+00,2.046251506805845999e+00
1.030000000000000000e+02,2.238341499246661481e+00,2.228181779329773349e+00,2.200501263139684305e+00,2.177616296623843262e+00,2.159716365084360046e+00,2.145549119591515730e+00,2.124689671030402405e+00,2.104355042402623166e+00,2.091098720806938704e+00,2.081784823568305853e+00,2.074893843670722049e+00,2.065411299623092223e+00,2.057624032498618138e+00,2.051714543492022980e+00,2.046251500552780822e+00
1.032500000000000000e+02,2.238341087143707941e+00,2.228181774452906438e+00,2.200501262890793619e+00,2.177616296557446596e+00,2.159716364919662457e+00,2.145549119270561356e+00,2.124689670249856110e+00,2.104355040729551263e+00,2.091098718168443504e+00,2.081784820108618650e+00,2.074893839384978733e+00,2.065411294280256271e+00,2.057624026272492745e+00,2.051714536412567291e+00,2.046251492917432468e+00
1.035000000000000000e+02,2.238340680747105793e+00,2.228181770399384476e+00,2.200501262662340363e+00,2.177616296490841208e+00,2.159716364754778795e+00,2.145549118948523848e+00,2.124689669469907560e+00,2.104355039046108988e+00,2.091098715562220711e+00,2.081784816602092913e+00,2.074893835279147059e+00,2.065411288801309198e+00,2.057624019709122010e+00,2.051714529520990205e+00,2.046251484364268958e+00
1.037500000000000000e+02,2.238340280786737857e+00,2.228181767121222734e+00,2.200501262453459006e+00,2.177616296423771303e+00,2.159716364590428039e+00,2.145549118631014718e+00,2.124689668693457545e+00,2.104355037372051651e+00,2.091098712938705528e+00,2.081784813212379959e+00,2.074893831108113318e+00,2.065411283665280706e+00,2.057624013726349954e+00,2.051714522195448254e+00,2.046251477199414914e+00
1.040000000000000000e+02,2.238339887923860072e+00,2.228181764570136725e+00,2.200501262263887980e+00,2.177616296357269832e+00,2.159716364425262380e+00,2.145549118311656400e+00,2.124689667913756352e+00,2.104355035700851140e+00,2.091098710378155090e+00,2.081784809781997758e+00,2.074893826921785589e+00,2.065411278352281776e+00,2.057624007548436218e+00,2.051714515539467598e+00,2.046251469686090285e+00
1.042500000000000000e+02,2.238339502753999621e+00,2.228181762698312252e+00,2.200501262092860788e+00,2.177616296290082243e+00,2.159716364261969446e+00,2.145549117993952315e+00,2.124689667144889160e+00,2.104355034051591300e+00,2.091098707798498602e+00,2.081784806357736439e+00,2.074893822829774415e+00,2.065411273200911335e+00,2.057624000760233773e+00,2.051714508757815913e+00,2.046251462255429754e+00
1.045000000000000000e+02,2.238339125809884145e+00,2.228181761458230881e+00,2.200501261940147391e+00,2.177616296222936842e+00,2.159716364098515307e+00,2.145549117675384476e+00,2.124689666374687924e+00,2.104355032399302328e+00,2.091098705227629750e+00,2.081784802973558612e+00,2.074893818738709594e+00,2.065411267895985947e+00,2.057623995214592938e+00,2.051714501307481786e+00,2.046251455064355351e+00
1.047500000000000000e+02,2.238338757564367398e+00,2.228181760803330302e+00,2.200501261804442610e+00,2.177616296155426401e+00,2.159716363935559436e+00,2.145549117361074121e+00,2.124689665609181155e+00,2.104355030749031297e+00,2.091098702675101784e+00,2.081784799618291881e+00,2.074893814692320593e+00,2.065411262886199584e+00,2.057623989086950989e+00,2.051714495058090559e+00,2.046251446759412396e+00
1.050000000000000000e+02,2.238338398433222132e+00,2.228181760687613089e+00,2.200501261685228194e+00,2.177616296088700665e+00,2.159716363771837511e+00,2.145549117045073118e+00,2.124689664839251257e+00,2.104355029112503495e+00,2.091098700149096601e+00,2.081784796276859417e+00,2.074893810520540782e+00,2.065411257775559228e+00,2.057623982772612159e+00,2.051714488384343671e+00,2.046251440465777005e+00
1.052500000000000000e+02,2.238338048778051537e+00,2.228181761066303057e+00,2.200501261581403245e+00,2.177616296021412268e+00,2.159716363609907930e+00,2.145549116730583350e+00,2.124689664081800267e+00,2.104355027486586760e+00,2.091098697626752489e+00,2.081784792887068303e+00,2.074893806617600589e+00,2.065411252504933959e+00,2.057623976962081880e+00,2.051714480818332298e+00,2.046251433390994023e+00
1.055000000000000000e+02,2.238337708908964885e+00,2.228181761895711599e+00,2.200501261492583627e+00,2.177616295954337478e+00,2.159716363447867771e+00,2.145549116415435886e+00,2.124689663321199795e+00,2.104355025864723228e+00,2.091098695090406689e+00,2.081784789621927700e+00,2.074893802590637826e+00,2.065411247611064649e+00,2.057623970886523157e+00,2.051714474959358547e+00,2.046251424122552898e+00
1.057500000000000000e+02,2.238337379087356638e+00,2.228181763133645354e+00,2.200501261417254550e+00,2.177616295886940723e+00,2.159716363286293017e+00,2.145549116104293663e+00,2.124689662566425774e+00,2.104355024237769545e+00,2.091098692606961684e+00,2.081784786300146184e+00,2.074893798615295992e+00,2.065411242526756563e+00,2.057623965022168822e+00,2.051714468391526047e+00,2.046251418981946735e+00
1.060000000000000000e+02,2.238337059528555439e+00,2.228181764739094461e+00,2.200501261354848914e+00,2.177616295820528070e+00,2.159716363123988625e+00,2.145549115791611339e+00,2.124689661806087759e+00,2.104355022635074235e+00,2.091098690114716163e+00,2.081784783045295129e+00,2.074893794623609011e+00,2.065411237571758818e+00,2.057623958967305988e+00,2.051714460718503830e+00,2.046251412019735039e+00
1.062500000000000000e+02,2.238336750404450459e+00,2.228181766672729935e+00,2.200501261304103728e+00,2.177616295753591835e+00,2.159716362963402858e+00,2.145549115480275049e+00,2.124689661059865120e+00,2.104355021032026762e+00,2.091098687648219379e+00,2.081784779726526757e+00,2.074893790738642885e+00,2.065411232511214834e+00,2.057623953277263773e+00,2.051714455234437740e+00,2.046251402051097568e+00
1.065000000000000000e+02,2.238336451846000497e+00,2.228181768896710935e+00,2.200501261264687258e+00,2.177616295687013093e+00,2.159716362802745593e+00,2.145549115168507104e+00,2.124689660308705541e+00,2.104355019439887453e+00,2.091098685145612812e+00,2.081784776539710613e+00,2.074893786830481979e+00,2.065411227692195872e+00,2.057623947508438800e+00,2.051714448770549648e+00,2.046251397790773030e+00
1.067500000000000000e+02,2.238336163945759072e+00,2.228181771375038700e+00,2.200501261234988792e+00,2.177616295620139475e+00,2.159716362642532417e+00,2.145549114860472173e+00,2.124689659564453326e+00,2.104355017835792374e+00,2.091098682729385594e+00,2.081784773300281000e+00,2.074893782867369030e+00,2.065411222801047941e+00,2.057623941228546638e+00,2.051714441208612794e+00,2.046251390937426695e+00
1.070000000000000000e+02,2.238335886760303151e+00,2.228181774073217714e+00,2.200501261214510507e+00,2.177616295554354764e+00,2.159716362481619356e+00,2.145549114551055236e+00,2.124689658813561977e+00,2.104355016266095113e+00,2.091098680275010224e+00,2.081784770079908586e+00,2.074893779056898868e+00,2.065411217727587623e+00,2.057623935956869765e+00,2.051714435874734122e+00,2.046251381956441850e+00
1.072500000000000000e+02,2.238335620312485119e+00,2.228181776958618521e+00,2.200501261201978309e+00,2.177616295488074005e+00,2.159716362322364525e+00,2.145549114242859101e+00,2.124689658078342980e+00,2.104355014685471481e+00,2.091098677858024946e+00,2.081784766875598436e+00,2.074893775183435096e+00,2.065411213062494866e+00,2.057623930230725762e+00,2.051714429512892846e+00,2.046251376879207218e+00
1.075000000000000000e+02,2.238335364593849963e+00,2.228181780000289880e+00,2.200501261197217673e+00,2.177616295422235115e+00,2.159716362163074166e+00,2.145549113934412500e+00,2.124689657336459536e+00,2.104355013122371165e+00,2.091098675412778718e+00,2.081784763719687348e+00,2.074893771391052688e+00,2.065411208194444903e+00,2.057623924215026712e+00,2.051714422375952918e+00,2.046251370131184188e+00
1.077500000000000000e+02,2.238335119566752685e+00,2.228181783169241204e+00,2.200501261198672953e+00,2.177616295356080478e+00,2.159716362004212353e+00,2.145549113629449778e+00,2.124689656602558152e+00,2.104355011540670173e+00,2.091098673037638633e+00,2.081784760563031522e+00,2.074893767496114538e+00,2.065411203425334463e+00,2.057623918869624369e+00,2.051714416871896596e+00,2.046251362149561270e+00
1.080000000000000000e+02,2.238334885166506361e+00,2.228181786438076628e+00,2.200501261205972892e+00,2.177616295291105786e+00,2.159716361844663979e+00,2.145549113323267143e+00,2.124689655861266679e+00,2.104355010003170268e+00,2.091098670636883927e+00,2.081784757373575712e+00,2.074893763805762514e+00,2.065411198595810127e+00,2.057623913188082909e+00,2.051714410610211203e+00,2.046251356234368046e+00
1.082500000000000000e+02,2.238334661303465367e+00,2.228181789781266353e+00,2.200501261217918447e+00,2.177616295225628829e+00,2.159716361686732977e+00,2.145549113018148546e+00,2.124689655136513533e+00,2.104355008446838760e+00,2.091098668251544446e+00,2.081784754280720406e+00,2.074893760029382417e+00,2.065411193957415126e+00,2.057623907601869195e+00,2.051714403881716997e+00,2.046251349588168900e+00
1.085000000000000000e+02,2.238334447864999799e+00,2.228181793174985881e+00,2.200501261234553585e+00,2.177616295160644810e+00,2.159716361528806416e+00,2.145549112712981543e+00,2.124689654404558592e+00,2.104355006909805592e+00,2.091098665871300444e+00,2.081784751154870605e+00,2.074893756263335387e+00,2.065411189273882009e+00,2.057623902014592332e+00,2.051714398217802326e+00,2.046251342618899738e+00
1.087500000000000000e+02,2.238334244717398835e+00,2.228181796597271447e+00,2.200501261254386165e+00,2.177616295095291754e+00,2.159716361371248450e+00,2.145549112411051507e+00,2.124689653680038148e+00,2.104355005358677477e+00,2.091098663527117374e+00,2.081784748078818748e+00,2.074893752542202652e+00,2.065411184387186516e+00,2.057623896593780088e+00,2.051714392054434288e+00,2.046251336261442511e+00
1.090000000000000000e+02,2.238334051707731476e+00,2.228181800027766002e+00,2.200501261277288734e+00,2.177616295031171489e+00,2.159716361213073199e+00,2.145549112108057432e+00,2.124689652949603769e+00,2.104355003843993988e+00,2.091098661178628859e+00,2.081784744934294995e+00,2.074893748861309728e+00,2.065411179938398956e+00,2.057623891201180388e+00,2.051714385718491851e+00,2.046251329295697641e+00
1.092500000000000000e+02,2.238333868665574489e+00,2.228181803447762288e+00,2.200501261302143519e+00,2.177616294966522759e+00,2.159716361056450484e+00,2.145549111805978626e+00,2.124689652233703541e+00,2.104355002315749790e+00,2.091098658824227297e+00,2.081784741935116312e+00,2.074893745195391048e+00,2.065411175275019051e+00,2.057623885390615914e+00,2.051714379904534535e+00,2.046251323353058371e+00
1.095000000000000000e+02,2.238333695404734147e+00,2.228181806840237478e+00,2.200501261329231628e+00,2.177616294902396721e+00,2.159716360899860632e+00,2.145549111504044593e+00,2.124689651511840971e+00,2.104355000799906783e+00,2.091098656507298870e+00,2.081784738872701102e+00,2.074893741438597505e+00,2.065411170681988207e+00,2.057623880369358726e+00,2.051714373837713712e+00,2.046251317093004563e+00
1.097500000000000000e+02,2.238333531724871595e+00,2.228181810189760803e+00,2.200501261357202587e+00,2.177616294837844801e+00,2.159716360743630048e+00,2.145549111205119708e+00,2.124689650796179663e+00,2.104354999280186878e+00,2.091098654193377371e+00,2.081784735840934708e+00,2.074893737887303580e+00,2.065411166071056570e+00,2.057623875012728032e+00,2.051714367879021506e+00,2.046251309241153393e+00
1.100000000000000000e+02,2.238333377412975445e+00,2.228181813482397633e+00,2.200501261386091478e+00,2.177616294774554984e+00,2.159716360586805273e+00,2.145549110905242252e+00,2.124689650076430070e+00,2.104354997786314296e+00,2.091098651895820115e+00,2.081784732803659388e+00,2.074893734236656684e+00,2.065411161603760259e+00,2.057623869272171113e+00,2.051714361924436680e+00,2.046251304340763522e+00
1.102500000000000000e+02,2.238333232244931192e+00,2.228181816705658846e+00,2.200501261414968379e+00,2.177616294710690514e+00,2.159716360431469084e+00,2.145549110606187693e+00,2.124689649369233546e+00,2.104354996285513479e+00,2.091098649571668577e+00,2.081784729832236724e+00,2.074893730656835800e+00,2.065411157116791241e+00,2.057623864354762855e+00,2.051714356059058275e+00,2.046251298174997402e+00
1.105000000000000000e+02,2.238333095986812626e+00,2.228181819848492395e+00,2.200501261444253842e+00,2.177616294647373163e+00,2.159716360276201730e+00,2.145549110307434670e+00,2.124689648657301255e+00,2.104354994790459621e+00,2.091098647316414372e+00,2.081784726846946931e+00,2.074893727022018020e+00,2.065411152407128803e+00,2.057623859036058711e+00,2.051714350356335093e+00,2.046251289411932461e+00
1.107500000000000000e+02,2.238332968396307354e+00,2.228181822901237563e+00,2.200501261472812331e+00,2.177616294583549994e+00,2.159716360121285206e+00,2.145549110011470084e+00,2.124689647950341431e+00,2.104354993301402299e+00,2.091098645032078096e+00,2.081784723842936558e+00,2.074893723523147493e+00,2.065411148163037947e+00,2.057623853706076922e+00,2.051714344270010759e+00,2.046251285570861000e+00
1.110000000000000000e+02,2.238332849223921617e+00,2.228181825855497955e+00,2.200501261500799277e+00,2.177616294521018236e+00,2.159716359965793586e+00,2.145549109714703917e+00,2.124689647241035928e+00,2.104354991827921850e+00,2.091098642784192663e+00,2.081784720910144770e+00,2.074893719977949580e+00,2.065411143693485219e+00,2.057623848549485324e+00,2.051714338762958612e+00,2.046251279496358322e+00
1.112500000000000000e+02,2.238332738214165119e+00,2.228181828704033585e+00,2.200501261527484598e+00,2.177616294457853652e+00,2.159716359811758579e+00,2.145549109418603440e+00,2.124689646542422317e+00,2.104354990353954680e+00,2.091098640501229067e+00,2.081784717965711629e+00,2.074893716405547206e+00,2.065411139267378182e+00,2.057623843376668482e+00,2.051714333143515478e+00,2.046251271114241987e+00
1.115000000000000000e+02,2.238332635106712765e+00,2.228181831440834149e+00,2.200501261553347465e+00,2.177616294395273489e+00,2.159716359657804396e+00,2.145549109123002118e+00,2.124689645840234231e+00,2.104354988879276966e+00,2.091098638294435208e+00,2.081784715055573276e+00,2.074893712933765677e+00,2.065411134863406772e+00,2.057623838330685295e+00,2.051714326934003019e+00,2.046251267032328958e+00
1.117500000000000000e+02,2.238332539637440721e+00,2.228181834060990685e+00,2.200501261577522349e+00,2.177616294332082258e+00,2.159716359504174843e+00,2.145549108829954310e+00,2.124689645141853322e+00,2.104354987420153922e+00,2.091098636056442306e+00,2.081784712078567967e+00,2.074893709441721690e+00,2.065411130558350017e+00,2.057623832952836462e+00,2.051714321771386462e+00,2.046251261046087233e+00
1.120000000000000000e+02,2.238332451539407408e+00,2.228181836560618745e+00,2.200501261600207759e+00,2.177616294270225517e+00,2.159716359350009718e+00,2.145549108536224381e+00,2.124689644442815162e+00,2.104354985966682801e+00,2.091098633839590715e+00,2.081784709247637366e+00,2.074893705999433902e+00,2.065411126257612473e+00,2.057623828162217006e+00,2.051714316233931079e+00,2.046251253567447304e+00
1.122500000000000000e+02,2.238332370543846928e+00,2.228181838936722947e+00,2.200501261620880555e+00,2.177616294207691539e+00,2.159716359197240365e+00,2.145549108243072656e+00,2.124689643752642798e+00,2.104354984518943095e+00,2.091098631616313597e+00,2.081784706349544489e+00,2.074893702448019184e+00,2.065411121715879261e+00,2.057623823146227160e+00,2.051714309909328460e+00,2.046251248714191284e+00
1.125000000000000000e+02,2.238332296380958653e+00,2.228181841187270251e+00,2.200501261640056772e+00,2.177616294145721554e+00,2.159716359044591805e+00,2.145549107950559531e+00,2.124689643060015065e+00,2.104354983064258722e+00,2.091098629437305068e+00,2.081784703492536970e+00,2.074893699121320267e+00,2.065411117665598706e+00,2.057623817659613330e+00,2.051714305077838585e+00,2.046251242813284854e+00
1.127500000000000000e+02,2.238332228780820721e+00,2.228181843311030530e+00,2.200501261657077379e+00,2.177616294083099646e+00,2.159716358892230570e+00,2.145549107660396970e+00,2.124689642370066078e+00,2.104354981634372290e+00,2.091098627247065078e+00,2.081784700610549876e+00,2.074893695691415907e+00,2.065411113379786112e+00,2.057623813136623792e+00,2.051714299621037352e+00,2.046251236250884453e+00
1.130000000000000000e+02,2.238332167474055723e+00,2.228181845307611209e+00,2.200501261672181297e+00,2.177616294021820664e+00,2.159716358739383946e+00,2.145549107369685959e+00,2.124689641681100749e+00,2.104354980200521030e+00,2.091098625058004146e+00,2.081784697810118434e+00,2.074893692293455771e+00,2.065411109112053722e+00,2.057623808152630573e+00,2.051714293189072169e+00,2.046251230609799965e+00
1.132500000000000000e+02,2.238332112192616297e+00,2.228181847177183705e+00,2.200501261684997711e+00,2.177616293959809379e+00,2.159716358587868701e+00,2.145549107079424811e+00,2.124689640999225748e+00,2.104354978778433249e+00,2.091098622892899161e+00,2.081784694984015527e+00,2.074893688898643340e+00,2.065411104904159245e+00,2.057623803059069001e+00,2.051714288675928977e+00,2.046251224787118073e+00
1.135000000000000000e+02,2.238332062670388201e+00,2.228181848920681940e+00,2.200501261696064859e+00,2.177616293898393618e+00,2.159716358436510664e+00,2.145549106789965688e+00,2.124689640316007377e+00,2.104354977343343869e+00,2.091098620741058678e+00,2.081784692151924965e+00,2.074893685577153590e+00,2.065411100753036244e+00,2.057623798299807572e+00,2.051714283298488262e+00,2.046251219154861634e+00
1.137500000000000000e+02,2.238332018643803600e+00,2.228181850539552755e+00,2.200501261704899569e+00,2.177616293836244665e+00,2.159716358285426185e+00,2.145549106502656400e+00,2.124689639634361082e+00,2.104354975942013706e+00,2.091098618597415637e+00,2.081784689368075814e+00,2.074893682245579907e+00,2.065411096628850807e+00,2.057623793355864095e+00,2.051714276947512960e+00,2.046251213595707608e+00
1.140000000000000000e+02,2.238331979852410836e+00,2.228181852035894028e+00,2.200501261711738543e+00,2.177616293775470613e+00,2.159716358133867420e+00,2.145549106214914570e+00,2.124689638955271853e+00,2.104354974527420374e+00,2.091098616435512980e+00,2.081784686591861000e+00,2.074893678852617995e+00,2.065411092275625471e+00,2.057623788629747708e+00,2.051714272559463037e+00,2.046251206956776869e+00
1.142500000000000000e+02,2.238331946039374021e+00,2.228181853412092739e+00,2.200501261716345969e+00,2.177616293713926510e+00,2.159716357983610280e+00,2.145549105927508471e+00,2.124689638281577420e+00,2.104354973130409423e+00,2.091098614327109306e+00,2.081784683835948169e+00,2.074893675611045207e+00,2.065411088379940807e+00,2.057623783651480132e+00,2.051714267260117630e+00,2.046251202269811831e+00
1.145000000000000000e+02,2.238331916951900258e+00,2.228181854671082096e+00,2.200501261719240098e+00,2.177616293652985480e+00,2.159716357833522338e+00,2.145549105641066490e+00,2.124689637607588111e+00,2.104354971716503542e+00,2.091098612201857332e+00,2.081784681028082229e+00,2.074893672294035873e+00,2.065411084268362618e+00,2.057623779073636694e+00,2.051714261271343709e+00,2.046251196789961924e+00
1.147500000000000000e+02,2.238331892341725915e+00,2.228181855816097734e+00,2.200501261720102519e+00,2.177616293591261964e+00,2.159716357683694632e+00,2.145549105356572284e+00,2.124689636934117498e+00,2.104354970341110409e+00,2.091098610103665489e+00,2.081784678339915207e+00,2.074893669058488932e+00,2.065411080150997059e+00,2.057623774372177916e+00,2.051714256722394936e+00,2.046251189311455665e+00
1.150000000000000000e+02,2.238331871965423936e+00,2.228181856850834031e+00,2.200501261719120194e+00,2.177616293530917346e+00,2.159716357533431275e+00,2.145549105071763663e+00,2.124689636264731174e+00,2.104354968949615046e+00,2.091098607968814083e+00,2.081784675594620992e+00,2.074893665738197335e+00,2.065411076129031631e+00,2.057623769191178287e+00,2.051714251499893837e+00,2.046251185586201338e+00
1.152500000000000000e+02,2.238331855584793306e+00,2.228181857779052422e+00,2.200501261716183876e+00,2.177616293469808895e+00,2.159716357384398489e+00,2.145549104787169981e+00,2.124689635599076976e+00,2.104354967572913182e+00,2.091098605915230557e+00,2.081784672899761990e+00,2.074893662578187303e+00,2.065411072124078817e+00,2.057623764961416413e+00,2.051714245859575403e+00,2.046251180183131790e+00
1.155000000000000000e+02,2.238331842967095309e+00,2.228181858604903365e+00,2.200501261711753198e+00,2.177616293409262660e+00,2.159716357235570872e+00,2.145549104503696736e+00,2.124689634934152860e+00,2.104354966186881004e+00,2.091098603825626068e+00,2.081784670162381001e+00,2.074893659352475606e+00,2.065411068167406050e+00,2.057623760286670933e+00,2.051714241158822727e+00,2.046251172330717072e+00
1.157500000000000000e+02,2.238331833885401245e+00,2.228181859332622583e+00,2.200501261705618994e+00,2.177616293347981014e+00,2.159716357086988392e+00,2.145549104221974535e+00,2.124689634268729588e+00,2.104354964829731500e+00,2.091098601762158005e+00,2.081784667520659937e+00,2.074893656123186769e+00,2.065411064001993147e+00,2.057623755411608357e+00,2.051714236011938475e+00,2.046251169094617239e+00
1.160000000000000000e+02,2.238331828118742539e+00,2.228181859966759326e+00,2.200501261697962452e+00,2.177616293287976124e+00,2.159716356937988468e+00,2.145549103940066704e+00,2.124689633608867201e+00,2.104354963462524708e+00,2.091098599682226666e+00,2.081784664842628807e+00,2.074893652950192902e+00,2.065411060244114694e+00,2.057623751019463931e+00,2.051714230706883857e+00,2.046251163765798964e+00
1.162500000000000000e+02,2.238331825452339885e+00,2.228181860511770473e+00,2.200501261688700527e+00,2.177616293227266908e+00,2.159716356790180924e+00,2.145549103658260570e+00,2.124689632951131113e+00,2.104354962104058480e+00,2.091098597653607172e+00,2.081784662170150124e+00,2.074893649793271955e+00,2.065411056297916659e+00,2.057623746373312024e+00,2.051714225863008778e+00,2.046251156732933119e+00
1.165000000000000000e+02,2.238331825677789322e+00,2.228181860972340722e+00,2.200501261678281306e+00,2.177616293167090156e+00,2.159716356642606971e+00,2.145549103377725420e+00,2.124689632295119424e+00,2.104354960745254743e+00,2.091098595607783217e+00,2.081784659525026893e+00,2.074893646659411672e+00,2.065411052323399055e+00,2.057623741856571264e+00,2.051714220790526344e+00,2.046251152785665273e+00
1.167500000000000000e+02,2.238331828593147499e+00,2.228181861353125015e+00,2.200501261666569786e+00,2.177616293106212630e+00,2.159716356495252843e+00,2.145549103098748578e+00,2.124689631637620035e+00,2.104354959405991377e+00,2.091098593569278297e+00,2.081784656905034669e+00,2.074893643432979218e+00,2.065411048477820533e+00,2.057623737247885387e+00,2.051714215808060793e+00,2.046251147528616698e+00
1.170000000000000000e+02,2.238331834003083554e+00,2.228181861658942164e+00,2.200501261653680984e+00,2.177616293046519935e+00,2.159716356347508803e+00,2.145549102819677589e+00,2.124689630987095956e+00,2.104354958062560677e+00,2.091098591542922769e+00,2.081784654292632375e+00,2.074893640404215311e+00,2.065411044611774383e+00,2.057623732866638022e+00,2.051714210829353124e+00,2.046251141327694256e+00
1.172500000000000000e+02,2.238331841718931070e+00,2.228181861894385385e+00,2.200501261639611350e+00,2.177616292986213509e+00,2.159716356200903409e+00,2.145549102540633690e+00,2.124689630337156743e+00,2.104354956721965486e+00,2.091098589538766372e+00,2.081784651641894968e+00,2.074893637279803027e+00,2.065411040814118859e+00,2.057623728456063894e+00,2.051714205922420042e+00,2.046251136649948510e+00
1.175000000000000000e+02,2.238331851558786667e+00,2.228181862064199770e+00,2.200501261624710381e+00,2.177616292926370267e+00,2.159716356054560915e+00,2.145549102262978014e+00,2.124689629689910930e+00,2.104354955389774684e+00,2.091098587535641151e+00,2.081784649086829031e+00,2.074893634205615012e+00,2.065411036827025537e+00,2.057623723646508918e+00,2.051714201157995188e+00,2.046251131462269335e+00
1.177500000000000000e+02,2.238331863347488682e+00,2.228181862172949224e+00,2.200501261608924342e+00,2.177616292865879544e+00,2.159716355908424479e+00,2.145549101986709228e+00,2.124689629040203087e+00,2.104354954068090144e+00,2.091098585521580233e+00,2.081784646487957247e+00,2.074893631099154145e+00,2.065411033200077462e+00,2.057623719599242396e+00,2.051714196052385475e+00,2.046251126106734652e+00
1.180000000000000000e+02,2.238331876916695773e+00,2.228181862225325993e+00,2.200501261592330948e+00,2.177616292806498155e+00,2.159716355761914119e+00,2.145549101710465312e+00,2.124689628398855223e+00,2.104354952747898633e+00,2.091098583547480683e+00,2.081784643939574853e+00,2.074893628093896325e+00,2.065411029410950672e+00,2.057623715210651127e+00,2.051714191452406855e+00,2.046251121153634500e+00
1.182500000000000000e+02,2.238331892104812759e+00,2.228181862225684373e+00,2.200501261574929757e+00,2.177616292746562987e+00,2.159716355616521088e+00,2.145549101434137462e+00,2.124689627756591204e+00,2.104354951424856957e+00,2.091098581567245596e+00,2.081784641337037112e+00,2.074893625057373736e+00,2.065411025572250203e+00,2.057623710537859640e+00,2.051714186751727453e+00,2.046251115557411016e+00
1.185000000000000000e+02,2.238331908757027477e+00,2.228181862178452377e+00,2.200501261557033406e+00,2.177616292687058586e+00,2.159716355471399396e+00,2.145549101159336391e+00,2.124689627117935853e+00,2.104354950118685341e+00,2.091098579605803032e+00,2.081784638842801183e+00,2.074893621984775560e+00,2.065411021894183019e+00,2.057623706485455450e+00,2.051714181526776315e+00,2.046251111061856864e+00
1.187500000000000000e+02,2.238331926725242838e+00,2.228181862087800447e+00,2.200501261538622799e+00,2.177616292626954220e+00,2.159716355326460224e+00,2.145549100885748572e+00,2.124689626475911197e+00,2.104354948814228798e+00,2.091098577615688292e+00,2.081784636302681069e+00,2.074893619017095237e+00,2.065411018160154821e+00,2.057623702120742859e+00,2.051714177222173419e+00,2.046251106175717815e+00
1.190000000000000000e+02,2.238331945868003103e+00,2.228181861957986953e+00,2.200501261519701934e+00,2.177616292567882805e+00,2.159716355181187097e+00,2.145549100612278881e+00,2.124689625843565022e+00,2.104354947516785757e+00,2.091098575692549311e+00,2.081784633778584137e+00,2.074893616013046671e+00,2.065411014513616195e+00,2.057623697792037021e+00,2.051714172584382379e+00,2.046251099804721196e+00
1.192500000000000000e+02,2.238331966050454813e+00,2.228181861792867924e+00,2.200501261500306782e+00,2.177616292508332219e+00,2.159716355036964686e+00,2.145549100338632442e+00,2.124689625208861177e+00,2.104354946210966748e+00,2.091098573738586541e+00,2.081784631262920904e+00,2.074893613062454456e+00,2.065411010695879845e+00,2.057623693525624464e+00,2.051714167247312925e+00,2.046251096184887430e+00
1.195000000000000000e+02,2.238331987144255297e+00,2.228181861596328694e+00,2.200501261480682924e+00,2.177616292449149782e+00,2.159716354893057577e+00,2.145549100066630910e+00,2.124689624578673275e+00,2.104354944930226345e+00,2.091098571815016793e+00,2.081784628788180935e+00,2.074893610020516199e+00,2.065411007193430848e+00,2.057623689326317784e+00,2.051714163226966203e+00,2.046251091363543662e+00
1.197500000000000000e+02,2.238332009027464764e+00,2.228181861371973049e+00,2.200501261460862779e+00,2.177616292389433550e+00,2.159716354749309453e+00,2.145549099795691639e+00,2.124689623944199024e+00,2.104354943642693598e+00,2.091098569866263190e+00,2.081784626309502784e+00,2.074893607159112197e+00,2.065411003553579761e+00,2.057623685185160589e+00,2.051714158651206432e+00,2.046251084194856684e+00
1.200000000000000000e+02,2.238332031584427284e+00,2.228181861123426977e+00,2.200501261440779732e+00,2.177616292330669001e+00,2.159716354605233146e+00,2.145549099524961534e+00,2.124689623320699550e+00,2.104354942367514525e+00,2.091098567974917888e+00,2.081784623804915579e+00,2.074893604215789722e+00,2.065410999844088824e+00,2.057623680719936399e+00,2.051714153208943348e+00,2.046251081467660438e+00
1.202500000000000000e+02,2.238332054705680640e+00,2.228181860853919893e+00,2.200501261420508392e+00,2.177616292271493670e+00,2.159716354462197785e+00,2.145549099253962755e+00,2.124689622693438640e+00,2.104354941078599772e+00,2.091098566061128761e+00,2.081784621374083155e+00,2.074893601289087730e+00,2.065410996325127702e+00,2.057623676841500160e+00,2.051714149462144920e+00,2.046251076709012295e+00
1.205000000000000000e+02,2.238332078287828431e+00,2.228181860566667005e+00,2.200501261400181541e+00,2.177616292212654514e+00,2.159716354319481280e+00,2.145549098984733671e+00,2.124689622071556094e+00,2.104354939822709714e+00,2.091098564160077444e+00,2.081784618918316010e+00,2.074893598380739501e+00,2.065410992716745664e+00,2.057623672718075447e+00,2.051714144947592633e+00,2.046251070073724865e+00
1.207500000000000000e+02,2.238332102233365539e+00,2.228181860264613068e+00,2.200501261379909756e+00,2.177616292153321087e+00,2.159716354176901998e+00,2.145549098716405201e+00,2.124689621444518117e+00,2.104354938552225551e+00,2.091098562260756744e+00,2.081784616499620988e+00,2.074893595519428757e+00,2.065410989213828152e+00,2.057623668232809955e+00,2.051714139563882711e+00,2.046251066902094795e+00
1.210000000000000000e+02,2.238332126450602200e+00,2.228181859950668198e+00,2.200501261359547378e+00,2.177616292094878059e+00,2.159716354034049601e+00,2.145549098448392478e+00,2.124689620829696590e+00,2.104354937298393402e+00,2.091098560391445815e+00,2.081784614022965219e+00,2.074893592658409336e+00,2.065410985557112777e+00,2.057623664495225491e+00,2.051714135923169646e+00,2.046251062204010207e+00
1.212500000000000000e+02,2.238332150853438840e+00,2.228181859627389905e+00,2.200501261339203651e+00,2.177616292036090861e+00,2.159716353892167984e+00,2.145549098180007164e+00,2.124689620209768481e+00,2.104354936030832235e+00,2.091098558516883532e+00,2.081784611666005702e+00,2.074893589731552357e+00,2.065410982173133014e+00,2.057623660391453058e+00,2.051714131468989954e+00,2.046251056326417572e+00
1.215000000000000000e+02,2.238332175361286147e+00,2.228181859297278855e+00,2.200501261318926538e+00,2.177616291977597207e+00,2.159716353750627427e+00,2.145549097913519443e+00,2.124689619596054069e+00,2.104354934794471887e+00,2.091098556637878580e+00,2.081784609254491603e+00,2.074893586954183355e+00,2.065410978675253251e+00,2.057623656237004273e+00,2.051714126397479188e+00,2.046251052480061006e+00
1.217500000000000000e+02,2.238332199898863895e+00,2.228181858962599460e+00,2.200501261298891453e+00,2.177616291918655023e+00,2.159716353609223205e+00,2.145549097647768466e+00,2.124689618976485672e+00,2.104354933545577566e+00,2.091098554786804176e+00,2.081784606868516185e+00,2.074893584100135691e+00,2.065410975088756373e+00,2.057623652288092853e+00,2.051714122605605262e+00,2.046251047840490500e+00
1.220000000000000000e+02,2.238332224396051728e+00,2.228181858625566836e+00,2.200501261278877241e+00,2.177616291860538400e+00,2.159716353467540539e+00,2.145549097382414505e+00,2.124689618370064537e+00,2.104354932307792581e+00,2.091098552939075095e+00,2.081784604473766453e+00,2.074893581311869184e+00,2.065410971721035605e+00,2.057623648257417504e+00,2.051714118210959725e+00,2.046251042733528092e+00
1.222500000000000000e+02,2.238332248787706202e+00,2.228181858288051043e+00,2.200501261259002472e+00,2.177616291802128679e+00,2.159716353326805560e+00,2.145549097116612458e+00,2.124689617757890225e+00,2.104354931064526202e+00,2.091098551102822611e+00,2.081784602134304052e+00,2.074893578461196153e+00,2.065410968232308964e+00,2.057623644366099125e+00,2.051714113440109788e+00,2.046251038306921455e+00
1.225000000000000000e+02,2.238332273013531992e+00,2.228181857951893274e+00,2.200501261239273365e+00,2.177616291743997845e+00,2.159716353186442284e+00,2.145549096852839011e+00,2.124689617151647614e+00,2.104354929843949229e+00,2.091098549245395954e+00,2.081784599780413192e+00,2.074893575735338835e+00,2.065410964866000842e+00,2.057623640220545891e+00,2.051714109505117012e+00,2.046251033610317904e+00
1.227500000000000000e+02,2.238332297017894490e+00,2.228181857618686035e+00,2.200501261219896865e+00,2.177616291685444683e+00,2.159716353046177595e+00,2.145549096589626004e+00,2.124689616540671011e+00,2.104354928616176235e+00,2.091098547441418098e+00,2.081784597411942439e+00,2.074893572960227139e+00,2.065410961362443842e+00,2.057623636498516984e+00,2.051714105169188507e+00,2.046251029287951440e+00
1.230000000000000000e+02,2.238332320749614635e+00,2.228181857290000512e+00,2.200501261200592307e+00,2.177616291627652689e+00,2.159716352905679759e+00,2.145549096326919702e+00,2.124689615941245169e+00,2.104354927394134211e+00,2.091098545614819226e+00,2.081784595097186052e+00,2.074893570170791346e+00,2.065410958091218774e+00,2.057623632621163878e+00,2.051714100687893172e+00,2.046251024918090522e+00
1.232500000000000000e+02,2.238332344161850784e+00,2.228181856967109908e+00,2.200501261181516011e+00,2.177616291569646201e+00,2.159716352766091862e+00,2.145549096063677830e+00,2.124689615337075566e+00,2.104354926174620832e+00,2.091098543816020339e+00,2.081784592774703402e+00,2.074893567446294718e+00,2.065410954728418513e+00,2.057623628310008446e+00,2.051714096617474059e+00,2.046251019505402002e+00
1.235000000000000000e+02,2.238332367211937513e+00,2.228181856651220816e+00,2.200501261162595590e+00,2.177616291511857316e+00,2.159716352626865898e+00,2.145549095802547601e+00,2.124689614737838017e+00,2.104354924969512375e+00,2.091098541987547854e+00,2.081784590477066654e+00,2.074893564718987893e+00,2.065410951259096350e+00,2.057623624864536982e+00,2.051714092339435247e+00,2.046251015982635035e+00
1.237500000000000000e+02,2.238332389861117822e+00,2.228181856343358636e+00,2.200501261144093057e+00,2.177616291453707387e+00,2.159716352487754065e+00,2.145549095541856577e+00,2.124689614135291116e+00,2.104354923762430829e+00,2.091098540221741686e+00,2.081784588125592528e+00,2.074893562021014493e+00,2.065410948035254268e+00,2.057623621003065839e+00,2.051714088137013281e+00,2.046251011667645336e+00
1.240000000000000000e+02,2.238332412074512945e+00,2.228181856044522124e+00,2.200501261125673569e+00,2.177616291396250237e+00,2.159716352348421520e+00,2.145549095281738428e+00,2.124689613542772193e+00,2.104354922555864427e+00,2.091098538428931786e+00,2.081784585889056238e+00,2.074893559229909812e+00,2.065410944678080174e+00,2.057623617010345018e+00,2.051714083938533939e+00,2.046251005517540023e+00
1.242500000000000000e+02,2.238332433820835465e+00,2.228181855755475560e+00,2.200501261107514761e+00,2.177616291338636323e+00,2.159716352209950063e+00,2.145549095021019426e+00,2.124689612946442541e+00,2.104354921359585795e+00,2.091098536653610118e+00,2.081784583597653615e+00,2.074893556629186619e+00,2.065410941424211888e+00,2.057623613356300396e+00,2.051714079798059753e+00,2.046251002810509423e+00
1.245000000000000000e+02,2.238332455072297389e+00,2.228181855476897510e+00,2.200501261089506500e+00,2.177616291281200489e+00,2.159716352071883172e+00,2.145549094762523978e+00,2.124689612354113244e+00,2.104354920169677623e+00,2.091098534870866388e+00,2.081784581340401452e+00,2.074893553936396184e+00,2.065410938066396529e+00,2.057623609512486684e+00,2.051714075783735769e+00,2.046250998548578615e+00
1.247500000000000000e+02,2.238332475804389432e+00,2.228181855209308893e+00,2.200501261071936110e+00,2.177616291223443135e+00,2.159716351933895773e+00,2.145549094504330956e+00,2.124689611759844610e+00,2.104354918982861200e+00,2.091098533124939429e+00,2.081784579058745699e+00,2.074893551277510184e+00,2.065410934902625950e+00,2.057623605822865187e+00,2.051714071464252331e+00,2.046250992270044922e+00
1.250000000000000000e+02,2.238332495995785987e+00,2.228181854953273255e+00,2.200501261054429669e+00,2.177616291166327489e+00,2.159716351795708533e+00,2.145549094246785859e+00,2.124689611174123804e+00,2.104354917791475987e+00,2.091098531368225100e+00,2.081784576845358004e+00,2.074893548604494597e+00,2.065410931668429040e+00,2.057623601974458705e+00,2.051714067589578416e+00,2.046250989764522465e+00
1.252500000000000000e+02,2.238332515628119523e+00,2.228181854709094356e+00,2.200501261037194567e+00,2.177616291109106150e+00,2.159716351658352185e+00,2.145549093988537770e+00,2.124689610585518640e+00,2.104354916617917848e+00,2.091098529612801737e+00,2.081784574608014360e+00,2.074893546004920264e+00,2.065410928310801530e+00,2.057623598397525289e+00,2.051714063624435092e+00,2.046250985553856871e+00
1.255000000000000000e+02,2.238332534685848696e+00,2.228181854477052859e+00,2.200501261020055832e+00,2.177616291052032693e+00,2.159716351521416833e+00,2.145549093732647794e+00,2.124689609999989681e+00,2.104354915442945728e+00,2.091098527874715174e+00,2.081784572366505159e+00,2.074893543386171046e+00,2.065410925223917893e+00,2.057623594748830165e+00,2.051714059190671957e+00,2.046250979967304318e+00
1.257500000000000000e+02,2.238332553156120674e+00,2.228181854257315742e+00,2.200501261003372289e+00,2.177616290994673687e+00,2.159716351384537880e+00,2.145549093476892821e+00,2.124689609413853653e+00,2.104354914275957444e+00,2.091098526148287728e+00,2.081784570160365444e+00,2.074893540724775054e+00,2.065410921993894533e+00,2.057623590719465323e+00,2.051714055572006146e+00,2.046250976837580726e+00
1.260000000000000000e+02,2.238332571028605944e+00,2.228181854050027777e+00,2.200501260986702956e+00,2.177616290937887999e+00,2.159716351247498167e+00,2.145549093221887471e+00,2.124689608834833265e+00,2.104354913099499402e+00,2.091098524426871386e+00,2.081784567962208676e+00,2.074893538171068474e+00,2.065410918845339783e+00,2.057623587425488232e+00,2.051714051655519011e+00,2.046250972676406210e+00
1.262500000000000000e+02,2.238332588295356640e+00,2.228181853855202288e+00,2.200501260970295192e+00,2.177616290881055239e+00,2.159716351111240940e+00,2.145549092966109406e+00,2.124689608253832240e+00,2.104354911948171480e+00,2.091098522690948425e+00,2.081784565777743623e+00,2.074893535568703928e+00,2.065410915626298305e+00,2.057623583789287558e+00,2.051714047113930572e+00,2.046250967794226661e+00
1.265000000000000000e+02,2.238332604950636462e+00,2.228181853672785095e+00,2.200501260953925176e+00,2.177616290824340162e+00,2.159716350975425136e+00,2.145549092712772499e+00,2.124689607674983272e+00,2.104354910787850752e+00,2.091098520996460763e+00,2.081784563551406286e+00,2.074893533022450942e+00,2.065410912564977330e+00,2.057623579946860293e+00,2.051714043741863058e+00,2.046250964022593433e+00
1.267500000000000000e+02,2.238332620990818533e+00,2.228181853502690046e+00,2.200501260938001469e+00,2.177616290767385721e+00,2.159716350839656851e+00,2.145549092459439144e+00,2.124689607096844401e+00,2.104354909640288263e+00,2.091098519289100288e+00,2.081784561419166568e+00,2.074893530399558816e+00,2.065410909453282429e+00,2.057623576567050083e+00,2.051714039873476114e+00,2.046250959909149181e+00
1.270000000000000000e+02,2.238332636414249510e+00,2.228181853344763930e+00,2.200501260922040458e+00,2.177616290710926439e+00,2.159716350703730026e+00,2.145549092206943342e+00,2.124689606524419627e+00,2.104354908478479835e+00,2.091098517602218099e+00,2.081784559240069665e+00,2.074893527921390479e+00,2.065410906202200803e+00,2.057623572945110002e+00,2.051714035230227218e+00,2.046250955744679523e+00
1.272500000000000000e+02,2.238332651221067060e+00,2.228181853198825557e+00,2.200501260906327694e+00,2.177616290654484033e+00,2.159716350568561705e+00,2.145549091953595777e+00,2.124689605950874416e+00,2.104354907348925163e+00,2.091098515885339015e+00,2.081784557102993816e+00,2.074893525378688874e+00,2.065410903245702645e+00,2.057623569394861462e+00,2.051714032095686147e+00,2.046250951825697051e+00
1.275000000000000000e+02,2.238332665413140354e+00,2.228181853064583606e+00,2.200501260890575850e+00,2.177616290598124227e+00,2.159716350433854792e+00,2.145549091702786182e+00,2.124689605378636159e+00,2.104354906205180065e+00,2.091098514233489247e+00,2.081784554927159636e+00,2.074893522840521420e+00,2.065410900136849914e+00,2.057623565823028855e+00,2.051714028274880697e+00,2.046250947244959484e+00
1.277500000000000000e+02,2.238332678993903535e+00,2.228181852941753860e+00,2.200501260875267651e+00,2.177616290541548594e+00,2.159716350299186072e+00,2.145549091451846468e+00,2.124689604808352339e+00,2.104354905074470761e+00,2.091098512551762489e+00,2.081784552831498214e+00,2.074893520332693253e+00,2.065410897088743702e+00,2.057623562380891613e+00,2.051714023673263387e+00,2.046250943812502943e+00
1.280000000000000000e+02,2.238332691968234478e+00,2.228181852830018350e+00,2.200501260859860420e+00,2.177616290485425488e+00,2.159716350164383680e+00,2.145549091201809588e+00,2.124689604242424146e+00,2.104354903934021692e+00,2.091098510891654438e+00,2.081784550703200232e+00,2.074893517850947777e+00,2.065410894001945330e+00,2.057623558944940090e+00,2.051714020630158952e+00,2.046250939940099212e+00
1.282500000000000000e+02,2.238332704342374857e+00,2.228181852729048895e+00,2.200501260844669904e+00,2.177616290429368995e+00,2.159716350030285170e+00,2.145549090950861437e+00,2.124689603676225502e+00,2.104354902818786233e+00,2.091098509216046342e+00,2.081784548580171368e+00,2.074893515377887798e+00,2.065410891038294672e+00,2.057623555194081799e+00,2.051714016856368783e+00,2.046250934676668631e+00
1.285000000000000000e+02,2.238332716123775157e+00,2.228181852638421390e+00,2.200501260829392347e+00,2.177616290373355579e+00,2.159716349896684484e+00,2.145549090702548511e+00,2.124689603110465175e+00,2.104354901693879842e+00,2.091098507583302180e+00,2.081784546475766717e+00,2.074893512835870535e+00,2.065410888043471616e+00,2.057623552024834712e+00,2.051714012526563824e+00,2.046250931991521416e+00
1.287500000000000000e+02,2.238332727321033389e+00,2.228181852557730380e+00,2.200501260814527793e+00,2.177616290317178738e+00,2.159716349763093568e+00,2.145549090453978902e+00,2.124689602547894296e+00,2.104354900577104726e+00,2.091098505934875895e+00,2.081784544393758818e+00,2.074893510441103039e+00,2.065410884893982502e+00,2.057623548598280561e+00,2.051714009341945033e+00,2.046250928164162985e+00
1.290000000000000000e+02,2.238332737943756090e+00,2.228181852486570413e+00,2.200501260799534897e+00,2.177616290261381149e+00,2.159716349629387189e+00,2.145549090206377407e+00,2.124689601988377419e+00,2.104354899457938632e+00,2.091098504292782323e+00,2.081784542315125552e+00,2.074893507971399043e+00,2.065410882061751607e+00,2.057623544895752499e+00,2.051714005614674097e+00,2.046250922207468737e+00
1.292500000000000000e+02,2.238332748002474837e+00,2.228181852424518272e+00,2.200501260784732960e+00,2.177616290205709237e+00,2.159716349496369592e+00,2.145549089957809574e+00,2.124689601429398333e+00,2.104354898356376680e+00,2.091098502658549574e+00,2.081784540205750655e+00,2.074893505550427175e+00,2.065410879068481975e+00,2.057623541771275377e+00,2.051714001546861343e+00,2.046250920275541674e+00
1.295000000000000000e+02,2.238332757508545878e+00,2.228181852371093452e+00,2.200501260769764489e+00,2.177616290150050204e+00,2.159716349363848042e+00,2.145549089711947133e+00,2.124689600870056427e+00,2.104354897249963940e+00,2.091098501043393565e+00,2.081784538171255861e+00,2.074893503087394730e+00,2.065410876116181349e+00,2.057623538355961124e+00,2.051713998227862490e+00,2.046250916491685334e+00
1.297500000000000000e+02,2.238332766474081303e+00,2.228181852325850087e+00,2.200501260755220123e+00,2.177616290094249063e+00,2.159716349231332710e+00,2.145549089465720538e+00,2.124689600315062599e+00,2.104354896146864995e+00,2.091098499427535895e+00,2.081784536102442740e+00,2.074893500720451200e+00,2.065410873155464788e+00,2.057623534935379972e+00,2.051713994546545017e+00,2.046250911168608244e+00
1.300000000000000000e+02,2.238332774911843792e+00,2.228181852288323217e+00,2.200501260740494125e+00,2.177616290038784985e+00,2.159716349098709465e+00,2.145549089220531780e+00,2.124689599761848680e+00,2.104354895048542229e+00,2.091098497803078438e+00,2.081784534072422588e+00,2.074893498317589291e+00,2.065410870285048439e+00,2.057623531621284751e+00,2.051713990731271142e+00,2.046250908658384660e+00
1.302500000000000000e+02,2.238332782835178669e+00,2.228181852258098949e+00,2.200501260725943986e+00,2.177616289983486997e+00,2.159716348966751021e+00,2.145549088974301188e+00,2.124689599209964364e+00,2.104354893960428186e+00,2.091098496209343516e+00,2.081784531995819698e+00,2.074893495892158768e+00,2.065410867401628714e+00,2.057623528304543647e+00,2.051713987284767171e+00,2.046250904916466773e+00
1.305000000000000000e+02,2.238332790257905547e+00,2.228181852234638605e+00,2.200501260711204665e+00,2.177616289928160587e+00,2.159716348835297062e+00,2.145549088730878129e+00,2.124689598656928080e+00,2.104354892872104088e+00,2.091098494611425718e+00,2.081784530010136081e+00,2.074893493538149336e+00,2.065410864349194409e+00,2.057623525066758052e+00,2.051713983648859596e+00,2.046250900238823167e+00
1.307500000000000000e+02,2.238332797194288126e+00,2.228181852217537173e+00,2.200501260696828165e+00,2.177616289872745359e+00,2.159716348703861311e+00,2.145549088486960354e+00,2.124689598109379851e+00,2.104354891782443726e+00,2.091098493027430116e+00,2.081784527983998156e+00,2.074893491166560189e+00,2.065410861635385231e+00,2.057623521575645320e+00,2.051713980076983912e+00,2.046250897133764290e+00
1.310000000000000000e+02,2.238332803658956482e+00,2.228181852206304825e+00,2.200501260682277582e+00,2.177616289817614792e+00,2.159716348572299882e+00,2.145549088244147029e+00,2.124689597562399612e+00,2.104354890704511316e+00,2.091098491420224192e+00,2.081784525971682953e+00,2.074893488829196109e+00,2.065410858752368739e+00,2.057623518522338379e+00,2.051713976509512261e+00,2.046250893432294049e+00
1.312500000000000000e+02,2.238332809666809808e+00,2.228181852200579183e+00,2.200501260667853565e+00,2.177616289762684509e+00,2.159716348441393041e+00,2.145549088000219040e+00,2.124689597017492382e+00,2.104354889629607150e+00,2.091098489866087817e+00,2.081784523962775246e+00,2.074893486409803867e+00,2.065410855891623321e+00,2.057623515291251870e+00,2.051713972989020363e+00,2.046250889412807528e+00
1.315000000000000000e+02,2.238332815232987993e+00,2.228181852199824675e+00,2.200501260653253244e+00,2.177616289707707598e+00,2.159716348311015999e+00,2.145549087759210494e+00,2.124689596470668018e+00,2.104354888559038628e+00,2.091098488286480261e+00,2.081784521989247683e+00,2.074893484152045886e+00,2.065410853051159012e+00,2.057623511719083531e+00,2.051713969581258290e+00,2.046250885889173254e+00
1.317500000000000000e+02,2.238332820372791687e+00,2.228181852203662938e+00,2.200501260638965118e+00,2.177616289652663628e+00,2.159716348180604761e+00,2.145549087517556242e+00,2.124689595930463248e+00,2.104354887482569936e+00,2.091098486732245743e+00,2.081784520009878570e+00,2.074893481816769469e+00,2.065410850269739917e+00,2.057623508832640891e+00,2.051713965899110814e+00,2.046250882032891294e+00
1.320000000000000000e+02,2.238332825101673418e+00,2.228181852211641445e+00,2.200501260624508681e+00,2.177616289597847032e+00,2.159716348050124246e+00,2.145549087277100142e+00,2.124689595389590124e+00,2.104354886424607329e+00,2.091098485155336917e+00,2.081784518009695883e+00,2.074893479502216032e+00,2.065410847492596957e+00,2.057623505609993408e+00,2.051713962610979713e+00,2.046250878685106134e+00
1.322500000000000000e+02,2.238332829435084381e+00,2.228181852223452442e+00,2.200501260610137066e+00,2.177616289543284012e+00,2.159716347920256130e+00,2.145549087035463209e+00,2.124689594851561836e+00,2.104354885362689664e+00,2.091098483626482540e+00,2.081784516066999213e+00,2.074893477188183954e+00,2.065410844534262935e+00,2.057623502310184538e+00,2.051713959241400431e+00,2.046250875201145014e+00
1.325000000000000000e+02,2.238332833388565035e+00,2.228181852238595440e+00,2.200501260595594477e+00,2.177616289488648604e+00,2.159716347790920032e+00,2.145549086796798122e+00,2.124689594310862351e+00,2.104354884309494800e+00,2.091098482077677900e+00,2.081784514105270212e+00,2.074893474925193271e+00,2.065410841932093788e+00,2.057623499236575171e+00,2.051713955450581661e+00,2.046250870711865399e+00
1.327500000000000000e+02,2.238332836977573237e+00,2.228181852256780004e+00,2.200501260581324114e+00,2.177616289433972785e+00,2.159716347661560398e+00,2.145549086557424712e+00,2.124689593777843832e+00,2.104354883246002395e+00,2.091098480539713034e+00,2.081784512171639623e+00,2.074893472652774573e+00,2.065410839154345979e+00,2.057623496036557587e+00,2.051713952386452711e+00,2.046250868050328631e+00
1.330000000000000000e+02,2.238332840217551745e+00,2.228181852277580699e+00,2.200501260566896544e+00,2.177616289379475489e+00,2.159716347532135039e+00,2.145549086319284093e+00,2.124689593243011210e+00,2.104354882207596589e+00,2.091098479001271659e+00,2.081784510188167125e+00,2.074893470332774825e+00,2.065410836381045279e+00,2.057623492983645441e+00,2.051713949054729813e+00,2.046250864604670205e+00
1.332500000000000000e+02,2.238332843123809646e+00,2.228181852300754606e+00,2.200501260552544913e+00,2.177616289325283283e+00,2.159716347403294989e+00,2.145549086079905798e+00,2.124689592711740183e+00,2.104354881158414958e+00,2.091098477488340102e+00,2.081784508305410952e+00,2.074893468122264384e+00,2.065410833655317635e+00,2.057623489735063149e+00,2.051713945161038666e+00,2.046250859462816152e+00
1.335000000000000000e+02,2.238332845711506369e+00,2.228181852325877621e+00,2.200501260538014314e+00,2.177616289270986716e+00,2.159716347275006942e+00,2.145549085843575732e+00,2.124689592177066544e+00,2.104354880122265570e+00,2.091098475969683346e+00,2.081784506374932064e+00,2.074893465853607122e+00,2.065410830958988253e+00,2.057623486789676548e+00,2.051713942312826777e+00,2.046250857503001619e+00
1.337500000000000000e+02,2.238332847995637920e+00,2.228181852352705938e+00,2.200501260523738178e+00,2.177616289216681267e+00,2.159716347146678928e+00,2.145549085606421880e+00,2.124689591651137466e+00,2.104354879073672802e+00,2.091098474447666167e+00,2.081784504466313468e+00,2.074893463642950575e+00,2.065410828283347211e+00,2.057623483740929959e+00,2.051713939018638300e+00,2.046250854094321170e+00
1.340000000000000000e+02,2.238332849991018225e+00,2.228181852380894945e+00,2.200501260509327928e+00,2.177616289162513485e+00,2.159716347018292737e+00,2.145549085370572762e+00,2.124689591122243204e+00,2.104354878052267619e+00,2.091098472946829823e+00,2.081784502546897286e+00,2.074893461367893099e+00,2.065410825441286846e+00,2.057623480328973908e+00,2.051713935027627667e+00,2.046250849011028272e+00
1.342500000000000000e+02,2.238332851712184102e+00,2.228181852410274111e+00,2.200501260494957201e+00,2.177616289108667225e+00,2.159716346890468763e+00,2.145549085133434009e+00,2.124689590597620192e+00,2.104354877019187775e+00,2.091098471449549745e+00,2.081784500674962235e+00,2.074893459208359658e+00,2.065410822919310441e+00,2.057623477626114195e+00,2.051713932387536854e+00,2.046250847037668130e+00
1.345000000000000000e+02,2.238332853173480963e+00,2.228181852440464183e+00,2.200501260480441257e+00,2.177616289054703280e+00,2.159716346763209227e+00,2.145549084899411429e+00,2.124689590068903122e+00,2.104354875996185648e+00,2.091098469960391171e+00,2.081784498788652016e+00,2.074893456998470054e+00,2.065410820242008505e+00,2.057623474583385459e+00,2.051713929130579928e+00,2.046250843664631613e+00
1.347500000000000000e+02,2.238332854388945137e+00,2.228181852471304403e+00,2.200501260466113607e+00,2.177616289000759764e+00,2.159716346635891959e+00,2.145549084664466921e+00,2.124689589549916491e+00,2.104354874966739342e+00,2.091098468453999715e+00,2.081784496890831448e+00,2.074893454783596880e+00,2.065410817552318257e+00,2.057623471396142545e+00,2.051713925168240138e+00,2.046250839174173830e+00
1.350000000000000000e+02,2.238332855372298535e+00,2.228181852502515881e+00,2.200501260451692254e+00,2.177616288946904177e+00,2.159716346508546270e+00,2.145549084430860010e+00,2.124689589026886871e+00,2.104354873957463123e+00,2.091098466989957494e+00,2.081784495034205040e+00,2.074893452608521649e+00,2.065410814936164741e+00,2.057623468547151280e+00,2.051713922608113805e+00,2.046250836648791260e+00
1.352500000000000000e+02,2.238332856136977966e+00,2.228181852533984042e+00,2.200501260437297990e+00,2.177616288893410079e+00,2.159716346381717056e+00,2.145549084195917278e+00,2.124689588508813731e+00,2.104354872940945587e+00,2.091098465507927440e+00,2.081784493172819772e+00,2.074893450442876652e+00,2.065410812321129885e+00,2.057623465512059546e+00,2.051713919388020724e+00,2.046250833310064632e+00
1.355000000000000000e+02,2.238332856696092943e+00,2.228181852565418453e+00,2.200501260422768279e+00,2.177616288839772540e+00,2.159716346255479369e+00,2.145549083964192860e+00,2.124689587985954642e+00,2.104354871930073756e+00,2.091098464047599581e+00,2.081784491329609743e+00,2.074893448292336018e+00,2.065410809742490805e+00,2.057623462575740803e+00,2.051713915664442389e+00,2.046250829424505646e+00
1.357500000000000000e+02,2.238332857062396375e+00,2.228181852596720969e+00,2.200501260408419313e+00,2.177616288786195842e+00,2.159716346129166631e+00,2.145549083731399964e+00,2.124689587473799879e+00,2.104354870919361353e+00,2.091098462561722382e+00,2.081784489442287889e+00,2.074893446071081726e+00,2.065410807011525574e+00,2.057623459553875378e+00,2.051713912972061848e+00,2.046250826330783035e+00
1.360000000000000000e+02,2.238332857248295227e+00,2.228181852627658888e+00,2.200501260393984193e+00,2.177616288732652894e+00,2.159716346002841902e+00,2.145549083500042808e+00,2.124689586956935106e+00,2.104354869922029359e+00,2.091098461128534591e+00,2.081784487647200699e+00,2.074893443994441089e+00,2.065410804566136349e+00,2.057623456709039456e+00,2.051713909788550172e+00,2.046250823025070886e+00
1.362500000000000000e+02,2.238332857265846521e+00,2.228181852658190465e+00,2.200501260379562840e+00,2.177616288679515399e+00,2.159716345877022992e+00,2.145549083267279222e+00,2.124689586444901579e+00,2.104354868921748611e+00,2.091098459671581811e+00,2.081784485806545071e+00,2.074893441844731790e+00,2.065410801984921996e+00,2.057623453830684568e+00,2.051713906295257406e+00,2.046250819757293726e+00
1.365000000000000000e+02,2.238332857126701381e+00,2.228181852688103870e+00,2.200501260365042455e+00,2.177616288626207375e+00,2.159716345751780953e+00,2.145549083037783689e+00,2.124689585928946300e+00,2.104354867922805017e+00,2.091098458229478041e+00,2.081784483994979507e+00,2.074893439729999844e+00,2.065410799375099860e+00,2.057623450647239505e+00,2.051713903476991785e+00,2.046250816615495349e+00
1.367500000000000000e+02,2.238332856842159213e+00,2.228181852717328049e+00,2.200501260350653077e+00,2.177616288572989944e+00,2.159716345626470524e+00,2.145549082807154395e+00,2.124689585422405269e+00,2.104354866930451706e+00,2.091098456779398429e+00,2.081784482159814598e+00,2.074893437589705236e+00,2.065410796863681231e+00,2.057623448037052771e+00,2.051713900329671159e+00,2.046250812803979802e+00
1.370000000000000000e+02,2.238332856423135286e+00,2.228181852745707126e+00,2.200501260336227283e+00,2.177616288519757415e+00,2.159716345501165424e+00,2.145549082578015909e+00,2.124689584911943818e+00,2.104354865944854325e+00,2.091098455360603570e+00,2.081784480383040314e+00,2.074893435522116469e+00,2.065410794326341559e+00,2.057623445162430009e+00,2.051713897058516256e+00,2.046250810167739242e+00
1.372500000000000000e+02,2.238332855880147854e+00,2.228181852773249538e+00,2.200501260321812147e+00,2.177616288466976080e+00,2.159716345376326618e+00,2.145549082347401271e+00,2.124689584405533793e+00,2.104354864960495508e+00,2.091098453931596435e+00,2.081784478584006060e+00,2.074893433429563228e+00,2.065410791840357696e+00,2.057623442080345644e+00,2.051713894120546833e+00,2.046250807058573429e+00
1.375000000000000000e+02,2.238332855223347018e+00,2.228181852799786089e+00,2.200501260307289098e+00,2.177616288413990464e+00,2.159716345252094438e+00,2.145549082120134621e+00,2.124689583896347767e+00,2.104354863973262990e+00,2.091098452503946437e+00,2.081784476782068793e+00,2.074893431308019398e+00,2.065410789215665677e+00,2.057623439441381485e+00,2.051713891009099289e+00,2.046250802641080835e+00
1.377500000000000000e+02,2.238332854462456556e+00,2.228181852825303455e+00,2.200501260292891725e+00,2.177616288361119867e+00,2.159716345127770332e+00,2.145549081891622745e+00,2.124689583395354298e+00,2.104354862998910392e+00,2.091098451088826859e+00,2.081784475006445589e+00,2.074893429262732347e+00,2.065410786843592028e+00,2.057623436572148634e+00,2.051713887952208992e+00,2.046250800651018942e+00
1.380000000000000000e+02,2.238332853606848527e+00,2.228181852849700384e+00,2.200501260278479698e+00,2.177616288308193759e+00,2.159716345003463545e+00,2.145549081664651414e+00,2.124689582891201134e+00,2.104354862024839345e+00,2.091098449684247740e+00,2.081784473239095323e+00,2.074893427188208239e+00,2.065410784354136275e+00,2.057623433732962859e+00,2.051713884900301377e+00,2.046250797573318625e+00
1.382500000000000000e+02,2.238332852665482431e+00,2.228181852873007074e+00,2.200501260264064118e+00,2.177616288255765475e+00,2.159716344879598182e+00,2.145549081436179062e+00,2.124689582390332454e+00,2.104354861056096926e+00,2.091098448282574296e+00,2.081784471480748522e+00,2.074893425151755455e+00,2.065410781820791186e+00,2.057623430923351204e+00,2.051713881886527258e+00,2.046250792709312538e+00
1.385000000000000000e+02,2.238332851646936739e+00,2.228181852895124937e+00,2.200501260249564162e+00,2.177616288203104933e+00,2.159716344756363426e+00,2.145549081211092890e+00,2.124689581887779344e+00,2.104354860080388967e+00,2.091098446869076088e+00,2.081784469688249484e+00,2.074893423045534036e+00,2.065410779409434738e+00,2.057623428172294933e+00,2.051713878974244842e+00,2.046250791202263386e+00
1.387500000000000000e+02,2.238332850559421328e+00,2.228181852916061079e+00,2.200501260235177003e+00,2.177616288150578949e+00,2.159716344633024310e+00,2.145549080984705537e+00,2.124689581392235294e+00,2.104354859123649391e+00,2.091098445488295710e+00,2.081784467971010244e+00,2.074893421071408284e+00,2.065410776946500881e+00,2.057623425453268595e+00,2.051713875814110466e+00,2.046250788154893030e+00
1.390000000000000000e+02,2.238332849410748615e+00,2.228181852935762208e+00,2.200501260220795618e+00,2.177616288097977026e+00,2.159716344509711394e+00,2.145549080759877825e+00,2.124689580894288277e+00,2.104354858160923047e+00,2.091098444097550857e+00,2.081784466214689822e+00,2.074893419034679276e+00,2.065410774549135020e+00,2.057623422483812359e+00,2.051713873005148958e+00,2.046250783836605525e+00
1.392500000000000000e+02,2.238332848208348658e+00,2.228181852954291386e+00,2.200501260206408460e+00,2.177616288045897353e+00,2.159716344386819031e+00,2.145549080533508679e+00,2.124689580398874345e+00,2.104354857207479945e+00,2.091098442722602702e+00,2.081784464494174980e+00,2.074893417008224716e+00,2.065410772026038178e+00,2.057623419960024513e+00,2.051713870122607641e+00,2.046250781816550735e+00
1.395000000000000000e+02,2.238332846959309119e+00,2.228181852971586441e+00,2.200501260191957797e+00,2.177616287993559663e+00,2.159716344264559940e+00,2.145549080310587886e+00,2.124689579902875991e+00,2.104354856243111360e+00,2.091098441323004931e+00,2.081784462738194286e+00,2.074893414993881358e+00,2.065410769723999174e+00,2.057623417242772312e+00,2.051713866859611990e+00,2.046250778798324621e+00
1.397500000000000000e+02,2.238332845670338855e+00,2.228181852987666023e+00,2.200501260177579521e+00,2.177616287941387174e+00,2.159716344142184496e+00,2.145549080086254445e+00,2.124689579412719631e+00,2.104354855303642857e+00,2.091098439975776380e+00,2.081784461050709467e+00,2.074893413012493415e+00,2.065410767322449992e+00,2.057623414258924921e+00,2.051713864248249308e+00,2.046250775037217640e+00
1.400000000000000000e+02,2.238332844347801220e+00,2.228181853002515922e+00,2.200501260163256312e+00,2.177616287889074798e+00,2.159716344019845913e+00,2.145549079863564579e+00,2.124689578920875288e+00,2.104354854352812332e+00,2.091098438603689491e+00,2.081784459333749115e+00,2.074893411029786972e+00,2.065410764862305903e+00,2.057623411816633219e+00,2.051713861395334959e+00,2.046250772488945380e+00
1.402500000000000000e+02,2.238332842997679872e+00,2.228181853016223180e+00,2.200501260148894467e+00,2.177616287837345954e+00,2.159716343897916335e+00,2.145549079639255563e+00,2.124689578430845938e+00,2.104354853413633375e+00,2.091098437249914177e+00,2.081784457621810080e+00,2.074893408995709176e+00,2.065410762546600498e+00,2.057623409102641521e+00,2.051713858034664106e+00,2.046250769498717759e+00
1.405000000000000000e+02,2.238332841625658709e+00,2.228181853028746051e+00,2.200501260134505976e+00,2.177616287785318239e+00,2.159716343776624914e+00,2.145549079418490379e+00,2.124689577941286878e+00,2.104354852464611181e+00,2.091098435881537654e+00,2.081784455922404131e+00,2.074893407071964457e+00,2.065410760154908321e+00,2.057623406354186280e+00,2.051713855613913839e+00,2.046250766306977553e+00
1.407500000000000000e+02,2.238332840237068577e+00,2.228181853040124505e+00,2.200501260120152125e+00,2.177616287733490807e+00,2.159716343655211368e+00,2.145549079196206854e+00,2.124689577456422729e+00,2.104354851537875604e+00,2.091098434549540919e+00,2.081784454243218896e+00,2.074893405089021758e+00,2.065410757842385259e+00,2.057623403743292112e+00,2.051713852790402637e+00,2.046250763467599043e+00
1.410000000000000000e+02,2.238332838836902816e+00,2.228181853050379857e+00,2.200501260105891976e+00,2.177616287681486185e+00,2.159716343533849336e+00,2.145549078975617974e+00,2.124689576970607341e+00,2.104354850601902083e+00,2.091098433203373741e+00,2.081784452564645171e+00,2.074893403153152960e+00,2.065410755416358324e+00,2.057623401079851533e+00,2.051713849337132078e+00,2.046250760250959644e+00
1.412500000000000000e+02,2.238332837429859001e+00,2.228181853059567175e+00,2.200501260091578537e+00,2.177616287630079306e+00,2.159716343412863004e+00,2.145549078753366423e+00,2.124689576485871978e+00,2.104354849673535810e+00,2.091098431862719043e+00,2.081784450861094538e+00,2.074893401169279894e+00,2.065410753181393222e+00,2.057623398510050272e+00,2.051713847100210764e+00,2.046250757641626894e+00
1.415000000000000000e+02,2.238332836020315852e+00,2.228181853067717988e+00,2.200501260077245558e+00,2.177616287578380216e+00,2.159716343292515717e+00,2.145549078534704002e+00,2.124689576002622537e+00,2.104354848741436967e+00,2.091098430526997731e+00,2.081784449217144228e+00,2.074893399276754646e+00,2.065410750863963862e+00,2.057623395741148720e+00,2.051713844306039647e+00,2.046250754830129637e+00
1.417500000000000000e+02,2.238332834612342559e+00,2.228181853074866048e+00,2.200501260062942777e+00,2.177616287526887184e+00,2.159716343172046304e+00,2.145549078314449520e+00,2.124689575523015517e+00,2.104354847825309793e+00,2.091098429207919107e+00,2.081784447545956596e+00,2.074893397345718427e+00,2.065410748473869074e+00,2.057623393298111836e+00,2.051713840871359995e+00,2.046250751050020522e+00
1.420000000000000000e+02,2.238332833209761397e+00,2.228181853081032227e+00,2.200501260048732810e+00,2.177616287475183654e+00,2.159716343051648835e+00,2.145549078095928319e+00,2.124689575043097634e+00,2.104354846903969012e+00,2.091098427887043254e+00,2.081784445905127345e+00,2.074893395402080287e+00,2.065410746249780605e+00,2.057623390728074764e+00,2.051713838705341519e+00,2.046250749036809147e+00
1.422500000000000000e+02,2.238332831816070012e+00,2.228181853086281805e+00,2.200501260034485540e+00,2.177616287424123609e+00,2.159716342931602195e+00,2.145549077875699595e+00,2.124689574563594530e+00,2.104354845986212919e+00,2.091098426559264034e+00,2.081784444223766961e+00,2.074893393505773620e+00,2.065410743929128934e+00,2.057623387836233331e+00,2.051713835940190300e+00,2.046250746252180175e+00
1.425000000000000000e+02,2.238332830434526244e+00,2.228181853090664077e+00,2.200501260020230276e+00,2.177616287372736270e+00,2.159716342812220358e+00,2.145549077659123949e+00,2.124689574086578325e+00,2.104354845070692370e+00,2.091098425255534021e+00,2.081784442620023157e+00,2.074893391605286741e+00,2.065410741694816199e+00,2.057623385578219999e+00,2.051713832716875796e+00,2.046250741890544234e+00
1.427500000000000000e+02,2.238332829068100605e+00,2.228181853094192810e+00,2.200501260005986115e+00,2.177616287321584299e+00,2.159716342692697300e+00,2.145549077440881636e+00,2.124689573612129845e+00,2.104354844165031491e+00,2.091098423949099505e+00,2.081784440980277484e+00,2.074893389725346982e+00,2.065410739361831283e+00,2.057623383009695495e+00,2.051713830427285501e+00,2.046250740488302355e+00
1.430000000000000000e+02,2.238332827719548224e+00,2.228181853096932841e+00,2.200501259991852976e+00,2.177616287270184525e+00,2.159716342573237302e+00,2.145549077224399248e+00,2.124689573138047738e+00,2.104354843258020136e+00,2.091098422653046462e+00,2.081784439352769578e+00,2.074893387773504294e+00,2.065410737191213819e+00,2.057623380346075503e+00,2.051713827691041825e+00,2.046250737729436331e+00
1.432500000000000000e+02,2.238332826391358665e+00,2.228181853098915699e+00,2.200501259977652779e+00,2.177616287219449109e+00,2.159716342454119697e+00,2.145549077006186245e+00,2.124689572663693404e+00,2.104354842350684152e+00,2.091098421337853175e+00,2.081784437725211045e+00,2.074893385963498371e+00,2.065410734954213456e+00,2.057623377921569130e+00,2.051713824671710373e+00,2.046250733570273095e+00
1.435000000000000000e+02,2.238332825085795452e+00,2.228181853100224430e+00,2.200501259963484557e+00,2.177616287168363307e+00,2.159716342335673112e+00,2.145549076791672061e+00,2.124689572192817621e+00,2.104354841451423042e+00,2.091098420065482966e+00,2.081784436128801374e+00,2.074893384082452830e+00,2.065410732631339119e+00,2.057623375356118611e+00,2.051713822264398246e+00,2.046250731991618554e+00
1.437500000000000000e+02,2.238332823804909388e+00,2.228181853100859033e+00,2.200501259949291022e+00,2.177616287117562610e+00,2.159716342217087526e+00,2.145549076575412162e+00,2.124689571723425985e+00,2.104354840556036610e+00,2.091098418771842660e+00,2.081784434525411065e+00,2.074893382225049265e+00,2.065410730494835256e+00,2.057623372910101001e+00,2.051713819556769014e+00,2.046250729257534484e+00
1.440000000000000000e+02,2.238332822550522572e+00,2.228181853100880794e+00,2.200501259935246257e+00,2.177616287066457268e+00,2.159716342098580988e+00,2.145549076360941054e+00,2.124689571255081955e+00,2.104354839663096666e+00,2.091098417499611006e+00,2.081784432905251059e+00,2.074893380355654404e+00,2.065410728253893158e+00,2.057623370329490609e+00,2.051713816734409335e+00,2.046250725612621668e+00
1.442500000000000000e+02,2.238332821324290123e+00,2.228181853100330123e+00,2.200501259921108232e+00,2.177616287016051810e+00,2.159716341980375987e+00,2.145549076144767309e+00,2.124689570785808446e+00,2.104354838766033353e+00,2.091098416206953470e+00,2.081784431330422791e+00,2.074893378539643951e+00,2.065410726082916870e+00,2.057623367961728622e+00,2.051713814214772835e+00,2.046250723542344829e+00
1.445000000000000000e+02,2.238332820127650002e+00,2.228181853099277188e+00,2.200501259907024387e+00,2.177616286965283088e+00,2.159716341862856659e+00,2.145549075932223992e+00,2.124689570320962062e+00,2.104354837882703055e+00,2.091098414955220530e+00,2.081784429741164288e+00,2.074893376707919401e+00,2.065410723839113061e+00,2.057623365529905435e+00,2.051713811535603060e+00,2.046250720832077263e+00
1.447500000000000000e+02,2.238332818961836335e+00,2.228181853097729093e+00,2.200501259892878814e+00,2.177616286914802135e+00,2.159716341745188117e+00,2.145549075717997578e+00,2.124689569856593518e+00,2.104354836997425426e+00,2.091098413685622326e+00,2.081784428173483636e+00,2.074893374842006644e+00,2.065410721729886934e+00,2.057623362802957434e+00,2.051713808903324665e+00,2.046250717712858602e+00
1.450000000000000000e+02,2.238332817827965115e+00,2.228181853095732912e+00,2.200501259878923310e+00,2.177616286863993000e+00,2.159716341627614611e+00,2.145549075505460479e+00,2.124689569393885424e+00,2.104354836118275784e+00,2.091098412425393960e+00,2.081784426562301338e+00,2.074893373056231560e+00,2.065410719569998221e+00,2.057623360638964005e+00,2.051713806276588947e+00,2.046250715141733512e+00
1.452500000000000000e+02,2.238332816726940955e+00,2.228181853093338827e+00,2.200501259864866999e+00,2.177616286813927715e+00,2.159716341510332427e+00,2.145549075291358410e+00,2.124689568929627459e+00,2.104354835231320831e+00,2.091098411163149873e+00,2.081784425037389141e+00,2.074893371231756767e+00,2.065410717311590982e+00,2.057623358206949415e+00,2.051713803680764503e+00,2.046250712448391962e+00
1.455000000000000000e+02,2.238332815659544561e+00,2.228181853090609454e+00,2.200501259850851099e+00,2.177616286763459641e+00,2.159716341393731920e+00,2.145549075080721124e+00,2.124689568470696344e+00,2.104354834363602933e+00,2.091098409923098700e+00,2.081784423470285805e+00,2.074893369448325586e+00,2.065410715258904517e+00,2.057623355622676620e+00,2.051713801176946461e+00,2.046250709867303286e+00
1.457500000000000000e+02,2.238332814626391443e+00,2.228181853087530140e+00,2.200501259836777468e+00,2.177616286713309535e+00,2.159716341276971097e+00,2.145549074868488226e+00,2.124689568011293161e+00,2.104354833488274679e+00,2.091098408677048770e+00,2.081784421922155737e+00,2.074893367605412209e+00,2.065410713094497641e+00,2.057623353373171593e+00,2.051713798448282500e+00,2.046250707319972939e+00
1.460000000000000000e+02,2.238332813627948337e+00,2.228181853084179043e+00,2.200501259822896571e+00,2.177616286662797940e+00,2.159716341160323960e+00,2.145549074657858935e+00,2.124689567554133962e+00,2.104354832622634675e+00,2.091098407428508388e+00,2.081784420362268406e+00,2.074893365870260631e+00,2.065410710984185272e+00,2.057623350942496376e+00,2.051713796034331239e+00,2.046250704102004381e+00
1.462500000000000000e+02,2.238332812664591831e+00,2.228181853080544172e+00,2.200501259808902432e+00,2.177616286613053287e+00,2.159716341043941945e+00,2.145549074445789461e+00,2.124689567094827147e+00,2.104354831745931076e+00,2.091098406196227444e+00,2.081784418843773299e+00,2.074893364084782643e+00,2.065410708825630159e+00,2.057623348569548316e+00,2.051713793553775478e+00,2.046250702072065053e+00
1.465000000000000000e+02,2.238332811736539973e+00,2.228181853076735663e+00,2.200501259794972686e+00,2.177616286562900960e+00,2.159716340928260259e+00,2.145549074237027121e+00,2.124689566641738470e+00,2.104354830893272243e+00,2.091098404967574265e+00,2.081784417311163260e+00,2.074893362301037492e+00,2.065410706775501648e+00,2.057623346165784461e+00,2.051713790727978992e+00,2.046250699547640828e+00
1.467500000000000000e+02,2.238332810843910448e+00,2.228181853072718432e+00,2.200501259780963892e+00,2.177616286513063493e+00,2.159716340812396496e+00,2.145549074026772196e+00,2.124689566187185630e+00,2.104354830029726120e+00,2.091098403744656498e+00,2.081784415769512009e+00,2.074893360539113552e+00,2.065410704689485843e+00,2.057623343868449695e+00,2.051713788489637036e+00,2.046250695788182750e+00
1.470000000000000000e+02,2.238332809986716576e+00,2.228181853068532003e+00,2.200501259767161155e+00,2.177616286462848105e+00,2.159716340696670844e+00,2.145549073818039609e+00,2.124689565735513153e+00,2.104354829175363761e+00,2.091098402507640230e+00,2.081784414259882698e+00,2.074893358795138365e+00,2.065410702492872730e+00,2.057623341566302777e+00,2.051713786032342224e+00,2.046250694323243913e+00
1.472500000000000000e+02,2.238332809164857995e+00,2.228181853064218565e+00,2.200501259753234518e+00,2.177616286413427193e+00,2.159716340581174787e+00,2.145549073607977864e+00,2.124689565281070891e+00,2.104354828313980796e+00,2.091098401304567478e+00,2.081784412747635038e+00,2.074893357056370569e+00,2.065410700520525555e+00,2.057623339017819575e+00,2.051713783114164968e+00,2.046250691817680600e+00
1.475000000000000000e+02,2.238332808378168615e+00,2.228181853059829631e+00,2.200501259739391369e+00,2.177616286363577736e+00,2.159716340466391049e+00,2.145549073401095352e+00,2.124689564833713629e+00,2.104354827470785949e+00,2.091098400087198605e+00,2.081784411248706057e+00,2.074893355263716987e+00,2.065410698429345437e+00,2.057623336918401158e+00,2.051713781045300777e+00,2.046250687808567559e+00
1.477500000000000000e+02,2.238332807626367327e+00,2.228181853055340333e+00,2.200501259725432757e+00,2.177616286314070226e+00,2.159716340351431896e+00,2.145549073192778433e+00,2.124689564383974272e+00,2.104354826620419949e+00,2.091098398886971133e+00,2.081784409713300921e+00,2.074893353581599875e+00,2.065410696377320221e+00,2.057623334614503641e+00,2.051713778611142569e+00,2.046250686616185810e+00
1.480000000000000000e+02,2.238332806909136163e+00,2.228181853050795080e+00,2.200501259711716617e+00,2.177616286264140832e+00,2.159716340236602861e+00,2.145549072985921235e+00,2.124689563937688597e+00,2.104354825775515803e+00,2.091098397664370889e+00,2.081784408253037011e+00,2.074893351840898070e+00,2.065410694300406025e+00,2.057623332104693503e+00,2.051713775605003676e+00,2.046250684137434384e+00
1.482500000000000000e+02,2.238332806226035920e+00,2.228181853046186323e+00,2.200501259697855261e+00,2.177616286215026342e+00,2.159716340122002531e+00,2.145549072777838351e+00,2.124689563488059818e+00,2.104354824929195900e+00,2.091098396486809730e+00,2.081784406754419781e+00,2.074893350135695425e+00,2.065410692306921536e+00,2.057623330019551222e+00,2.051713773699778809e+00,2.046250680600233185e+00
1.485000000000000000e+02,2.238332805576591866e+00,2.228181853041627747e+00,2.200501259684093824e+00,2.177616286165485970e+00,2.159716340008107416e+00,2.145549072572795257e+00,2.124689563046361584e+00,2.104354824095317156e+00,2.091098395288272460e+00,2.081784405281040584e+00,2.074893348397317094e+00,2.065410690291697104e+00,2.057623327715491612e+00,2.051713771288708799e+00,2.046250678947399759e+00
1.487500000000000000e+02,2.238332804960258215e+00,2.228181853037017657e+00,2.200501259670186727e+00,2.177616286116302202e+00,2.159716339894034220e+00,2.145549072366418120e+00,2.124689562601361992e+00,2.104354823257874152e+00,2.091098394102421487e+00,2.081784403784972426e+00,2.074893346730261268e+00,2.065410688154415197e+00,2.057623325410931514e+00,2.051713768293446094e+00,2.046250676490665388e+00
1.490000000000000000e+02,2.238332804376442553e+00,2.228181853032450199e+00,2.200501259656547859e+00,2.177616286066676121e+00,2.159716339780104022e+00,2.145549072161398563e+00,2.124689562160395173e+00,2.104354822422340288e+00,2.091098392908410375e+00,2.081784402339775575e+00,2.074893345034607872e+00,2.065410686259051776e+00,2.057623323173469299e+00,2.051713766451673138e+00,2.046250673437985945e+00
1.492500000000000000e+02,2.238332803824509387e+00,2.228181853027899173e+00,2.200501259642752672e+00,2.177616286017880931e+00,2.159716339666381657e+00,2.145549071955273224e+00,2.124689561715486619e+00,2.104354821590705971e+00,2.091098391741426532e+00,2.081784400873803786e+00,2.074893343320232120e+00,2.065410684238177197e+00,2.057623320942076450e+00,2.051713764063634038e+00,2.046250671316002023e+00
1.495000000000000000e+02,2.238332803303754837e+00,2.228181853023431636e+00,2.200501259629056960e+00,2.177616285968638543e+00,2.159716339553364506e+00,2.145549071752061110e+00,2.124689561279343053e+00,2.104354820766009659e+00,2.091098390564850806e+00,2.081784399406051200e+00,2.074893341659081347e+00,2.065410682241889617e+00,2.057623318761775177e+00,2.051713761256785507e+00,2.046250668872665379e+00
1.497500000000000000e+02,2.238332802813468803e+00,2.228181853019000069e+00,2.200501259615222249e+00,2.177616285919762085e+00,2.159716339440183930e+00,2.145549071547590003e+00,2.124689560839301272e+00,2.104354819941290700e+00,2.091098389389648204e+00,2.081784397957949562e+00,2.074893339982873730e+00,2.065410680243539687e+00,2.057623316381079093e+00,2.051713759299669260e+00,2.046250666321172584e+00
1.500000000000000000e+02,2.238332802352876350e+00,2.228181853014653324e+00,2.200501259601649551e+00,2.177616285870461077e+00,2.159716339327127699e+00,2.145549071344395653e+00,2.124689560403272726e+00,2.104354819114926389e+00,2.091098388223600058e+00,2.081784396518139069e+00,2.074893338331543546e+00,2.065410678304317571e+00,2.057623314342053256e+00,2.051713756934477217e+00,2.046250664010734077e+00
1.500000014999999962e+02,2.238332802352876350e+00,2.228181853014653324e+00,2.200501259601649551e+00,2.177616285870461077e+00,2.159716339327127699e+00,2.145549071344395653e+00,2.124689560403272726e+00,2.104354819114926389e+00,2.091098388223600058e+00,2.081784396518139069e+00,2.074893338331543546e+00,2.065410678304317571e+00,2.057623314342053256e+00,2.051713756934477217e+00,2.046250664010734077e+00
1.509547596496835524e+02,2.238332802352876350e+00,2.228181853014653324e+00,2.200501259601649551e+00,2.177616285870461077e+00,2.159716339327127699e+00,2.145549071344395653e+00,2.124689560403272726e+00,2.104354819114926389e+00,2.091098388223600058e+00,2.081784396518139069e+00,2.074893338331543546e+00,2.065410678304317571e+00,2.057623314342053256e+00,2.051713756934477217e+00,2.046250664010734077e+00
1.519155948868022392e+02,2.238332802352876350e+00,2.228181853014653324e+00,2.200501259601649551e+00,2.177616285870461077e+00,2.159716339327127699e+00,2.145549071344395653e+00,2.124689560403272726e+00,2.104354819114926389e+00,2.091098388223600058e+00,2.081784396518139069e+00,2.074893338331543546e+00,2.065410678304317571e+00,2.057623314342053256e+00,2.051713756934477217e+00,2.046250664010734077e+00
1.528825458923472240e+02,2.238332802352876350e+00,2.228181853014653324e+00,2.200501259601649551e+00,2.177616285870461077e+00,2.159716339327127699e+00,2.145549071344395653e+00,2.124689560403272726e+00,2.104354819114926389e+00,2.091098388223600058e+00,2.081784396518139069e+00,2.074893338331543546e+00,2.065410678304317571e+00,2.057623314342053256e+00,2.051713756934477217e+00,2.046250664010734077e+00
1.538556515935167681e+02,2.238332802352876350e+00,2.228181853014653324e+00,2.200501259601649551e+00,2.177616285870461077e+00,2.159716339327127699e+00,2.145549071344395653e+00,2.124689560403272726e+00,2.104354819114926389e+00,2.091098388223600058e+00,2.081784396518139069e+00,2.074893338331543546e+00,2.065410678304317571e+00,2.057623314342053256e+00,2.051713756934477217e+00,2.046250664010734077e+00
1.548349511652823196e+02,2.238332802352876350e+00,2.228181853014653324e+00,2.200501259601649551e+00,2.177616285870461077e+00,2.159716339327127699e+00,2.145549071344395653e+00,2.124689560403272726e+00,2.104354819114926389e+00,2.091098388223600058e+00,2.081784396518139069e+00,2.074893338331543546e+00,2.065410678304317571e+00,2.057623314342053256e+00,2.051713756934477217e+00,2.046250664010734077e+00
1.558204840319663731e+02,2.238332802352876350e+00,2.228181853014653324e+00,2.200501259601649551e+00,2.177616285870461077e+00,2.159716339327127699e+00,2.145549071344395653e+00,2.124689560403272726e+00,2.104354819114926389e+00,2.091098388223600058e+00,2.081784396518139069e+00,2.074893338331543546e+00,2.065410678304317571e+00,2.057623314342053256e+00,2.051713756934477217e+00,2.046250664010734077e+00
1.568122898688293674e+02,2.238332802352876350e+00,2.228181853014653324e+00,2.200501259601649551e+00,2.177616285870461077e+00,2.159716339327127699e+00,2.145549071344395653e+00,2.124689560403272726e+00,2.104354819114926389e+00,2.091098388223600058e+00,2.081784396518139069e+00,2.074893338331543546e+00,2.065410678304317571e+00,2.057623314342053256e+00,2.051713756934477217e+00,2.046250664010734077e+00
1.578104086036667013e+02,2.238332802352876350e+00,2.228181853014653324e+00,2.200501259601649551e+00,2.177616285870461077e+00,2.159716339327127699e+00,2.145549071344395653e+00,2.124689560403272726e+00,2.104354819114926389e+00,2.091098388223600058e+00,2.081784396518139069e+00,2.074893338331543546e+00,2.065410678304317571e+00,2.057623314342053256e+00,2.051713756934477217e+00,2.046250664010734077e+00
1.588148804184169478e+02,2.238332802352876350e+00,2.228181853014653324e+00,2.200501259601649551e+00,2.177616285870461077e+00,2.159716339327127699e+00,2.145549071344395653e+00,2.124689560403272726e+00,2.104354819114926389e+00,2.091098388223600058e+00,2.081784396518139069e+00,2.074893338331543546e+00,2.065410678304317571e+00,2.057623314342053256e+00,2.051713756934477217e+00,2.046250664010734077e+00
1.598257457507783101e+02,2.238332802352876350e+00,2.228181853014653324e+00,2.200501259601649551e+00,2.177616285870461077e+00,2.159716339327127699e+00,2.145549071344395653e+00,2.124689560403272726e+00,2.104354819114926389e+00,2.091098388223600058e+00,2.081784396518139069e+00,2.074893338331543546e+00,2.065410678304317571e+00,2.057623314342053256e+00,2.051713756934477217e+00,2.046250664010734077e+00
1.608430452958373564e+02,2.238332802352876350e+00,2.228181853014653324e+00,2.200501259601649551e+00,2.177616285870461077e+00,2.159716339327127699e+00,2.145549071344395653e+00,2.124689560403272726e+00,2.104354819114926389e+00,2.091098388223600058e+00,2.081784396518139069e+00,2.074893338331543546e+00,2.065410678304317571e+00,2.057623314342053256e+00,2.051713756934477217e+00,2.046250664010734077e+00
1.618668200077070765e+02,2.238332802352876350e+00,2.228181853014653324e+00,2.200501259601649551e+00,2.177616285870461077e+00,2.159716339327127699e+00,2.145549071344395653e+00,2.124689560403272726e+00,2.104354819114926389e+00,2.091098388223600058e+00,2.081784396518139069e+00,2.074893338331543546e+00,2.065410678304317571e+00,2.057623314342053256e+00,2.051713756934477217e+00,2.046250664010734077e+00
1.628971111011756250e+02,2.238332802352876350e+00,2.228181853014653324e+00,2.200501259601649551e+00,2.177616285870461077e+00,2.159716339327127699e+00,2.145549071344395653e+00,2.124689560403272726e+00,2.104354819114926389e+00,2.091098388223600058e+00,2.081784396518139069e+00,2.074893338331543546e+00,2.065410678304317571e+00,2.057623314342053256e+00,2.051713756934477217e+00,2.046250664010734077e+00
1.639339600533653254e+02,2.238332802352876350e+00,2.228181853014653324e+00,2.200501259601649551e+00,2.177616285870461077e+00,2.159716339327127699e+00,2.145549071344395653e+00,2.124689560403272726e+00,2.104354819114926389e+00,2.091098388223600058e+00,2.081784396518139069e+00,2.074893338331543546e+00,2.065410678304317571e+00,2.057623314342053256e+00,2.051713756934477217e+00,2.046250664010734077e+00
1.649774086054031557e+02,2.238332802352876350e+00,2.228181853014653324e+00,2.200501259601649551e+00,2.177616285870461077e+00,2.159716339327127699e+00,2.145549071344395653e+00,2.124689560403272726e+00,2.104354819114926389e+00,2.091098388223600058e+00,2.081784396518139069e+00,2.074893338331543546e+00,2.065410678304317571e+00,2.057623314342053256e+00,2.051713756934477217e+00,2.046250664010734077e+00
1.660274987641001303e+02,2.238332802352876350e+00,2.228181853014653324e+00,2.200501259601649551e+00,2.177616285870461077e+00,2.159716339327127699e+00,2.145549071344395653e+00,2.124689560403272726e+00,2.104354819114926389e+00,2.091098388223600058e+00,2.081784396518139069e+00,2.074893338331543546e+00,2.065410678304317571e+00,2.057623314342053256e+00,2.051713756934477217e+00,2.046250664010734077e+00
1.670842728036430742e+02,2.238332802352876350e+00,2.228181853014653324e+00,2.200501259601649551e+00,2.177616285870461077e+00,2.159716339327127699e+00,2.145549071344395653e+00,2.124689560403272726e+00,2.104354819114926389e+00,2.091098388223600058e+00,2.081784396518139069e+00,2.074893338331543546e+00,2.065410678304317571e+00,2.057623314342053256e+00,2.051713756934477217e+00,2.046250664010734077e+00
1.681477732672962588e+02,2.238332802352876350e+00,2.228181853014653324e+00,2.200501259601649551e+00,2.177616285870461077e+00,2.159716339327127699e+00,2.145549071344395653e+00,2.124689560403272726e+00,2.104354819114926389e+00,2.091098388223600058e+00,2.081784396518139069e+00,2.074893338331543546e+00,2.065410678304317571e+00,2.057623314342053256e+00,2.051713756934477217e+00,2.046250664010734077e+00
1.692180429691140091e+02,2.238332802352876350e+00,2.228181853014653324e+00,2.200501259601649551e+00,2.177616285870461077e+00,2.159716339327127699e+00,2.145549071344395653e+00,2.124689560403272726e+00,2.104354819114926389e+00,2.091098388223600058e+00,2.081784396518139069e+00,2.074893338331543546e+00,2.065410678304317571e+00,2.057623314342053256e+00,2.051713756934477217e+00,2.046250664010734077e+00
1.702951249956649349e+02,2.238332802352876350e+00,2.228181853014653324e+00,2.200501259601649551e+00,2.177616285870461077e+00,2.159716339327127699e+00,2.145549071344395653e+00,2.124689560403272726e+00,2.104354819114926389e+00,2.091098388223600058e+00,2.081784396518139069e+00,2.074893338331543546e+00,2.065410678304317571e+00,2.057623314342053256e+00,2.051713756934477217e+00,2.046250664010734077e+00
1.713790627077654847e+02,2.238332802352876350e+00,2.228181853014653324e+00,2.200501259601649551e+00,2.177616285870461077e+00,2.159716339327127699e+00,2.145549071344395653e+00,2.124689560403272726e+00,2.104354819114926389e+00,2.091098388223600058e+00,2.081784396518139069e+00,2.074893338331543546e+00,2.065410678304317571e+00,2.057623314342053256e+00,2.051713756934477217e+00,2.046250664010734077e+00
1.724698997422262323e+02,2.238332802352876350e+00,2.228181853014653324e+00,2.200501259601649551e+00,2.177616285870461077e+00,2.159716339327127699e+00,2.145549071344395653e+00,2.124689560403272726e+00,2.104354819114926389e+00,2.091098388223600058e+00,2.081784396518139069e+00,2.074893338331543546e+00,2.065410678304317571e+00,2.057623314342053256e+00,2.051713756934477217e+00,2.046250664010734077e+00
1.735676800136083955e+02,2.238332802352876350e+00,2.228181853014653324e+00,2.200501259601649551e+00,2.177616285870461077e+00,2.159716339327127699e+00,2.145549071344395653e+00,2.124689560403272726e+00,2.104354819114926389e+00,2.091098388223600058e+00,2.081784396518139069e+00,2.074893338331543546e+00,2.065410678304317571e+00,2.057623314342053256e+00,2.051713756934477217e+00,2.046250664010734077e+00
1.746724477159917797e+02,2.238332802352876350e+00,2.228181853014653324e+00,2.200501259601649551e+00,2.177616285870461077e+00,2.159716339327127699e+00,2.145549071344395653e+00,2.124689560403272726e+00,2.104354819114926389e+00,2.091098388223600058e+00,2.081784396518139069e+00,2.074893338331543546e+00,2.065410678304317571e+00,2.057623314342053256e+00,2.051713756934477217e+00,2.046250664010734077e+00
1.757842473247537214e+02,2.238332802352876350e+00,2.228181853014653324e+00,2.200501259601649551e+00,2.177616285870461077e+00,2.159716339327127699e+00,2.145549071344395653e+00,2.124689560403272726e+00,2.104354819114926389e+00,2.091098388223600058e+00,2.081784396518139069e+00,2.074893338331543546e+00,2.065410678304317571e+00,2.057623314342053256e+00,2.051713756934477217e+00,2.046250664010734077e+00
1.769031235983602812e+02,2.238332802352876350e+00,2.228181853014653324e+00,2.200501259601649551e+00,2.177616285870461077e+00,2.159716339327127699e+00,2.145549071344395653e+00,2.124689560403272726e+00,2.104354819114926389e+00,2.091098388223600058e+00,2.081784396518139069e+00,2.074893338331543546e+00,2.065410678304317571e+00,2.057623314342053256e+00,2.051713756934477217e+00,2.046250664010734077e+00
1.780291215801670432e+02,2.238332802352876350e+00,2.228181853014653324e+00,2.200501259601649551e+00,2.177616285870461077e+00,2.159716339327127699e+00,2.145549071344395653e+00,2.124689560403272726e+00,2.104354819114926389e+00,2.091098388223600058e+00,2.081784396518139069e+00,2.074893338331543546e+00,2.065410678304317571e+00,2.057623314342053256e+00,2.051713756934477217e+00,2.046250664010734077e+00
1.791622866002331875e+02,2.238332802352876350e+00,2.228181853014653324e+00,2.200501259601649551e+00,2.177616285870461077e+00,2.159716339327127699e+00,2.145549071344395653e+00,2.124689560403272726e+00,2.104354819114926389e+00,2.091098388223600058e+00,2.081784396518139069e+00,2.074893338331543546e+00,2.065410678304317571e+00,2.057623314342053256e+00,2.051713756934477217e+00,2.046250664010734077e+00
1.803026642771461638e+02,2.238332802352876350e+00,2.228181853014653324e+00,2.200501259601649551e+00,2.177616285870461077e+00,2.159716339327127699e+00,2.145549071344395653e+00,2.124689560403272726e+00,2.104354819114926389e+00,2.091098388223600058e+00,2.081784396518139069e+00,2.074893338331543546e+00,2.065410678304317571e+00,2.057623314342053256e+00,2.051713756934477217e+00,2.046250664010734077e+00
1.814503005198580183e+02,2.238332802352876350e+00,2.228181853014653324e+00,2.200501259601649551e+00,2.177616285870461077e+00,2.159716339327127699e+00,2.145549071344395653e+00,2.124689560403272726e+00,2.104354819114926389e+00,2.091098388223600058e+00,2.081784396518139069e+00,2.074893338331543546e+00,2.065410678304317571e+00,2.057623314342053256e+00,2.051713756934477217e+00,2.046250664010734077e+00
1.826052415295343678e+02,2.238332802352876350e+00,2.228181853014653324e+00,2.200501259601649551e+00,2.177616285870461077e+00,2.159716339327127699e+00,2.145549071344395653e+00,2.124689560403272726e+00,2.104354819114926389e+00,2.091098388223600058e+00,2.081784396518139069e+00,2.074893338331543546e+00,2.065410678304317571e+00,2.057623314342053256e+00,2.051713756934477217e+00,2.046250664010734077e+00
1.837675338014131512e+02,2.238332802352876350e+00,2.228181853014653324e+00,2.200501259601649551e+00,2.177616285870461077e+00,2.159716339327127699e+00,2.145549071344395653e+00,2.124689560403272726e+00,2.104354819114926389e+00,2.091098388223600058e+00,2.081784396518139069e+00,2.074893338331543546e+00,2.065410678304317571e+00,2.057623314342053256e+00,2.051713756934477217e+00,2.046250664010734077e+00
1.849372241266772505e+02,2.238332802352876350e+00,2.228181853014653324e+00,2.200501259601649551e+00,2.177616285870461077e+00,2.159716339327127699e+00,2.145549071344395653e+00,2.124689560403272726e+00,2.104354819114926389e+00,2.091098388223600058e+00,2.081784396518139069e+00,2.074893338331543546e+00,2.065410678304317571e+00,2.057623314342053256e+00,2.051713756934477217e+00,2.046250664010734077e+00
1.861143595943378841e+02,2.238332802352876350e+00,2.228181853014653324e+00,2.200501259601649551e+00,2.177616285870461077e+00,2.159716339327127699e+00,2.145549071344395653e+00,2.124689560403272726e+00,2.104354819114926389e+00,2.091098388223600058e+00,2.081784396518139069e+00,2.074893338331543546e+00,2.065410678304317571e+00,2.057623314342053256e+00,2.051713756934477217e+00,2.046250664010734077e+00
1.872989875931302777e+02,2.238332802352876350e+00,2.228181853014653324e+00,2.200501259601649551e+00,2.177616285870461077e+00,2.159716339327127699e+00,2.145549071344395653e+00,2.124689560403272726e+00,2.104354819114926389e+00,2.091098388223600058e+00,2.081784396518139069e+00,2.074893338331543546e+00,2.065410678304317571e+00,2.057623314342053256e+00,2.051713756934477217e+00,2.046250664010734077e+00
1.884911558134220400e+02,2.238332802352876350e+00,2.228181853014653324e+00,2.200501259601649551e+00,2.177616285870461077e+00,2.159716339327127699e+00,2.145549071344395653e+00,2.124689560403272726e+00,2.104354819114926389e+00,2.091098388223600058e+00,2.081784396518139069e+00,2.074893338331543546e+00,2.065410678304317571e+00,2.057623314342053256e+00,2.051713756934477217e+00,2.046250664010734077e+00
1.896909122491320545e+02,2.238332802352876350e+00,2.228181853014653324e+00,2.200501259601649551e+00,2.177616285870461077e+00,2.159716339327127699e+00,2.145549071344395653e+00,2.124689560403272726e+00,2.104354819114926389e+00,2.091098388223600058e+00,2.081784396518139069e+00,2.074893338331543546e+00,2.065410678304317571e+00,2.057623314342053256e+00,2.051713756934477217e+00,2.046250664010734077e+00
1.908983051996632412e+02,2.238332802352876350e+00,2.228181853014653324e+00,2.200501259601649551e+00,2.177616285870461077e+00,2.159716339327127699e+00,2.145549071344395653e+00,2.124689560403272726e+00,2.104354819114926389e+00,2.091098388223600058e+00,2.081784396518139069e+00,2.074893338331543546e+00,2.065410678304317571e+00,2.057623314342053256e+00,2.051713756934477217e+00,2.046250664010734077e+00
1.921133832718468284e+02,2.238332802352876350e+00,2.228181853014653324e+00,2.200501259601649551e+00,2.177616285870461077e+00,2.159716339327127699e+00,2.145549071344395653e+00,2.124689560403272726e+00,2.104354819114926389e+00,2.091098388223600058e+00,2.081784396518139069e+00,2.074893338331543546e+00,2.065410678304317571e+00,2.057623314342053256e+00,2.051713756934477217e+00,2.046250664010734077e+00
1.933361953818990173e+02,2.238332802352876350e+00,2.228181853014653324e+00,2.200501259601649551e+00,2.177616285870461077e+00,2.159716339327127699e+00,2.145549071344395653e+00,2.124689560403272726e+00,2.104354819114926389e+00,2.091098388223600058e+00,2.081784396518139069e+00,2.074893338331543546e+00,2.065410678304317571e+00,2.057623314342053256e+00,2.051713756934477217e+00,2.046250664010734077e+00
1.945667907573909190e+02,2.238332802352876350e+00,2.228181853014653324e+00,2.200501259601649551e+00,2.177616285870461077e+00,2.159716339327127699e+00,2.145549071344395653e+00,2.124689560403272726e+00,2.104354819114926389e+00,2.091098388223600058e+00,2.081784396518139069e+00,2.074893338331543546e+00,2.065410678304317571e+00,2.057623314342053256e+00,2.051713756934477217e+00,2.046250664010734077e+00
1.958052189392292632e+02,2.238332802352876350e+00,2.228181853014653324e+00,2.200501259601649551e+00,2.177616285870461077e+00,2.159716339327127699e+00,2.145549071344395653e+00,2.124689560403272726e+00,2.104354819114926389e+00,2.091098388223600058e+00,2.081784396518139069e+00,2.074893338331543546e+00,2.065410678304317571e+00,2.057623314342053256e+00,2.051713756934477217e+00,2.046250664010734077e+00
1.970515297836514890e+02,2.238332802352876350e+00,2.228181853014653324e+00,2.200501259601649551e+00,2.177616285870461077e+00,2.159716339327127699e+00,2.145549071344395653e+00,2.124689560403272726e+00,2.104354819114926389e+00,2.091098388223600058e+00,2.081784396518139069e+00,2.074893338331543546e+00,2.065410678304317571e+00,2.057623314342053256e+00,2.051713756934477217e+00,2.046250664010734077e+00
1.983057734642327432e+02,2.238332802352876350e+00,2.228181853014653324e+00,2.200501259601649551e+00,2.177616285870461077e+00,2.159716339327127699e+00,2.145549071344395653e+00,2.124689560403272726e+00,2.104354819114926389e+00,2.091098388223600058e+00,2.081784396518139069e+00,2.074893338331543546e+00,2.065410678304317571e+00,2.057623314342053256e+00,2.051713756934477217e+00,2.046250664010734077e+00
1.995680004739056415e+02,2.238332802352876350e+00,2.228181853014653324e+00,2.200501259601649551e+00,2.177616285870461077e+00,2.159716339327127699e+00,2.145549071344395653e+00,2.124689560403272726e+00,2.104354819114926389e+00,2.091098388223600058e+00,2.081784396518139069e+00,2.074893338331543546e+00,2.065410678304317571e+00,2.057623314342053256e+00,2.051713756934477217e+00,2.046250664010734077e+00
2.008382616269929031e+02,2.238332802352876350e+00,2.228181853014653324e+00,2.200501259601649551e+00,2.177616285870461077e+00,2.159716339327127699e+00,2.145549071344395653e+00,2.124689560403272726e+00,2.104354819114926389e+00,2.091098388223600058e+00,2.081784396518139069e+00,2.074893338331543546e+00,2.065410678304317571e+00,2.057623314342053256e+00,2.051713756934477217e+00,2.046250664010734077e+00
2.021166080612537712e+02,2.238332802352876350e+00,2.228181853014653324e+00,2.200501259601649551e+00,2.177616285870461077e+00,2.159716339327127699e+00,2.145549071344395653e+00,2.124689560403272726e+00,2.104354819114926389e+00,2.091098388223600058e+00,2.081784396518139069e+00,2.074893338331543546e+00,2.065410678304317571e+00,2.057623314342053256e+00,2.051713756934477217e+00,2.046250664010734077e+00
2.034030912399414603e+02,2.238332802352876350e+00,2.228181853014653324e+00,2.200501259601649551e+00,2.177616285870461077e+00,2.159716339327127699e+00,2.145549071344395653e+00,2.124689560403272726e+00,2.104354819114926389e+00,2.091098388223600058e+00,2.081784396518139069e+00,2.074893338331543546e+00,2.065410678304317571e+00,2.057623314342053256e+00,2.051713756934477217e+00,2.046250664010734077e+00
2.046977629538758094e+02,2.238332802352876350e+00,2.228181853014653324e+00,2.200501259601649551e+00,2.177616285870461077e+00,2.159716339327127699e+00,2.145549071344395653e+00,2.124689560403272726e+00,2.104354819114926389e+00,2.091098388223600058e+00,2.081784396518139069e+00,2.074893338331543546e+00,2.065410678304317571e+00,2.057623314342053256e+00,2.051713756934477217e+00,2.046250664010734077e+00
2.060006753235280712e+02,2.238332802352876350e+00,2.228181853014653324e+00,2.200501259601649551e+00,2.177616285870461077e+00,2.159716339327127699e+00,2.145549071344395653e+00,2.124689560403272726e+00,2.104354819114926389e+00,2.091098388223600058e+00,2.081784396518139069e+00,2.074893338331543546e+00,2.065410678304317571e+00,2.057623314342053256e+00,2.051713756934477217e+00,2.046250664010734077e+00
2.073118808011188321e+02,2.238332802352876350e+00,2.228181853014653324e+00,2.200501259601649551e+00,2.177616285870461077e+00,2.159716339327127699e+00,2.145549071344395653e+00,2.124689560403272726e+00,2.104354819114926389e+00,2.091098388223600058e+00,2.081784396518139069e+00,2.074893338331543546e+00,2.065410678304317571e+00,2.057623314342053256e+00,2.051713756934477217e+00,2.046250664010734077e+00
2.086314321727305980e+02,2.238332802352876350e+00,2.228181853014653324e+00,2.200501259601649551e+00,2.177616285870461077e+00,2.159716339327127699e+00,2.145549071344395653e+00,2.124689560403272726e+00,2.104354819114926389e+00,2.091098388223600058e+00,2.081784396518139069e+00,2.074893338331543546e+00,2.065410678304317571e+00,2.057623314342053256e+00,2.051713756934477217e+00,2.046250664010734077e+00
2.099593825604315214e+02,2.238332802352876350e+00,2.228181853014653324e+00,2.200501259601649551e+00,2.177616285870461077e+00,2.159716339327127699e+00,2.145549071344395653e+00,2.124689560403272726e+00,2.104354819114926389e+00,2.091098388223600058e+00,2.081784396518139069e+00,2.074893338331543546e+00,2.065410678304317571e+00,2.057623314342053256e+00,2.051713756934477217e+00,2.046250664010734077e+00
2.112957854244148166e+02,2.238332802352876350e+00,2.228181853014653324e+00,2.200501259601649551e+00,2.177616285870461077e+00,2.159716339327127699e+00,2.145549071344395653e+00,2.124689560403272726e+00,2.104354819114926389e+00,2.091098388223600058e+00,2.081784396518139069e+00,2.074893338331543546e+00,2.065410678304317571e+00,2.057623314342053256e+00,2.051713756934477217e+00,2.046250664010734077e+00
2.126406945651507101e+02,2.238332802352876350e+00,2.228181853014653324e+00,2.200501259601649551e+00,2.177616285870461077e+00,2.159716339327127699e+00,2.145549071344395653e+00,2.124689560403272726e+00,2.104354819114926389e+00,2.091098388223600058e+00,2.081784396518139069e+00,2.074893338331543546e+00,2.065410678304317571e+00,2.057623314342053256e+00,2.051713756934477217e+00,2.046250664010734077e+00
2.139941641255523450e+02,2.238332802352876350e+00,2.228181853014653324e+00,2.200501259601649551e+00,2.177616285870461077e+00,2.159716339327127699e+00,2.145549071344395653e+00,2.124689560403272726e+00,2.104354819114926389e+00,2.091098388223600058e+00,2.081784396518139069e+00,2.074893338331543546e+00,2.065410678304317571e+00,2.057623314342053256e+00,2.051713756934477217e+00,2.046250664010734077e+00
2.153562485931552146e+02,2.238332802352876350e+00,2.228181853014653324e+00,2.200501259601649551e+00,2.177616285870461077e+00,2.159716339327127699e+00,2.145549071344395653e+00,2.124689560403272726e+00,2.104354819114926389e+00,2.091098388223600058e+00,2.081784396518139069e+00,2.074893338331543546e+00,2.065410678304317571e+00,2.057623314342053256e+00,2.051713756934477217e+00,2.046250664010734077e+00
2.167270028023116026e+02,2.238332802352876350e+00,2.228181853014653324e+00,2.200501259601649551e+00,2.177616285870461077e+00,2.159716339327127699e+00,2.145549071344395653e+00,2.124689560403272726e+00,2.104354819114926389e+00,2.091098388223600058e+00,2.081784396518139069e+00,2.074893338331543546e+00,2.065410678304317571e+00,2.057623314342053256e+00,2.051713756934477217e+00,2.046250664010734077e+00
2.181064819363967899e+02,2.238332802352876350e+00,2.228181853014653324e+00,2.200501259601649551e+00,2.177616285870461077e+00,2.159716339327127699e+00,2.145549071344395653e+00,2.124689560403272726e+00,2.104354819114926389e+00,2.091098388223600058e+00,2.081784396518139069e+00,2.074893338331543546e+00,2.065410678304317571e+00,2.057623314342053256e+00,2.051713756934477217e+00,2.046250664010734077e+00
2.194947415300314333e+02,2.238332802352876350e+00,2.228181853014653324e+00,2.200501259601649551e+00,2.177616285870461077e+00,2.159716339327127699e+00,2.145549071344395653e+00,2.124689560403272726e+00,2.104354819114926389e+00,2.091098388223600058e+00,2.081784396518139069e+00,2.074893338331543546e+00,2.065410678304317571e+00,2.057623314342053256e+00,2.051713756934477217e+00,2.046250664010734077e+00
2.208918374713170181e+02,2.238332802352876350e+00,2.228181853014653324e+00,2.200501259601649551e+00,2.177616285870461077e+00,2.159716339327127699e+00,2.145549071344395653e+00,2.124689560403272726e+00,2.104354819114926389e+00,2.091098388223600058e+00,2.081784396518139069e+00,2.074893338331543546e+00,2.065410678304317571e+00,2.057623314342053256e+00,2.051713756934477217e+00,2.046250664010734077e+00
2.222978260040856640e+02,2.238332802352876350e+00,2.228181853014653324e+00,2.200501259601649551e+00,2.177616285870461077e+00,2.159716339327127699e+00,2.145549071344395653e+00,2.124689560403272726e+00,2.104354819114926389e+00,2.091098388223600058e+00,2.081784396518139069e+00,2.074893338331543546e+00,2.065410678304317571e+00,2.057623314342053256e+00,2.051713756934477217e+00,2.046250664010734077e+00
2.237127637301651930e+02,2.238332802352876350e+00,2.228181853014653324e+00,2.200501259601649551e+00,2.177616285870461077e+00,2.159716339327127699e+00,2.145549071344395653e+00,2.124689560403272726e+00,2.104354819114926389e+00,2.091098388223600058e+00,2.081784396518139069e+00,2.074893338331543546e+00,2.065410678304317571e+00,2.057623314342053256e+00,2.051713756934477217e+00,2.046250664010734077e+00
2.251367076116564760e+02,2.238332802352876350e+00,2.228181853014653324e+00,2.200501259601649551e+00,2.177616285870461077e+00,2.159716339327127699e+00,2.145549071344395653e+00,2.124689560403272726e+00,2.104354819114926389e+00,2.091098388223600058e+00,2.081784396518139069e+00,2.074893338331543546e+00,2.065410678304317571e+00,2.057623314342053256e+00,2.051713756934477217e+00,2.046250664010734077e+00
2.265697149732274056e+02,2.238332802352876350e+00,2.228181853014653324e+00,2.200501259601649551e+00,2.177616285870461077e+00,2.159716339327127699e+00,2.145549071344395653e+00,2.124689560403272726e+00,2.104354819114926389e+00,2.091098388223600058e+00,2.081784396518139069e+00,2.074893338331543546e+00,2.065410678304317571e+00,2.057623314342053256e+00,2.051713756934477217e+00,2.046250664010734077e+00
2.280118435044205683e+02,2.238332802352876350e+00,2.228181853014653324e+00,2.200501259601649551e+00,2.177616285870461077e+00,2.159716339327127699e+00,2.145549071344395653e+00,2.124689560403272726e+00,2.104354819114926389e+00,2.091098388223600058e+00,2.081784396518139069e+00,2.074893338331543546e+00,2.065410678304317571e+00,2.057623314342053256e+00,2.051713756934477217e+00,2.046250664010734077e+00
2.294631512619753835e+02,2.238332802352876350e+00,2.228181853014653324e+00,2.200501259601649551e+00,2.177616285870461077e+00,2.159716339327127699e+00,2.145549071344395653e+00,2.124689560403272726e+00,2.104354819114926389e+00,2.091098388223600058e+00,2.081784396518139069e+00,2.074893338331543546e+00,2.065410678304317571e+00,2.057623314342053256e+00,2.051713756934477217e+00,2.046250664010734077e+00
2.309236966721661872e+02,2.238332802352876350e+00,2.228181853014653324e+00,2.200501259601649551e+00,2.177616285870461077e+00,2.159716339327127699e+00,2.145549071344395653e+00,2.124689560403272726e+00,2.104354819114926389e+00,2.091098388223600058e+00,2.081784396518139069e+00,2.074893338331543546e+00,2.065410678304317571e+00,2.057623314342053256e+00,2.051713756934477217e+00,2.046250664010734077e+00
2.323935385331531336e+02,2.238332802352876350e+00,2.228181853014653324e+00,2.200501259601649551e+00,2.177616285870461077e+00,2.159716339327127699e+00,2.145549071344395653e+00,2.124689560403272726e+00,2.104354819114926389e+00,2.091098388223600058e+00,2.081784396518139069e+00,2.074893338331543546e+00,2.065410678304317571e+00,2.057623314342053256e+00,2.051713756934477217e+00,2.046250664010734077e+00
2.338727360173499790e+02,2.238332802352876350e+00,2.228181853014653324e+00,2.200501259601649551e+00,2.177616285870461077e+00,2.159716339327127699e+00,2.145549071344395653e+00,2.124689560403272726e+00,2.104354819114926389e+00,2.091098388223600058e+00,2.081784396518139069e+00,2.074893338331543546e+00,2.065410678304317571e+00,2.057623314342053256e+00,2.051713756934477217e+00,2.046250664010734077e+00
2.353613486738062193e+02,2.238332802352876350e+00,2.228181853014653324e+00,2.200501259601649551e+00,2.177616285870461077e+00,2.159716339327127699e+00,2.145549071344395653e+00,2.124689560403272726e+00,2.104354819114926389e+00,2.091098388223600058e+00,2.081784396518139069e+00,2.074893338331543546e+00,2.065410678304317571e+00,2.057623314342053256e+00,2.051713756934477217e+00,2.046250664010734077e+00
2.368594364306039779e+02,2.238332802352876350e+00,2.228181853014653324e+00,2.200501259601649551e+00,2.177616285870461077e+00,2.159716339327127699e+00,2.145549071344395653e+00,2.124689560403272726e+00,2.104354819114926389e+00,2.091098388223600058e+00,2.081784396518139069e+00,2.074893338331543546e+00,2.065410678304317571e+00,2.057623314342053256e+00,2.051713756934477217e+00,2.046250664010734077e+00
2.383670595972715489e+02,2.238332802352876350e+00,2.228181853014653324e+00,2.200501259601649551e+00,2.177616285870461077e+00,2.159716339327127699e+00,2.145549071344395653e+00,2.124689560403272726e+00,2.104354819114926389e+00,2.091098388223600058e+00,2.081784396518139069e+00,2.074893338331543546e+00,2.065410678304317571e+00,2.057623314342053256e+00,2.051713756934477217e+00,2.046250664010734077e+00
2.398842788672100141e+02,2.238332802352876350e+00,2.228181853014653324e+00,2.200501259601649551e+00,2.177616285870461077e+00,2.159716339327127699e+00,2.145549071344395653e+00,2.124689560403272726e+00,2.104354819114926389e+00,2.091098388223600058e+00,2.081784396518139069e+00,2.074893338331543546e+00,2.065410678304317571e+00,2.057623314342053256e+00,2.051713756934477217e+00,2.046250664010734077e+00
2.414111553201374534e+02,2.238332802352876350e+00,2.228181853014653324e+00,2.200501259601649551e+00,2.177616285870461077e+00,2.159716339327127699e+00,2.145549071344395653e+00,2.124689560403272726e+00,2.104354819114926389e+00,2.091098388223600058e+00,2.081784396518139069e+00,2.074893338331543546e+00,2.065410678304317571e+00,2.057623314342053256e+00,2.051713756934477217e+00,2.046250664010734077e+00
2.429477504245476496e+02,2.238332802352876350e+00,2.228181853014653324e+00,2.200501259601649551e+00,2.177616285870461077e+00,2.159716339327127699e+00,2.145549071344395653e+00,2.124689560403272726e+00,2.104354819114926389e+00,2.091098388223600058e+00,2.081784396518139069e+00,2.074893338331543546e+00,2.065410678304317571e+00,2.057623314342053256e+00,2.051713756934477217e+00,2.046250664010734077e+00
2.444941260401847103e+02,2.238332802352876350e+00,2.228181853014653324e+00,2.200501259601649551e+00,2.177616285870461077e+00,2.159716339327127699e+00,2.145549071344395653e+00,2.124689560403272726e+00,2.104354819114926389e+00,2.091098388223600058e+00,2.081784396518139069e+00,2.074893338331543546e+00,2.065410678304317571e+00,2.057623314342053256e+00,2.051713756934477217e+00,2.046250664010734077e+00
2.460503444205331220e+02,2.238332802352876350e+00,2.228181853014653324e+00,2.200501259601649551e+00,2.177616285870461077e+00,2.159716339327127699e+00,2.145549071344395653e+00,2.124689560403272726e+00,2.104354819114926389e+00,2.091098388223600058e+00,2.081784396518139069e+00,2.074893338331543546e+00,2.065410678304317571e+00,2.057623314342053256e+00,2.051713756934477217e+00,2.046250664010734077e+00
2.476164682153248577e+02,2.238332802352876350e+00,2.228181853014653324e+00,2.200501259601649551e+00,2.177616285870461077e+00,2.159716339327127699e+00,2.145549071344395653e+00,2.124689560403272726e+00,2.104354819114926389e+00,2.091098388223600058e+00,2.081784396518139069e+00,2.074893338331543546e+00,2.065410678304317571e+00,2.057623314342053256e+00,2.051713756934477217e+00,2.046250664010734077e+00
2.491925604730602117e+02,2.238332802352876350e+00,2.228181853014653324e+00,2.200501259601649551e+00,2.177616285870461077e+00,2.159716339327127699e+00,2.145549071344395653e+00,2.124689560403272726e+00,2.104354819114926389e+00,2.091098388223600058e+00,2.081784396518139069e+00,2.074893338331543546e+00,2.065410678304317571e+00,2.057623314342053256e+00,2.051713756934477217e+00,2.046250664010734077e+00
2.507786846435467396e+02,2.238332802352876350e+00,2.228181853014653324e+00,2.200501259601649551e+00,2.177616285870461077e+00,2.159716339327127699e+00,2.145549071344395653e+00,2.124689560403272726e+00,2.104354819114926389e+00,2.091098388223600058e+00,2.081784396518139069e+00,2.074893338331543546e+00,2.065410678304317571e+00,2.057623314342053256e+00,2.051713756934477217e+00,2.046250664010734077e+00
2.523749045804535172e+02,2.238332802352876350e+00,2.228181853014653324e+00,2.200501259601649551e+00,2.177616285870461077e+00,2.159716339327127699e+00,2.145549071344395653e+00,2.124689560403272726e+00,2.104354819114926389e+00,2.091098388223600058e+00,2.081784396518139069e+00,2.074893338331543546e+00,2.065410678304317571e+00,2.057623314342053256e+00,2.051713756934477217e+00,2.046250664010734077e+00
2.539812845438814293e+02,2.238332802352876350e+00,2.228181853014653324e+00,2.200501259601649551e+00,2.177616285870461077e+00,2.159716339327127699e+00,2.145549071344395653e+00,2.124689560403272726e+00,2.104354819114926389e+00,2.091098388223600058e+00,2.081784396518139069e+00,2.074893338331543546e+00,2.065410678304317571e+00,2.057623314342053256e+00,2.051713756934477217e+00,2.046250664010734077e+00
2.555978892029511655e+02,2.238332802352876350e+00,2.228181853014653324e+00,2.200501259601649551e+00,2.177616285870461077e+00,2.159716339327127699e+00,2.145549071344395653e+00,2.124689560403272726e+00,2.104354819114926389e+00,2.091098388223600058e+00,2.081784396518139069e+00,2.074893338331543546e+00,2.065410678304317571e+00,2.057623314342053256e+00,2.051713756934477217e+00,2.046250664010734077e+00
2.572247836384050856e+02,2.238332802352876350e+00,2.228181853014653324e+00,2.200501259601649551e+00,2.177616285870461077e+00,2.159716339327127699e+00,2.145549071344395653e+00,2.124689560403272726e+00,2.104354819114926389e+00,2.091098388223600058e+00,2.081784396518139069e+00,2.074893338331543546e+00,2.065410678304317571e+00,2.057623314342053256e+00,2.051713756934477217e+00,2.046250664010734077e+00
2.588620333452283262e+02,2.238332802352876350e+00,2.228181853014653324e+00,2.200501259601649551e+00,2.177616285870461077e+00,2.159716339327127699e+00,2.145549071344395653e+00,2.124689560403272726e+00,2.104354819114926389e+00,2.091098388223600058e+00,2.081784396518139069e+00,2.074893338331543546e+00,2.065410678304317571e+00,2.057623314342053256e+00,2.051713756934477217e+00,2.046250664010734077e+00
2.605097042352850281e+02,2.238332802352876350e+00,2.228181853014653324e+00,2.200501259601649551e+00,2.177616285870461077e+00,2.159716339327127699e+00,2.145549071344395653e+00,2.124689560403272726e+00,2.104354819114926389e+00,2.091098388223600058e+00,2.081784396518139069e+00,2.074893338331543546e+00,2.065410678304317571e+00,2.057623314342053256e+00,2.051713756934477217e+00,2.046250664010734077e+00
2.621678626399720429e+02,2.238332802352876350e+00,2.228181853014653324e+00,2.200501259601649551e+00,2.177616285870461077e+00,2.159716339327127699e+00,2.145549071344395653e+00,2.124689560403272726e+00,2.104354819114926389e+00,2.091098388223600058e+00,2.081784396518139069e+00,2.074893338331543546e+00,2.065410678304317571e+00,2.057623314342053256e+00,2.051713756934477217e+00,2.046250664010734077e+00
2.638365753128888400e+02,2.238332802352876350e+00,2.228181853014653324e+00,2.200501259601649551e+00,2.177616285870461077e+00,2.159716339327127699e+00,2.145549071344395653e+00,2.124689560403272726e+00,2.104354819114926389e+00,2.091098388223600058e+00,2.081784396518139069e+00,2.074893338331543546e+00,2.065410678304317571e+00,2.057623314342053256e+00,2.051713756934477217e+00,2.046250664010734077e+00
2.655159094325260298e+02,2.238332802352876350e+00,2.228181853014653324e+00,2.200501259601649551e+00,2.177616285870461077e+00,2.159716339327127699e+00,2.145549071344395653e+00,2.124689560403272726e+00,2.104354819114926389e+00,2.091098388223600058e+00,2.081784396518139069e+00,2.074893338331543546e+00,2.065410678304317571e+00,2.057623314342053256e+00,2.051713756934477217e+00,2.046250664010734077e+00
2.672059326049680976e+02,2.238332802352876350e+00,2.228181853014653324e+00,2.200501259601649551e+00,2.177616285870461077e+00,2.159716339327127699e+00,2.145549071344395653e+00,2.124689560403272726e+00,2.104354819114926389e+00,2.091098388223600058e+00,2.081784396518139069e+00,2.074893338331543546e+00,2.065410678304317571e+00,2.057623314342053256e+00,2.051713756934477217e+00,2.046250664010734077e+00
2.689067128666162034e+02,2.238332802352876350e+00,2.228181853014653324e+00,2.200501259601649551e+00,2.177616285870461077e+00,2.159716339327127699e+00,2.145549071344395653e+00,2.124689560403272726e+00,2.104354819114926389e+00,2.091098388223600058e+00,2.081784396518139069e+00,2.074893338331543546e+00,2.065410678304317571e+00,2.057623314342053256e+00,2.051713756934477217e+00,2.046250664010734077e+00
2.706183186869266137e+02,2.238332802352876350e+00,2.228181853014653324e+00,2.200501259601649551e+00,2.177616285870461077e+00,2.159716339327127699e+00,2.145549071344395653e+00,2.124689560403272726e+00,2.104354819114926389e+00,2.091098388223600058e+00,2.081784396518139069e+00,2.074893338331543546e+00,2.065410678304317571e+00,2.057623314342053256e+00,2.051713756934477217e+00,2.046250664010734077e+00
2.723408189711683463e+02,2.238332802352876350e+00,2.228181853014653324e+00,2.200501259601649551e+00,2.177616285870461077e+00,2.159716339327127699e+00,2.145549071344395653e+00,2.124689560403272726e+00,2.104354819114926389e+00,2.091098388223600058e+00,2.081784396518139069e+00,2.074893338331543546e+00,2.065410678304317571e+00,2.057623314342053256e+00,2.051713756934477217e+00,2.046250664010734077e+00
2.740742830631951392e+02,2.238332802352876350e+00,2.228181853014653324e+00,2.200501259601649551e+00,2.177616285870461077e+00,2.159716339327127699e+00,2.145549071344395653e+00,2.124689560403272726e+00,2.104354819114926389e+00,2.091098388223600058e+00,2.081784396518139069e+00,2.074893338331543546e+00,2.065410678304317571e+00,2.057623314342053256e+00,2.051713756934477217e+00,2.046250664010734077e+00
2.758187807482385665e+02,2.238332802352876350e+00,2.228181853014653324e+00,2.200501259601649551e+00,2.177616285870461077e+00,2.159716339327127699e+00,2.145549071344395653e+00,2.124689560403272726e+00,2.104354819114926389e+00,2.091098388223600058e+00,2.081784396518139069e+00,2.074893338331543546e+00,2.065410678304317571e+00,2.057623314342053256e+00,2.051713756934477217e+00,2.046250664010734077e+00
2.775743822557169551e+02,2.238332802352876350e+00,2.228181853014653324e+00,2.200501259601649551e+00,2.177616285870461077e+00,2.159716339327127699e+00,2.145549071344395653e+00,2.124689560403272726e+00,2.104354819114926389e+00,2.091098388223600058e+00,2.081784396518139069e+00,2.074893338331543546e+00,2.065410678304317571e+00,2.057623314342053256e+00,2.051713756934477217e+00,2.046250664010734077e+00
2.793411582620626632e+02,2.238332802352876350e+00,2.228181853014653324e+00,2.200501259601649551e+00,2.177616285870461077e+00,2.159716339327127699e+00,2.145549071344395653e+00,2.124689560403272726e+00,2.104354819114926389e+00,2.091098388223600058e+00,2.081784396518139069e+00,2.074893338331543546e+00,2.065410678304317571e+00,2.057623314342053256e+00,2.051713756934477217e+00,2.046250664010734077e+00
2.811191798935674342e+02,2.238332802352876350e+00,2.228181853014653324e+00,2.200501259601649551e+00,2.177616285870461077e+00,2.159716339327127699e+00,2.145549071344395653e+00,2.124689560403272726e+00,2.104354819114926389e+00,2.091098388223600058e+00,2.081784396518139069e+00,2.074893338331543546e+00,2.065410678304317571e+00,2.057623314342053256e+00,2.051713756934477217e+00,2.046250664010734077e+00
2.829085187292453725e+02,2.238332802352876350e+00,2.228181853014653324e+00,2.200501259601649551e+00,2.177616285870461077e+00,2.159716339327127699e+00,2.145549071344395653e+00,2.124689560403272726e+00,2.104354819114926389e+00,2.091098388223600058e+00,2.081784396518139069e+00,2.074893338331543546e+00,2.065410678304317571e+00,2.057623314342053256e+00,2.051713756934477217e+00,2.046250664010734077e+00
2.847092468037157573e+02,2.238332802352876350e+00,2.228181853014653324e+00,2.200501259601649551e+00,2.177616285870461077e+00,2.159716339327127699e+00,2.145549071344395653e+00,2.124689560403272726e+00,2.104354819114926389e+00,2.091098388223600058e+00,2.081784396518139069e+00,2.074893338331543546e+00,2.065410678304317571e+00,2.057623314342053256e+00,2.051713756934477217e+00,2.046250664010734077e+00
2.865214366101012615e+02,2.238332802352876350e+00,2.228181853014653324e+00,2.200501259601649551e+00,2.177616285870461077e+00,2.159716339327127699e+00,2.145549071344395653e+00,2.124689560403272726e+00,2.104354819114926389e+00,2.091098388223600058e+00,2.081784396518139069e+00,2.074893338331543546e+00,2.065410678304317571e+00,2.057623314342053256e+00,2.051713756934477217e+00,2.046250664010734077e+00
2.883451611029475998e+02,2.238332802352876350e+00,2.228181853014653324e+00,2.200501259601649551e+00,2.177616285870461077e+00,2.159716339327127699e+00,2.145549071344395653e+00,2.124689560403272726e+00,2.104354819114926389e+00,2.091098388223600058e+00,2.081784396518139069e+00,2.074893338331543546e+00,2.065410678304317571e+00,2.057623314342053256e+00,2.051713756934477217e+00,2.046250664010734077e+00
2.901804937011596621e+02,2.238332802352876350e+00,2.228181853014653324e+00,2.200501259601649551e+00,2.177616285870461077e+00,2.159716339327127699e+00,2.145549071344395653e+00,2.124689560403272726e+00,2.104354819114926389e+00,2.091098388223600058e+00,2.081784396518139069e+00,2.074893338331543546e+00,2.065410678304317571e+00,2.057623314342053256e+00,2.051713756934477217e+00,2.046250664010734077e+00
2.920275082909586786e+02,2.238332802352876350e+00,2.228181853014653324e+00,2.200501259601649551e+00,2.177616285870461077e+00,2.159716339327127699e+00,2.145549071344395653e+00,2.124689560403272726e+00,2.104354819114926389e+00,2.091098388223600058e+00,2.081784396518139069e+00,2.074893338331543546e+00,2.065410678304317571e+00,2.057623314342053256e+00,2.051713756934477217e+00,2.046250664010734077e+00
2.938862792288548462e+02,2.238332802352876350e+00,2.228181853014653324e+00,2.200501259601649551e+00,2.177616285870461077e+00,2.159716339327127699e+00,2.145549071344395653e+00,2.124689560403272726e+00,2.104354819114926389e+00,2.091098388223600058e+00,2.081784396518139069e+00,2.074893338331543546e+00,2.065410678304317571e+00,2.057623314342053256e+00,2.051713756934477217e+00,2.046250664010734077e+00
2.957568813446416129e+02,2.238332802352876350e+00,2.228181853014653324e+00,2.200501259601649551e+00,2.177616285870461077e+00,2.159716339327127699e+00,2.145549071344395653e+00,2.124689560403272726e+00,2.104354819114926389e+00,2.091098388223600058e+00,2.081784396518139069e+00,2.074893338331543546e+00,2.065410678304317571e+00,2.057623314342053256e+00,2.051713756934477217e+00,2.046250664010734077e+00
2.976393899444084354e+02,2.238332802352876350e+00,2.228181853014653324e+00,2.200501259601649551e+00,2.177616285870461077e+00,2.159716339327127699e+00,2.145549071344395653e+00,2.124689560403272726e+00,2.104354819114926389e+00,2.091098388223600058e+00,2.081784396518139069e+00,2.074893338331543546e+00,2.065410678304317571e+00,2.057623314342053256e+00,2.051713756934477217e+00,2.046250664010734077e+00
2.995338808135719546e+02,2.238332802352876350e+00,2.228181853014653324e+00,2.200501259601649551e+00,2.177616285870461077e+00,2.159716339327127699e+00,2.145549071344395653e+00,2.124689560403272726e+00,2.104354819114926389e+00,2.091098388223600058e+00,2.081784396518139069e+00,2.074893338331543546e+00,2.065410678304317571e+00,2.057623314342053256e+00,2.051713756934477217e+00,2.046250664010734077e+00
3.014404302199268386e+02,2.238332802352876350e+00,2.228181853014653324e+00,2.200501259601649551e+00,2.177616285870461077e+00,2.159716339327127699e+00,2.145549071344395653e+00,2.124689560403272726e+00,2.104354819114926389e+00,2.091098388223600058e+00,2.081784396518139069e+00,2.074893338331543546e+00,2.065410678304317571e+00,2.057623314342053256e+00,2.051713756934477217e+00,2.046250664010734077e+00
3.033591149167172603e+02,2.238332802352876350e+00,2.228181853014653324e+00,2.200501259601649551e+00,2.177616285870461077e+00,2.159716339327127699e+00,2.145549071344395653e+00,2.124689560403272726e+00,2.104354819114926389e+00,2.091098388223600058e+00,2.081784396518139069e+00,2.074893338331543546e+00,2.065410678304317571e+00,2.057623314342053256e+00,2.051713756934477217e+00,2.046250664010734077e+00
3.052900121457251430e+02,2.238332802352876350e+00,2.228181853014653324e+00,2.200501259601649551e+00,2.177616285870461077e+00,2.159716339327127699e+00,2.145549071344395653e+00,2.124689560403272726e+00,2.104354819114926389e+00,2.091098388223600058e+00,2.081784396518139069e+00,2.074893338331543546e+00,2.065410678304317571e+00,2.057623314342053256e+00,2.051713756934477217e+00,2.046250664010734077e+00
3.072331996403807466e+02,2.238332802352876350e+00,2.228181853014653324e+00,2.200501259601649551e+00,2.177616285870461077e+00,2.159716339327127699e+00,2.145549071344395653e+00,2.124689560403272726e+00,2.104354819114926389e+00,2.091098388223600058e+00,2.081784396518139069e+00,2.074893338331543546e+00,2.065410678304317571e+00,2.057623314342053256e+00,2.051713756934477217e+00,2.046250664010734077e+00
3.091887556288918972e+02,2.238332802352876350e+00,2.228181853014653324e+00,2.200501259601649551e+00,2.177616285870461077e+00,2.159716339327127699e+00,2.145549071344395653e+00,2.124689560403272726e+00,2.104354819114926389e+00,2.091098388223600058e+00,2.081784396518139069e+00,2.074893338331543546e+00,2.065410678304317571e+00,2.057623314342053256e+00,2.051713756934477217e+00,2.046250664010734077e+00
3.111567588373928857e+02,2.238332802352876350e+00,2.228181853014653324e+00,2.200501259601649551e+00,2.177616285870461077e+00,2.159716339327127699e+00,2.145549071344395653e+00,2.124689560403272726e+00,2.104354819114926389e+00,2.091098388223600058e+00,2.081784396518139069e+00,2.074893338331543546e+00,2.065410678304317571e+00,2.057623314342053256e+00,2.051713756934477217e+00,2.046250664010734077e+00
3.131372884931150224e+02,2.238332802352876350e+00,2.228181853014653324e+00,2.200501259601649551e+00,2.177616285870461077e+00,2.159716339327127699e+00,2.145549071344395653e+00,2.124689560403272726e+00,2.104354819114926389e+00,2.091098388223600058e+00,2.081784396518139069e+00,2.074893338331543546e+00,2.065410678304317571e+00,2.057623314342053256e+00,2.051713756934477217e+00,2.046250664010734077e+00
3.151304243275744170e+02,2.238332802352876350e+00,2.228181853014653324e+00,2.200501259601649551e+00,2.177616285870461077e+00,2.159716339327127699e+00,2.145549071344395653e+00,2.124689560403272726e+00,2.104354819114926389e+00,2.091098388223600058e+00,2.081784396518139069e+00,2.074893338331543546e+00,2.065410678304317571e+00,2.057623314342053256e+00,2.051713756934477217e+00,2.046250664010734077e+00
3.171362465797827781e+02,2.238332802352876350e+00,2.228181853014653324e+00,2.200501259601649551e+00,2.177616285870461077e+00,2.159716339327127699e+00,2.145549071344395653e+00,2.124689560403272726e+00,2.104354819114926389e+00,2.091098388223600058e+00,2.081784396518139069e+00,2.074893338331543546e+00,2.065410678304317571e+00,2.057623314342053256e+00,2.051713756934477217e+00,2.046250664010734077e+00
3.191548359994775410e+02,2.238332802352876350e+00,2.228181853014653324e+00,2.200501259601649551e+00,2.177616285870461077e+00,2.159716339327127699e+00,2.145549071344395653e+00,2.124689560403272726e+00,2.104354819114926389e+00,2.091098388223600058e+00,2.081784396518139069e+00,2.074893338331543546e+00,2.065410678304317571e+00,2.057623314342053256e+00,2.051713756934477217e+00,2.046250664010734077e+00
3.211862738503726291e+02,2.238332802352876350e+00,2.228181853014653324e+00,2.200501259601649551e+00,2.177616285870461077e+00,2.159716339327127699e+00,2.145549071344395653e+00,2.124689560403272726e+00,2.104354819114926389e+00,2.091098388223600058e+00,2.081784396518139069e+00,2.074893338331543546e+00,2.065410678304317571e+00,2.057623314342053256e+00,2.051713756934477217e+00,2.046250664010734077e+00
3.232306419134295083e+02,2.238332802352876350e+00,2.228181853014653324e+00,2.200501259601649551e+00,2.177616285870461077e+00,2.159716339327127699e+00,2.145549071344395653e+00,2.124689560403272726e+00,2.104354819114926389e+00,2.091098388223600058e+00,2.081784396518139069e+00,2.074893338331543546e+00,2.065410678304317571e+00,2.057623314342053256e+00,2.051713756934477217e+00,2.046250664010734077e+00
3.252880224901509791e+02,2.238332802352876350e+00,2.228181853014653324e+00,2.200501259601649551e+00,2.177616285870461077e+00,2.159716339327127699e+00,2.145549071344395653e+00,2.124689560403272726e+00,2.104354819114926389e+00,2.091098388223600058e+00,2.081784396518139069e+00,2.074893338331543546e+00,2.065410678304317571e+00,2.057623314342053256e+00,2.051713756934477217e+00,2.046250664010734077e+00
3.273584984058923624e+02,2.238332802352876350e+00,2.228181853014653324e+00,2.200501259601649551e+00,2.177616285870461077e+00,2.159716339327127699e+00,2.145549071344395653e+00,2.124689560403272726e+00,2.104354819114926389e+00,2.091098388223600058e+00,2.081784396518139069e+00,2.074893338331543546e+00,2.065410678304317571e+00,2.057623314342053256e+00,2.051713756934477217e+00,2.046250664010734077e+00
3.294421530131971281e+02,2.238332802352876350e+00,2.228181853014653324e+00,2.200501259601649551e+00,2.177616285870461077e+00,2.159716339327127699e+00,2.145549071344395653e+00,2.124689560403272726e+00,2.104354819114926389e+00,2.091098388223600058e+00,2.081784396518139069e+00,2.074893338331543546e+00,2.065410678304317571e+00,2.057623314342053256e+00,2.051713756934477217e+00,2.046250664010734077e+00
3.315390701951519077e+02,2.238332802352876350e+00,2.228181853014653324e+00,2.200501259601649551e+00,2.177616285870461077e+00,2.159716339327127699e+00,2.145549071344395653e+00,2.124689560403272726e+00,2.104354819114926389e+00,2.091098388223600058e+00,2.081784396518139069e+00,2.074893338331543546e+00,2.065410678304317571e+00,2.057623314342053256e+00,2.051713756934477217e+00,2.046250664010734077e+00
3.336493343687648121e+02,2.238332802352876350e+00,2.228181853014653324e+00,2.200501259601649551e+00,2.177616285870461077e+00,2.159716339327127699e+00,2.145549071344395653e+00,2.124689560403272726e+00,2.104354819114926389e+00,2.091098388223600058e+00,2.081784396518139069e+00,2.074893338331543546e+00,2.065410678304317571e+00,2.057623314342053256e+00,2.051713756934477217e+00,2.046250664010734077e+00
3.357730304883616554e+02,2.238332802352876350e+00,2.228181853014653324e+00,2.200501259601649551e+00,2.177616285870461077e+00,2.159716339327127699e+00,2.145549071344395653e+00,2.124689560403272726e+00,2.104354819114926389e+00,2.091098388223600058e+00,2.081784396518139069e+00,2.074893338331543546e+00,2.065410678304317571e+00,2.057623314342053256e+00,2.051713756934477217e+00,2.046250664010734077e+00
3.379102440490075310e+02,2.238332802352876350e+00,2.228181853014653324e+00,2.200501259601649551e+00,2.177616285870461077e+00,2.159716339327127699e+00,2.145549071344395653e+00,2.124689560403272726e+00,2.104354819114926389e+00,2.091098388223600058e+00,2.081784396518139069e+00,2.074893338331543546e+00,2.065410678304317571e+00,2.057623314342053256e+00,2.051713756934477217e+00,2.046250664010734077e+00
3.400610610899483390e+02,2.238332802352876350e+00,2.228181853014653324e+00,2.200501259601649551e+00,2.177616285870461077e+00,2.159716339327127699e+00,2.145549071344395653e+00,2.124689560403272726e+00,2.104354819114926389e+00,2.091098388223600058e+00,2.081784396518139069e+00,2.074893338331543546e+00,2.065410678304317571e+00,2.057623314342053256e+00,2.051713756934477217e+00,2.046250664010734077e+00
3.422255681980743702e+02,2.238332802352876350e+00,2.228181853014653324e+00,2.200501259601649551e+00,2.177616285870461077e+00,2.159716339327127699e+00,2.145549071344395653e+00,2.124689560403272726e+00,2.104354819114926389e+00,2.091098388223600058e+00,2.081784396518139069e+00,2.074893338331543546e+00,2.065410678304317571e+00,2.057623314342053256e+00,2.051713756934477217e+00,2.046250664010734077e+00
3.444038525114061713e+02,2.238332802352876350e+00,2.228181853014653324e+00,2.200501259601649551e+00,2.177616285870461077e+00,2.159716339327127699e+00,2.145549071344395653e+00,2.124689560403272726e+00,2.104354819114926389e+00,2.091098388223600058e+00,2.081784396518139069e+00,2.074893338331543546e+00,2.065410678304317571e+00,2.057623314342053256e+00,2.051713756934477217e+00,2.046250664010734077e+00
3.465960017226021819e+02,2.238332802352876350e+00,2.228181853014653324e+00,2.200501259601649551e+00,2.177616285870461077e+00,2.159716339327127699e+00,2.145549071344395653e+00,2.124689560403272726e+00,2.104354819114926389e+00,2.091098388223600058e+00,2.081784396518139069e+00,2.074893338331543546e+00,2.065410678304317571e+00,2.057623314342053256e+00,2.051713756934477217e+00,2.046250664010734077e+00
3.488021040824904162e+02,2.238332802352876350e+00,2.228181853014653324e+00,2.200501259601649551e+00,2.177616285870461077e+00,2.159716339327127699e+00,2.145549071344395653e+00,2.124689560403272726e+00,2.104354819114926389e+00,2.091098388223600058e+00,2.081784396518139069e+00,2.074893338331543546e+00,2.065410678304317571e+00,2.057623314342053256e+00,2.051713756934477217e+00,2.046250664010734077e+00
3.510222484036191872e+02,2.238332802352876350e+00,2.228181853014653324e+00,2.200501259601649551e+00,2.177616285870461077e+00,2.159716339327127699e+00,2.145549071344395653e+00,2.124689560403272726e+00,2.104354819114926389e+00,2.091098388223600058e+00,2.081784396518139069e+00,2.074893338331543546e+00,2.065410678304317571e+00,2.057623314342053256e+00,2.051713756934477217e+00,2.046250664010734077e+00
3.532565240638337514e+02,2.238332802352876350e+00,2.228181853014653324e+00,2.200501259601649551e+00,2.177616285870461077e+00,2.159716339327127699e+00,2.145549071344395653e+00,2.124689560403272726e+00,2.104354819114926389e+00,2.091098388223600058e+00,2.081784396518139069e+00,2.074893338331543546e+00,2.065410678304317571e+00,2.057623314342053256e+00,2.051713756934477217e+00,2.046250664010734077e+00
3.555050210098739285e+02,2.238332802352876350e+00,2.228181853014653324e+00,2.200501259601649551e+00,2.177616285870461077e+00,2.159716339327127699e+00,2.145549071344395653e+00,2.124689560403272726e+00,2.104354819114926389e+00,2.091098388223600058e+00,2.081784396518139069e+00,2.074893338331543546e+00,2.065410678304317571e+00,2.057623314342053256e+00,2.051713756934477217e+00,2.046250664010734077e+00
3.577678297609965057e+02,2.238332802352876350e+00,2.228181853014653324e+00,2.200501259601649551e+00,2.177616285870461077e+00,2.159716339327127699e+00,2.145549071344395653e+00,2.124689560403272726e+00,2.104354819114926389e+00,2.091098388223600058e+00,2.081784396518139069e+00,2.074893338331543546e+00,2.065410678304317571e+00,2.057623314342053256e+00,2.051713756934477217e+00,2.046250664010734077e+00
3.600450414126170813e+02,2.238332802352876350e+00,2.228181853014653324e+00,2.200501259601649551e+00,2.177616285870461077e+00,2.159716339327127699e+00,2.145549071344395653e+00,2.124689560403272726e+00,2.104354819114926389e+00,2.091098388223600058e+00,2.081784396518139069e+00,2.074893338331543546e+00,2.065410678304317571e+00,2.057623314342053256e+00,2.051713756934477217e+00,2.046250664010734077e+00
3.623367476399790235e+02,2.238332802352876350e+00,2.228181853014653324e+00,2.200501259601649551e+00,2.177616285870461077e+00,2.159716339327127699e+00,2.145549071344395653e+00,2.124689560403272726e+00,2.104354819114926389e+00,2.091098388223600058e+00,2.081784396518139069e+00,2.074893338331543546e+00,2.065410678304317571e+00,2.057623314342053256e+00,2.051713756934477217e+00,2.046250664010734077e+00
3.646430407018434607e+02,2.238332802352876350e+00,2.228181853014653324e+00,2.200501259601649551e+00,2.177616285870461077e+00,2.159716339327127699e+00,2.145549071344395653e+00,2.124689560403272726e+00,2.104354819114926389e+00,2.091098388223600058e+00,2.081784396518139069e+00,2.074893338331543546e+00,2.065410678304317571e+00,2.057623314342053256e+00,2.051713756934477217e+00,2.046250664010734077e+00
3.669640134442035446e+02,2.238332802352876350e+00,2.228181853014653324e+00,2.200501259601649551e+00,2.177616285870461077e+00,2.159716339327127699e+00,2.145549071344395653e+00,2.124689560403272726e+00,2.104354819114926389e+00,2.091098388223600058e+00,2.081784396518139069e+00,2.074893338331543546e+00,2.065410678304317571e+00,2.057623314342053256e+00,2.051713756934477217e+00,2.046250664010734077e+00
3.692997593040219613e+02,2.238332802352876350e+00,2.228181853014653324e+00,2.200501259601649551e+00,2.177616285870461077e+00,2.159716339327127699e+00,2.145549071344395653e+00,2.124689560403272726e+00,2.104354819114926389e+00,2.091098388223600058e+00,2.081784396518139069e+00,2.074893338331543546e+00,2.065410678304317571e+00,2.057623314342053256e+00,2.051713756934477217e+00,2.046250664010734077e+00
3.716503723129937953e+02,2.238332802352876350e+00,2.228181853014653324e+00,2.200501259601649551e+00,2.177616285870461077e+00,2.159716339327127699e+00,2.145549071344395653e+00,2.124689560403272726e+00,2.104354819114926389e+00,2.091098388223600058e+00,2.081784396518139069e+00,2.074893338331543546e+00,2.065410678304317571e+00,2.057623314342053256e+00,2.051713756934477217e+00,2.046250664010734077e+00
3.740159471013297434e+02,2.238332802352876350e+00,2.228181853014653324e+00,2.200501259601649551e+00,2.177616285870461077e+00,2.159716339327127699e+00,2.145549071344395653e+00,2.124689560403272726e+00,2.104354819114926389e+00,2.091098388223600058e+00,2.081784396518139069e+00,2.074893338331543546e+00,2.065410678304317571e+00,2.057623314342053256e+00,2.051713756934477217e+00,2.046250664010734077e+00
3.763965789015674659e+02,2.238332802352876350e+00,2.228181853014653324e+00,2.200501259601649551e+00,2.177616285870461077e+00,2.159716339327127699e+00,2.145549071344395653e+00,2.124689560403272726e+00,2.104354819114926389e+00,2.091098388223600058e+00,2.081784396518139069e+00,2.074893338331543546e+00,2.065410678304317571e+00,2.057623314342053256e+00,2.051713756934477217e+00,2.046250664010734077e+00
3.787923635524048223e+02,2.238332802352876350e+00,2.228181853014653324e+00,2.200501259601649551e+00,2.177616285870461077e+00,2.159716339327127699e+00,2.145549071344395653e+00,2.124689560403272726e+00,2.104354819114926389e+00,2.091098388223600058e+00,2.081784396518139069e+00,2.074893338331543546e+00,2.065410678304317571e+00,2.057623314342053256e+00,2.051713756934477217e+00,2.046250664010734077e+00
3.812033975025577774e+02,2.238332802352876350e+00,2.228181853014653324e+00,2.200501259601649551e+00,2.177616285870461077e+00,2.159716339327127699e+00,2.145549071344395653e+00,2.124689560403272726e+00,2.104354819114926389e+00,2.091098388223600058e+00,2.081784396518139069e+00,2.074893338331543546e+00,2.065410678304317571e+00,2.057623314342053256e+00,2.051713756934477217e+00,2.046250664010734077e+00
3.836297778146447968e+02,2.238332802352876350e+00,2.228181853014653324e+00,2.200501259601649551e+00,2.177616285870461077e+00,2.159716339327127699e+00,2.145549071344395653e+00,2.124689560403272726e+00,2.104354819114926389e+00,2.091098388223600058e+00,2.081784396518139069e+00,2.074893338331543546e+00,2.065410678304317571e+00,2.057623314342053256e+00,2.051713756934477217e+00,2.046250664010734077e+00
3.860716021690920456e+02,2.238332802352876350e+00,2.228181853014653324e+00,2.200501259601649551e+00,2.177616285870461077e+00,2.159716339327127699e+00,2.145549071344395653e+00,2.124689560403272726e+00,2.104354819114926389e+00,2.091098388223600058e+00,2.081784396518139069e+00,2.074893338331543546e+00,2.065410678304317571e+00,2.057623314342053256e+00,2.051713756934477217e+00,2.046250664010734077e+00
3.885289688680672384e+02,2.238332802352876350e+00,2.228181853014653324e+00,2.200501259601649551e+00,2.177616285870461077e+00,2.159716339327127699e+00,2.145549071344395653e+00,2.124689560403272726e+00,2.104354819114926389e+00,2.091098388223600058e+00,2.081784396518139069e+00,2.074893338331543546e+00,2.065410678304317571e+00,2.057623314342053256e+00,2.051713756934477217e+00,2.046250664010734077e+00
3.910019768394366793e+02,2.238332802352876350e+00,2.228181853014653324e+00,2.200501259601649551e+00,2.177616285870461077e+00,2.159716339327127699e+00,2.145549071344395653e+00,2.124689560403272726e+00,2.104354819114926389e+00,2.091098388223600058e+00,2.081784396518139069e+00,2.074893338331543546e+00,2.065410678304317571e+00,2.057623314342053256e+00,2.051713756934477217e+00,2.046250664010734077e+00
3.934907256407481100e+02,2.238332802352876350e+00,2.228181853014653324e+00,2.200501259601649551e+00,2.177616285870461077e+00,2.159716339327127699e+00,2.145549071344395653e+00,2.124689560403272726e+00,2.104354819114926389e+00,2.091098388223600058e+00,2.081784396518139069e+00,2.074893338331543546e+00,2.065410678304317571e+00,2.057623314342053256e+00,2.051713756934477217e+00,2.046250664010734077e+00
3.959953154632377732e+02,2.238332802352876350e+00,2.228181853014653324e+00,2.200501259601649551e+00,2.177616285870461077e+00,2.159716339327127699e+00,2.145549071344395653e+00,2.124689560403272726e+00,2.104354819114926389e+00,2.091098388223600058e+00,2.081784396518139069e+00,2.074893338331543546e+00,2.065410678304317571e+00,2.057623314342053256e+00,2.051713756934477217e+00,2.046250664010734077e+00
3.985158471358660108e+02,2.238332802352876350e+00,2.228181853014653324e+00,2.200501259601649551e+00,2.177616285870461077e+00,2.159716339327127699e+00,2.145549071344395653e+00,2.124689560403272726e+00,2.104354819114926389e+00,2.091098388223600058e+00,2.081784396518139069e+00,2.074893338331543546e+00,2.065410678304317571e+00,2.057623314342053256e+00,2.051713756934477217e+00,2.046250664010734077e+00
4.010524221293736673e+02,2.238332802352876350e+00,2.228181853014653324e+00,2.200501259601649551e+00,2.177616285870461077e+00,2.159716339327127699e+00,2.145549071344395653e+00,2.124689560403272726e+00,2.104354819114926389e+00,2.091098388223600058e+00,2.081784396518139069e+00,2.074893338331543546e+00,2.065410678304317571e+00,2.057623314342053256e+00,2.051713756934477217e+00,2.046250664010734077e+00
4.036051425603687903e+02,2.238332802352876350e+00,2.228181853014653324e+00,2.200501259601649551e+00,2.177616285870461077e+00,2.159716339327127699e+00,2.145549071344395653e+00,2.124689560403272726e+00,2.104354819114926389e+00,2.091098388223600058e+00,2.081784396518139069e+00,2.074893338331543546e+00,2.065410678304317571e+00,2.057623314342053256e+00,2.051713756934477217e+00,2.046250664010734077e+00
4.061741111954367511e+02,2.238332802352876350e+00,2.228181853014653324e+00,2.200501259601649551e+00,2.177616285870461077e+00,2.159716339327127699e+00,2.145549071344395653e+00,2.124689560403272726e+00,2.104354819114926389e+00,2.091098388223600058e+00,2.081784396518139069e+00,2.074893338331543546e+00,2.065410678304317571e+00,2.057623314342053256e+00,2.051713756934477217e+00,2.046250664010734077e+00
4.087594314552789569e+02,2.238332802352876350e+00,2.228181853014653324e+00,2.200501259601649551e+00,2.177616285870461077e+00,2.159716339327127699e+00,2.145549071344395653e+00,2.124689560403272726e+00,2.104354819114926389e+00,2.091098388223600058e+00,2.081784396518139069e+00,2.074893338331543546e+00,2.065410678304317571e+00,2.057623314342053256e+00,2.051713756934477217e+00,2.046250664010734077e+00
4.113612074188741303e+02,2.238332802352876350e+00,2.228181853014653324e+00,2.200501259601649551e+00,2.177616285870461077e+00,2.159716339327127699e+00,2.145549071344395653e+00,2.124689560403272726e+00,2.104354819114926389e+00,2.091098388223600058e+00,2.081784396518139069e+00,2.074893338331543546e+00,2.065410678304317571e+00,2.057623314342053256e+00,2.051713756934477217e+00,2.046250664010734077e+00
4.139795438276697155e+02,2.238332802352876350e+00,2.228181853014653324e+00,2.200501259601649551e+00,2.177616285870461077e+00,2.159716339327127699e+00,2.145549071344395653e+00,2.124689560403272726e+00,2.104354819114926389e+00,2.091098388223600058e+00,2.081784396518139069e+00,2.074893338331543546e+00,2.065410678304317571e+00,2.057623314342053256e+00,2.051713756934477217e+00,2.046250664010734077e+00
4.166145460897979547e+02,2.238332802352876350e+00,2.228181853014653324e+00,2.200501259601649551e+00,2.177616285870461077e+00,2.159716339327127699e+00,2.145549071344395653e+00,2.124689560403272726e+00,2.104354819114926389e+00,2.091098388223600058e+00,2.081784396518139069e+00,2.074893338331543546e+00,2.065410678304317571e+00,2.057623314342053256e+00,2.051713756934477217e+00,2.046250664010734077e+00
4.192663202843198746e+02,2.238332802352876350e+00,2.228181853014653324e+00,2.200501259601649551e+00,2.177616285870461077e+00,2.159716339327127699e+00,2.145549071344395653e+00,2.124689560403272726e+00,2.104354819114926389e+00,2.091098388223600058e+00,2.081784396518139069e+00,2.074893338331543546e+00,2.065410678304317571e+00,2.057623314342053256e+00,2.051713756934477217e+00,2.046250664010734077e+00
4.219349731654953075e+02,2.238332802352876350e+00,2.228181853014653324e+00,2.200501259601649551e+00,2.177616285870461077e+00,2.159716339327127699e+00,2.145549071344395653e+00,2.124689560403272726e+00,2.104354819114926389e+00,2.091098388223600058e+00,2.081784396518139069e+00,2.074893338331543546e+00,2.065410678304317571e+00,2.057623314342053256e+00,2.051713756934477217e+00,2.046250664010734077e+00
4.246206121670802531e+02,2.238332802352876350e+00,2.228181853014653324e+00,2.200501259601649551e+00,2.177616285870461077e+00,2.159716339327127699e+00,2.145549071344395653e+00,2.124689560403272726e+00,2.104354819114926389e+00,2.091098388223600058e+00,2.081784396518139069e+00,2.074893338331543546e+00,2.065410678304317571e+00,2.057623314342053256e+00,2.051713756934477217e+00,2.046250664010734077e+00
4.273233454066538570e+02,2.238332802352876350e+00,2.228181853014653324e+00,2.200501259601649551e+00,2.177616285870461077e+00,2.159716339327127699e+00,2.145549071344395653e+00,2.124689560403272726e+00,2.104354819114926389e+00,2.091098388223600058e+00,2.081784396518139069e+00,2.074893338331543546e+00,2.065410678304317571e+00,2.057623314342053256e+00,2.051713756934477217e+00,2.046250664010734077e+00
4.300432816899680688e+02,2.238332802352876350e+00,2.228181853014653324e+00,2.200501259601649551e+00,2.177616285870461077e+00,2.159716339327127699e+00,2.145549071344395653e+00,2.124689560403272726e+00,2.104354819114926389e+00,2.091098388223600058e+00,2.081784396518139069e+00,2.074893338331543546e+00,2.065410678304317571e+00,2.057623314342053256e+00,2.051713756934477217e+00,2.046250664010734077e+00
4.327805305153299855e+02,2.238332802352876350e+00,2.228181853014653324e+00,2.200501259601649551e+00,2.177616285870461077e+00,2.159716339327127699e+00,2.145549071344395653e+00,2.124689560403272726e+00,2.104354819114926389e+00,2.091098388223600058e+00,2.081784396518139069e+00,2.074893338331543546e+00,2.065410678304317571e+00,2.057623314342053256e+00,2.051713756934477217e+00,2.046250664010734077e+00
4.355352020780086946e+02,2.238332802352876350e+00,2.228181853014653324e+00,2.200501259601649551e+00,2.177616285870461077e+00,2.159716339327127699e+00,2.145549071344395653e+00,2.124689560403272726e+00,2.104354819114926389e+00,2.091098388223600058e+00,2.081784396518139069e+00,2.074893338331543546e+00,2.065410678304317571e+00,2.057623314342053256e+00,2.051713756934477217e+00,2.046250664010734077e+00
4.383074072746736647e+02,2.238332802352876350e+00,2.228181853014653324e+00,2.200501259601649551e+00,2.177616285870461077e+00,2.159716339327127699e+00,2.145549071344395653e+00,2.124689560403272726e+00,2.104354819114926389e+00,2.091098388223600058e+00,2.081784396518139069e+00,2.074893338331543546e+00,2.065410678304317571e+00,2.057623314342053256e+00,2.051713756934477217e+00,2.046250664010734077e+00
4.410972577078562153e+02,2.238332802352876350e+00,2.228181853014653324e+00,2.200501259601649551e+00,2.177616285870461077e+00,2.159716339327127699e+00,2.145549071344395653e+00,2.124689560403272726e+00,2.104354819114926389e+00,2.091098388223600058e+00,2.081784396518139069e+00,2.074893338331543546e+00,2.065410678304317571e+00,2.057623314342053256e+00,2.051713756934477217e+00,2.046250664010734077e+00
4.439048656904444101e+02,2.238332802352876350e+00,2.228181853014653324e+00,2.200501259601649551e+00,2.177616285870461077e+00,2.159716339327127699e+00,2.145549071344395653e+00,2.124689560403272726e+00,2.104354819114926389e+00,2.091098388223600058e+00,2.081784396518139069e+00,2.074893338331543546e+00,2.065410678304317571e+00,2.057623314342053256e+00,2.051713756934477217e+00,2.046250664010734077e+00
4.467303442502038706e+02,2.238332802352876350e+00,2.228181853014653324e+00,2.200501259601649551e+00,2.177616285870461077e+00,2.159716339327127699e+00,2.145549071344395653e+00,2.124689560403272726e+00,2.104354819114926389e+00,2.091098388223600058e+00,2.081784396518139069e+00,2.074893338331543546e+00,2.065410678304317571e+00,2.057623314342053256e+00,2.051713756934477217e+00,2.046250664010734077e+00
4.495738071343280353e+02,2.238332802352876350e+00,2.228181853014653324e+00,2.200501259601649551e+00,2.177616285870461077e+00,2.159716339327127699e+00,2.145549071344395653e+00,2.124689560403272726e+00,2.104354819114926389e+00,2.091098388223600058e+00,2.081784396518139069e+00,2.074893338331543546e+00,2.065410678304317571e+00,2.057623314342053256e+00,2.051713756934477217e+00,2.046250664010734077e+00
4.524353688140170107e+02,2.238332802352876350e+00,2.228181853014653324e+00,2.200501259601649551e+00,2.177616285870461077e+00,2.159716339327127699e+00,2.145549071344395653e+00,2.124689560403272726e+00,2.104354819114926389e+00,2.091098388223600058e+00,2.081784396518139069e+00,2.074893338331543546e+00,2.065410678304317571e+00,2.057623314342053256e+00,2.051713756934477217e+00,2.046250664010734077e+00
4.553151444890876860e+02,2.238332802352876350e+00,2.228181853014653324e+00,2.200501259601649551e+00,2.177616285870461077e+00,2.159716339327127699e+00,2.145549071344395653e+00,2.124689560403272726e+00,2.104354819114926389e+00,2.091098388223600058e+00,2.081784396518139069e+00,2.074893338331543546e+00,2.065410678304317571e+00,2.057623314342053256e+00,2.051713756934477217e+00,2.046250664010734077e+00
4.582132500926086323e+02,2.238332802352876350e+00,2.228181853014653324e+00,2.200501259601649551e+00,2.177616285870461077e+00,2.159716339327127699e+00,2.145549071344395653e+00,2.124689560403272726e+00,2.104354819114926389e+00,2.091098388223600058e+00,2.081784396518139069e+00,2.074893338331543546e+00,2.065410678304317571e+00,2.057623314342053256e+00,2.051713756934477217e+00,2.046250664010734077e+00
4.611298022955691636e+02,2.238332802352876350e+00,2.228181853014653324e+00,2.200501259601649551e+00,2.177616285870461077e+00,2.159716339327127699e+00,2.145549071344395653e+00,2.124689560403272726e+00,2.104354819114926389e+00,2.091098388223600058e+00,2.081784396518139069e+00,2.074893338331543546e+00,2.065410678304317571e+00,2.057623314342053256e+00,2.051713756934477217e+00,2.046250664010734077e+00
4.640649185115757405e+02,2.238332802352876350e+00,2.228181853014653324e+00,2.200501259601649551e+00,2.177616285870461077e+00,2.159716339327127699e+00,2.145549071344395653e+00,2.124689560403272726e+00,2.104354819114926389e+00,2.091098388223600058e+00,2.081784396518139069e+00,2.074893338331543546e+00,2.065410678304317571e+00,2.057623314342053256e+00,2.051713756934477217e+00,2.046250664010734077e+00
4.670187169015783297e+02,2.238332802352876350e+00,2.228181853014653324e+00,2.200501259601649551e+00,2.177616285870461077e+00,2.159716339327127699e+00,2.145549071344395653e+00,2.124689560403272726e+00,2.104354819114926389e+00,2.091098388223600058e+00,2.081784396518139069e+00,2.074893338331543546e+00,2.065410678304317571e+00,2.057623314342053256e+00,2.051713756934477217e+00,2.046250664010734077e+00
4.699913163786292785e+02,2.238332802352876350e+00,2.228181853014653324e+00,2.200501259601649551e+00,2.177616285870461077e+00,2.159716339327127699e+00,2.145549071344395653e+00,2.124689560403272726e+00,2.104354819114926389e+00,2.091098388223600058e+00,2.081784396518139069e+00,2.074893338331543546e+00,2.065410678304317571e+00,2.057623314342053256e+00,2.051713756934477217e+00,2.046250664010734077e+00
4.729828366126673700e+02,2.238332802352876350e+00,2.228181853014653324e+00,2.200501259601649551e+00,2.177616285870461077e+00,2.159716339327127699e+00,2.145549071344395653e+00,2.124689560403272726e+00,2.104354819114926389e+00,2.091098388223600058e+00,2.081784396518139069e+00,2.074893338331543546e+00,2.065410678304317571e+00,2.057623314342053256e+00,2.051713756934477217e+00,2.046250664010734077e+00
4.759933980353376910e+02,2.238332802352876350e+00,2.228181853014653324e+00,2.200501259601649551e+00,2.177616285870461077e+00,2.159716339327127699e+00,2.145549071344395653e+00,2.124689560403272726e+00,2.104354819114926389e+00,2.091098388223600058e+00,2.081784396518139069e+00,2.074893338331543546e+00,2.065410678304317571e+00,2.057623314342053256e+00,2.051713756934477217e+00,2.046250664010734077e+00
4.790231218448391246e+02,2.238332802352876350e+00,2.228181853014653324e+00,2.200501259601649551e+00,2.177616285870461077e+00,2.159716339327127699e+00,2.145549071344395653e+00,2.124689560403272726e+00,2.104354819114926389e+00,2.091098388223600058e+00,2.081784396518139069e+00,2.074893338331543546e+00,2.065410678304317571e+00,2.057623314342053256e+00,2.051713756934477217e+00,2.046250664010734077e+00
4.820721300108038463e+02,2.238332802352876350e+00,2.228181853014653324e+00,2.200501259601649551e+00,2.177616285870461077e+00,2.159716339327127699e+00,2.145549071344395653e+00,2.124689560403272726e+00,2.104354819114926389e+00,2.091098388223600058e+00,2.081784396518139069e+00,2.074893338331543546e+00,2.065410678304317571e+00,2.057623314342053256e+00,2.051713756934477217e+00,2.046250664010734077e+00
4.851405452792066626e+02,2.238332802352876350e+00,2.228181853014653324e+00,2.200501259601649551e+00,2.177616285870461077e+00,2.159716339327127699e+00,2.145549071344395653e+00,2.124689560403272726e+00,2.104354819114926389e+00,2.091098388223600058e+00,2.081784396518139069e+00,2.074893338331543546e+00,2.065410678304317571e+00,2.057623314342053256e+00,2.051713756934477217e+00,2.046250664010734077e+00
4.882284911773088538e+02,2.238332802352876350e+00,2.228181853014653324e+00,2.200501259601649551e+00,2.177616285870461077e+00,2.159716339327127699e+00,2.145549071344395653e+00,2.124689560403272726e+00,2.104354819114926389e+00,2.091098388223600058e+00,2.081784396518139069e+00,2.074893338331543546e+00,2.065410678304317571e+00,2.057623314342053256e+00,2.051713756934477217e+00,2.046250664010734077e+00
4.913360920186277667e+02,2.238332802352876350e+00,2.228181853014653324e+00,2.200501259601649551e+00,2.177616285870461077e+00,2.159716339327127699e+00,2.145549071344395653e+00,2.124689560403272726e+00,2.104354819114926389e+00,2.091098388223600058e+00,2.081784396518139069e+00,2.074893338331543546e+00,2.065410678304317571e+00,2.057623314342053256e+00,2.051713756934477217e+00,2.046250664010734077e+00
4.944634729079436397e+02,2.238332802352876350e+00,2.228181853014653324e+00,2.200501259601649551e+00,2.177616285870461077e+00,2.159716339327127699e+00,2.145549071344395653e+00,2.124689560403272726e+00,2.104354819114926389e+00,2.091098388223600058e+00,2.081784396518139069e+00,2.074893338331543546e+00,2.065410678304317571e+00,2.057623314342053256e+00,2.051713756934477217e+00,2.046250664010734077e+00
4.976107597463348498e+02,2.238332802352876350e+00,2.228181853014653324e+00,2.200501259601649551e+00,2.177616285870461077e+00,2.159716339327127699e+00,2.145549071344395653e+00,2.124689560403272726e+00,2.104354819114926389e+00,2.091098388223600058e+00,2.081784396518139069e+00,2.074893338331543546e+00,2.065410678304317571e+00,2.057623314342053256e+00,2.051713756934477217e+00,2.046250664010734077e+00
5.007780792362485727e+02,2.238332802352876350e+00,2.228181853014653324e+00,2.200501259601649551e+00,2.177616285870461077e+00,2.159716339327127699e+00,2.145549071344395653e+00,2.124689560403272726e+00,2.104354819114926389e+00,2.091098388223600058e+00,2.081784396518139069e+00,2.074893338331543546e+00,2.065410678304317571e+00,2.057623314342053256e+00,2.051713756934477217e+00,2.046250664010734077e+00
5.039655588865983304e+02,2.238332802352876350e+00,2.228181853014653324e+00,2.200501259601649551e+00,2.177616285870461077e+00,2.159716339327127699e+00,2.145549071344395653e+00,2.124689560403272726e+00,2.104354819114926389e+00,2.091098388223600058e+00,2.081784396518139069e+00,2.074893338331543546e+00,2.065410678304317571e+00,2.057623314342053256e+00,2.051713756934477217e+00,2.046250664010734077e+00
5.071733270178993962e+02,2.238332802352876350e+00,2.228181853014653324e+00,2.200501259601649551e+00,2.177616285870461077e+00,2.159716339327127699e+00,2.145549071344395653e+00,2.124689560403272726e+00,2.104354819114926389e+00,2.091098388223600058e+00,2.081784396518139069e+00,2.074893338331543546e+00,2.065410678304317571e+00,2.057623314342053256e+00,2.051713756934477217e+00,2.046250664010734077e+00
5.104015127674339283e+02,2.238332802352876350e+00,2.228181853014653324e+00,2.200501259601649551e+00,2.177616285870461077e+00,2.159716339327127699e+00,2.145549071344395653e+00,2.124689560403272726e+00,2.104354819114926389e+00,2.091098388223600058e+00,2.081784396518139069e+00,2.074893338331543546e+00,2.065410678304317571e+00,2.057623314342053256e+00,2.051713756934477217e+00,2.046250664010734077e+00
5.136502460944500399e+02,2.238332802352876350e+00,2.228181853014653324e+00,2.200501259601649551e+00,2.177616285870461077e+00,2.159716339327127699e+00,2.145549071344395653e+00,2.124689560403272726e+00,2.104354819114926389e+00,2.091098388223600058e+00,2.081784396518139069e+00,2.074893338331543546e+00,2.065410678304317571e+00,2.057623314342053256e+00,2.051713756934477217e+00,2.046250664010734077e+00
5.169196577853934969e+02,2.238332802352876350e+00,2.228181853014653324e+00,2.200501259601649551e+00,2.177616285870461077e+00,2.159716339327127699e+00,2.145549071344395653e+00,2.124689560403272726e+00,2.104354819114926389e+00,2.091098388223600058e+00,2.081784396518139069e+00,2.074893338331543546e+00,2.065410678304317571e+00,2.057623314342053256e+00,2.051713756934477217e+00,2.046250664010734077e+00
5.202098794591723845e+02,2.238332802352876350e+00,2.228181853014653324e+00,2.200501259601649551e+00,2.177616285870461077e+00,2.159716339327127699e+00,2.145549071344395653e+00,2.124689560403272726e+00,2.104354819114926389e+00,2.091098388223600058e+00,2.081784396518139069e+00,2.074893338331543546e+00,2.065410678304317571e+00,2.057623314342053256e+00,2.051713756934477217e+00,2.046250664010734077e+00
5.235210435724576428e+02,2.238332802352876350e+00,2.228181853014653324e+00,2.200501259601649551e+00,2.177616285870461077e+00,2.159716339327127699e+00,2.145549071344395653e+00,2.124689560403272726e+00,2.104354819114926389e+00,2.091098388223600058e+00,2.081784396518139069e+00,2.074893338331543546e+00,2.065410678304317571e+00,2.057623314342053256e+00,2.051713756934477217e+00,2.046250664010734077e+00
5.268532834250129326e+02,2.238332802352876350e+00,2.228181853014653324e+00,2.200501259601649551e+00,2.177616285870461077e+00,2.159716339327127699e+00,2.145549071344395653e+00,2.124689560403272726e+00,2.104354819114926389e+00,2.091098388223600058e+00,2.081784396518139069e+00,2.074893338331543546e+00,2.065410678304317571e+00,2.057623314342053256e+00,2.051713756934477217e+00,2.046250664010734077e+00
5.302067331650621327e+02,2.238332802352876350e+00,2.228181853014653324e+00,2.200501259601649551e+00,2.177616285870461077e+00,2.159716339327127699e+00,2.145549071344395653e+00,2.124689560403272726e+00,2.104354819114926389e+00,2.091098388223600058e+00,2.081784396518139069e+00,2.074893338331543546e+00,2.065410678304317571e+00,2.057623314342053256e+00,2.051713756934477217e+00,2.046250664010734077e+00
5.335815277946899187e+02,2.238332802352876350e+00,2.228181853014653324e+00,2.200501259601649551e+00,2.177616285870461077e+00,2.159716339327127699e+00,2.145549071344395653e+00,2.124689560403272726e+00,2.104354819114926389e+00,2.091098388223600058e+00,2.081784396518139069e+00,2.074893338331543546e+00,2.065410678304317571e+00,2.057623314342053256e+00,2.051713756934477217e+00,2.046250664010734077e+00
5.369778031752776997e+02,2.238332802352876350e+00,2.228181853014653324e+00,2.200501259601649551e+00,2.177616285870461077e+00,2.159716339327127699e+00,2.145549071344395653e+00,2.124689560403272726e+00,2.104354819114926389e+00,2.091098388223600058e+00,2.081784396518139069e+00,2.074893338331543546e+00,2.065410678304317571e+00,2.057623314342053256e+00,2.051713756934477217e+00,2.046250664010734077e+00
5.403956960329705907e+02,2.238332802352876350e+00,2.228181853014653324e+00,2.200501259601649551e+00,2.177616285870461077e+00,2.159716339327127699e+00,2.145549071344395653e+00,2.124689560403272726e+00,2.104354819114926389e+00,2.091098388223600058e+00,2.081784396518139069e+00,2.074893338331543546e+00,2.065410678304317571e+00,2.057623314342053256e+00,2.051713756934477217e+00,2.046250664010734077e+00
5.438353439641833802e+02,2.238332802352876350e+00,2.228181853014653324e+00,2.200501259601649551e+00,2.177616285870461077e+00,2.159716339327127699e+00,2.145549071344395653e+00,2.124689560403272726e+00,2.104354819114926389e+00,2.091098388223600058e+00,2.081784396518139069e+00,2.074893338331543546e+00,2.065410678304317571e+00,2.057623314342053256e+00,2.051713756934477217e+00,2.046250664010734077e+00
5.472968854411396933e+02,2.238332802352876350e+00,2.228181853014653324e+00,2.200501259601649551e+00,2.177616285870461077e+00,2.159716339327127699e+00,2.145549071344395653e+00,2.124689560403272726e+00,2.104354819114926389e+00,2.091098388223600058e+00,2.081784396518139069e+00,2.074893338331543546e+00,2.065410678304317571e+00,2.057623314342053256e+00,2.051713756934477217e+00,2.046250664010734077e+00
5.507804598174462853e+02,2.238332802352876350e+00,2.228181853014653324e+00,2.200501259601649551e+00,2.177616285870461077e+00,2.159716339327127699e+00,2.145549071344395653e+00,2.124689560403272726e+00,2.104354819114926389e+00,2.091098388223600058e+00,2.081784396518139069e+00,2.074893338331543546e+00,2.065410678304317571e+00,2.057623314342053256e+00,2.051713756934477217e+00,2.046250664010734077e+00
5.542862073337032598e+02,2.238332802352876350e+00,2.228181853014653324e+00,2.200501259601649551e+00,2.177616285870461077e+00,2.159716339327127699e+00,2.145549071344395653e+00,2.124689560403272726e+00,2.104354819114926389e+00,2.091098388223600058e+00,2.081784396518139069e+00,2.074893338331543546e+00,2.065410678304317571e+00,2.057623314342053256e+00,2.051713756934477217e+00,2.046250664010734077e+00
5.578142691231489607e+02,2.238332802352876350e+00,2.228181853014653324e+00,2.200501259601649551e+00,2.177616285870461077e+00,2.159716339327127699e+00,2.145549071344395653e+00,2.124689560403272726e+00,2.104354819114926389e+00,2.091098388223600058e+00,2.081784396518139069e+00,2.074893338331543546e+00,2.065410678304317571e+00,2.057623314342053256e+00,2.051713756934477217e+00,2.046250664010734077e+00
5.613647872173444284e+02,2.238332802352876350e+00,2.228181853014653324e+00,2.200501259601649551e+00,2.177616285870461077e+00,2.159716339327127699e+00,2.145549071344395653e+00,2.124689560403272726e+00,2.104354819114926389e+00,2.091098388223600058e+00,2.081784396518139069e+00,2.074893338331543546e+00,2.065410678304317571e+00,2.057623314342053256e+00,2.051713756934477217e+00,2.046250664010734077e+00
5.649379045518875273e+02,2.238332802352876350e+00,2.228181853014653324e+00,2.200501259601649551e+00,2.177616285870461077e+00,2.159716339327127699e+00,2.145549071344395653e+00,2.124689560403272726e+00,2.104354819114926389e+00,2.091098388223600058e+00,2.081784396518139069e+00,2.074893338331543546e+00,2.065410678304317571e+00,2.057623314342053256e+00,2.051713756934477217e+00,2.046250664010734077e+00
5.685337649721686830e+02,2.238332802352876350e+00,2.228181853014653324e+00,2.200501259601649551e+00,2.177616285870461077e+00,2.159716339327127699e+00,2.145549071344395653e+00,2.124689560403272726e+00,2.104354819114926389e+00,2.091098388223600058e+00,2.081784396518139069e+00,2.074893338331543546e+00,2.065410678304317571e+00,2.057623314342053256e+00,2.051713756934477217e+00,2.046250664010734077e+00
5.721525132391642501e+02,2.238332802352876350e+00,2.228181853014653324e+00,2.200501259601649551e+00,2.177616285870461077e+00,2.159716339327127699e+00,2.145549071344395653e+00,2.124689560403272726e+00,2.104354819114926389e+00,2.091098388223600058e+00,2.081784396518139069e+00,2.074893338331543546e+00,2.065410678304317571e+00,2.057623314342053256e+00,2.051713756934477217e+00,2.046250664010734077e+00
5.757942950352598928e+02,2.238332802352876350e+00,2.228181853014653324e+00,2.200501259601649551e+00,2.177616285870461077e+00,2.159716339327127699e+00,2.145549071344395653e+00,2.124689560403272726e+00,2.104354819114926389e+00,2.091098388223600058e+00,2.081784396518139069e+00,2.074893338331543546e+00,2.065410678304317571e+00,2.057623314342053256e+00,2.051713756934477217e+00,2.046250664010734077e+00
5.794592569701183038e+02,2.238332802352876350e+00,2.228181853014653324e+00,2.200501259601649551e+00,2.177616285870461077e+00,2.159716339327127699e+00,2.145549071344395653e+00,2.124689560403272726e+00,2.104354819114926389e+00,2.091098388223600058e+00,2.081784396518139069e+00,2.074893338331543546e+00,2.065410678304317571e+00,2.057623314342053256e+00,2.051713756934477217e+00,2.046250664010734077e+00
5.831475465865808019e+02,2.238332802352876350e+00,2.228181853014653324e+00,2.200501259601649551e+00,2.177616285870461077e+00,2.159716339327127699e+00,2.145549071344395653e+00,2.124689560403272726e+00,2.104354819114926389e+00,2.091098388223600058e+00,2.081784396518139069e+00,2.074893338331543546e+00,2.065410678304317571e+00,2.057623314342053256e+00,2.051713756934477217e+00,2.046250664010734077e+00
5.868593123666064457e+02,2.238332802352876350e+00,2.228181853014653324e+00,2.200501259601649551e+00,2.177616285870461077e+00,2.159716339327127699e+00,2.145549071344395653e+00,2.124689560403272726e+00,2.104354819114926389e+00,2.091098388223600058e+00,2.081784396518139069e+00,2.074893338331543546e+00,2.065410678304317571e+00,2.057623314342053256e+00,2.051713756934477217e+00,2.046250664010734077e+00
5.905947037372505974e+02,2.238332802352876350e+00,2.228181853014653324e+00,2.200501259601649551e+00,2.177616285870461077e+00,2.159716339327127699e+00,2.145549071344395653e+00,2.124689560403272726e+00,2.104354819114926389e+00,2.091098388223600058e+00,2.081784396518139069e+00,2.074893338331543546e+00,2.065410678304317571e+00,2.057623314342053256e+00,2.051713756934477217e+00,2.046250664010734077e+00
5.943538710766788427e+02,2.238332802352876350e+00,2.228181853014653324e+00,2.200501259601649551e+00,2.177616285870461077e+00,2.159716339327127699e+00,2.145549071344395653e+00,2.124689560403272726e+00,2.104354819114926389e+00,2.091098388223600058e+00,2.081784396518139069e+00,2.074893338331543546e+00,2.065410678304317571e+00,2.057623314342053256e+00,2.051713756934477217e+00,2.046250664010734077e+00
5.981369657202241115e+02,2.238332802352876350e+00,2.228181853014653324e+00,2.200501259601649551e+00,2.177616285870461077e+00,2.159716339327127699e+00,2.145549071344395653e+00,2.124689560403272726e+00,2.104354819114926389e+00,2.091098388223600058e+00,2.081784396518139069e+00,2.074893338331543546e+00,2.065410678304317571e+00,2.057623314342053256e+00,2.051713756934477217e+00,2.046250664010734077e+00
6.019441399664748360e+02,2.238332802352876350e+00,2.228181853014653324e+00,2.200501259601649551e+00,2.177616285870461077e+00,2.159716339327127699e+00,2.145549071344395653e+00,2.124689560403272726e+00,2.104354819114926389e+00,2.091098388223600058e+00,2.081784396518139069e+00,2.074893338331543546e+00,2.065410678304317571e+00,2.057623314342053256e+00,2.051713756934477217e+00,2.046250664010734077e+00
6.057755470834090374e+02,2.238332802352876350e+00,2.228181853014653324e+00,2.200501259601649551e+00,2.177616285870461077e+00,2.159716339327127699e+00,2.145549071344395653e+00,2.124689560403272726e+00,2.104354819114926389e+00,2.091098388223600058e+00,2.081784396518139069e+00,2.074893338331543546e+00,2.065410678304317571e+00,2.057623314342053256e+00,2.051713756934477217e+00,2.046250664010734077e+00
6.096313413145632012e+02,2.238332802352876350e+00,2.228181853014653324e+00,2.200501259601649551e+00,2.177616285870461077e+00,2.159716339327127699e+00,2.145549071344395653e+00,2.124689560403272726e+00,2.104354819114926389e+00,2.091098388223600058e+00,2.081784396518139069e+00,2.074893338331543546e+00,2.065410678304317571e+00,2.057623314342053256e+00,2.051713756934477217e+00,2.046250664010734077e+00
6.135116778852437847e+02,2.238332802352876350e+00,2.228181853014653324e+00,2.200501259601649551e+00,2.177616285870461077e+00,2.159716339327127699e+00,2.145549071344395653e+00,2.124689560403272726e+00,2.104354819114926389e+00,2.091098388223600058e+00,2.081784396518139069e+00,2.074893338331543546e+00,2.065410678304317571e+00,2.057623314342053256e+00,2.051713756934477217e+00,2.046250664010734077e+00
6.174167130087731721e+02,2.238332802352876350e+00,2.228181853014653324e+00,2.200501259601649551e+00,2.177616285870461077e+00,2.159716339327127699e+00,2.145549071344395653e+00,2.124689560403272726e+00,2.104354819114926389e+00,2.091098388223600058e+00,2.081784396518139069e+00,2.074893338331543546e+00,2.065410678304317571e+00,2.057623314342053256e+00,2.051713756934477217e+00,2.046250664010734077e+00
6.213466038927806494e+02,2.238332802352876350e+00,2.228181853014653324e+00,2.200501259601649551e+00,2.177616285870461077e+00,2.159716339327127699e+00,2.145549071344395653e+00,2.124689560403272726e+00,2.104354819114926389e+00,2.091098388223600058e+00,2.081784396518139069e+00,2.074893338331543546e+00,2.065410678304317571e+00,2.057623314342053256e+00,2.051713756934477217e+00,2.046250664010734077e+00
6.253015087455304410e+02,2.238332802352876350e+00,2.228181853014653324e+00,2.200501259601649551e+00,2.177616285870461077e+00,2.159716339327127699e+00,2.145549071344395653e+00,2.124689560403272726e+00,2.104354819114926389e+00,2.091098388223600058e+00,2.081784396518139069e+00,2.074893338331543546e+00,2.065410678304317571e+00,2.057623314342053256e+00,2.051713756934477217e+00,2.046250664010734077e+00
6.292815867822911287e+02,2.238332802352876350e+00,2.228181853014653324e+00,2.200501259601649551e+00,2.177616285870461077e+00,2.159716339327127699e+00,2.145549071344395653e+00,2.124689560403272726e+00,2.104354819114926389e+00,2.091098388223600058e+00,2.081784396518139069e+00,2.074893338331543546e+00,2.065410678304317571e+00,2.057623314342053256e+00,2.051713756934477217e+00,2.046250664010734077e+00
6.332869982317449740e+02,2.238332802352876350e+00,2.228181853014653324e+00,2.200501259601649551e+00,2.177616285870461077e+00,2.159716339327127699e+00,2.145549071344395653e+00,2.124689560403272726e+00,2.104354819114926389e+00,2.091098388223600058e+00,2.081784396518139069e+00,2.074893338331543546e+00,2.065410678304317571e+00,2.057623314342053256e+00,2.051713756934477217e+00,2.046250664010734077e+00
6.373179043424378278e+02,2.238332802352876350e+00,2.228181853014653324e+00,2.200501259601649551e+00,2.177616285870461077e+00,2.159716339327127699e+00,2.145549071344395653e+00,2.124689560403272726e+00,2.104354819114926389e+00,2.091098388223600058e+00,2.081784396518139069e+00,2.074893338331543546e+00,2.065410678304317571e+00,2.057623314342053256e+00,2.051713756934477217e+00,2.046250664010734077e+00
6.413744673892733772e+02,2.238332802352876350e+00,2.228181853014653324e+00,2.200501259601649551e+00,2.177616285870461077e+00,2.159716339327127699e+00,2.145549071344395653e+00,2.124689560403272726e+00,2.104354819114926389e+00,2.091098388223600058e+00,2.081784396518139069e+00,2.074893338331543546e+00,2.065410678304317571e+00,2.057623314342053256e+00,2.051713756934477217e+00,2.046250664010734077e+00
6.454568506800419527e+02,2.238332802352876350e+00,2.228181853014653324e+00,2.200501259601649551e+00,2.177616285870461077e+00,2.159716339327127699e+00,2.145549071344395653e+00,2.124689560403272726e+00,2.104354819114926389e+00,2.091098388223600058e+00,2.081784396518139069e+00,2.074893338331543546e+00,2.065410678304317571e+00,2.057623314342053256e+00,2.051713756934477217e+00,2.046250664010734077e+00
6.495652185619973125e+02,2.238332802352876350e+00,2.228181853014653324e+00,2.200501259601649551e+00,2.177616285870461077e+00,2.159716339327127699e+00,2.145549071344395653e+00,2.124689560403272726e+00,2.104354819114926389e+00,2.091098388223600058e+00,2.081784396518139069e+00,2.074893338331543546e+00,2.065410678304317571e+00,2.057623314342053256e+00,2.051713756934477217e+00,2.046250664010734077e+00
6.536997364284717378e+02,2.238332802352876350e+00,2.228181853014653324e+00,2.200501259601649551e+00,2.177616285870461077e+00,2.159716339327127699e+00,2.145549071344395653e+00,2.124689560403272726e+00,2.104354819114926389e+00,2.091098388223600058e+00,2.081784396518139069e+00,2.074893338331543546e+00,2.065410678304317571e+00,2.057623314342053256e+00,2.051713756934477217e+00,2.046250664010734077e+00
6.578605707255371726e+02,2.238332802352876350e+00,2.228181853014653324e+00,2.200501259601649551e+00,2.177616285870461077e+00,2.159716339327127699e+00,2.145549071344395653e+00,2.124689560403272726e+00,2.104354819114926389e+00,2.091098388223600058e+00,2.081784396518139069e+00,2.074893338331543546e+00,2.065410678304317571e+00,2.057623314342053256e+00,2.051713756934477217e+00,2.046250664010734077e+00
6.620478889587018330e+02,2.238332802352876350e+00,2.228181853014653324e+00,2.200501259601649551e+00,2.177616285870461077e+00,2.159716339327127699e+00,2.145549071344395653e+00,2.124689560403272726e+00,2.104354819114926389e+00,2.091098388223600058e+00,2.081784396518139069e+00,2.074893338331543546e+00,2.065410678304317571e+00,2.057623314342053256e+00,2.051713756934477217e+00,2.046250664010734077e+00
6.662618596996562701e+02,2.238332802352876350e+00,2.228181853014653324e+00,2.200501259601649551e+00,2.177616285870461077e+00,2.159716339327127699e+00,2.145549071344395653e+00,2.124689560403272726e+00,2.104354819114926389e+00,2.091098388223600058e+00,2.081784396518139069e+00,2.074893338331543546e+00,2.065410678304317571e+00,2.057623314342053256e+00,2.051713756934477217e+00,2.046250664010734077e+00
6.705026525930587695e+02,2.238332802352876350e+00,2.228181853014653324e+00,2.200501259601649551e+00,2.177616285870461077e+00,2.159716339327127699e+00,2.145549071344395653e+00,2.124689560403272726e+00,2.104354819114926389e+00,2.091098388223600058e+00,2.081784396518139069e+00,2.074893338331543546e+00,2.065410678304317571e+00,2.057623314342053256e+00,2.051713756934477217e+00,2.046250664010734077e+00
6.747704383633653151e+02,2.238332802352876350e+00,2.228181853014653324e+00,2.200501259601649551e+00,2.177616285870461077e+00,2.159716339327127699e+00,2.145549071344395653e+00,2.124689560403272726e+00,2.104354819114926389e+00,2.091098388223600058e+00,2.081784396518139069e+00,2.074893338331543546e+00,2.065410678304317571e+00,2.057623314342053256e+00,2.051713756934477217e+00,2.046250664010734077e+00
6.790653888217021859e+02,2.238332802352876350e+00,2.228181853014653324e+00,2.200501259601649551e+00,2.177616285870461077e+00,2.159716339327127699e+00,2.145549071344395653e+00,2.124689560403272726e+00,2.104354819114926389e+00,2.091098388223600058e+00,2.081784396518139069e+00,2.074893338331543546e+00,2.065410678304317571e+00,2.057623314342053256e+00,2.051713756934477217e+00,2.046250664010734077e+00
6.833876768727823219e+02,2.238332802352876350e+00,2.228181853014653324e+00,2.200501259601649551e+00,2.177616285870461077e+00,2.159716339327127699e+00,2.145549071344395653e+00,2.124689560403272726e+00,2.104354819114926389e+00,2.091098388223600058e+00,2.081784396518139069e+00,2.074893338331543546e+00,2.065410678304317571e+00,2.057623314342053256e+00,2.051713756934477217e+00,2.046250664010734077e+00
6.877374765218683024e+02,2.238332802352876350e+00,2.228181853014653324e+00,2.200501259601649551e+00,2.177616285870461077e+00,2.159716339327127699e+00,2.145549071344395653e+00,2.124689560403272726e+00,2.104354819114926389e+00,2.091098388223600058e+00,2.081784396518139069e+00,2.074893338331543546e+00,2.065410678304317571e+00,2.057623314342053256e+00,2.051713756934477217e+00,2.046250664010734077e+00
6.921149628817738630e+02,2.238332802352876350e+00,2.228181853014653324e+00,2.200501259601649551e+00,2.177616285870461077e+00,2.159716339327127699e+00,2.145549071344395653e+00,2.124689560403272726e+00,2.104354819114926389e+00,2.091098388223600058e+00,2.081784396518139069e+00,2.074893338331543546e+00,2.065410678304317571e+00,2.057623314342053256e+00,2.051713756934477217e+00,2.046250664010734077e+00
6.965203121799149812e+02,2.238332802352876350e+00,2.228181853014653324e+00,2.200501259601649551e+00,2.177616285870461077e+00,2.159716339327127699e+00,2.145549071344395653e+00,2.124689560403272726e+00,2.104354819114926389e+00,2.091098388223600058e+00,2.081784396518139069e+00,2.074893338331543546e+00,2.065410678304317571e+00,2.057623314342053256e+00,2.051713756934477217e+00,2.046250664010734077e+00
7.009537017654071178e+02,2.238332802352876350e+00,2.228181853014653324e+00,2.200501259601649551e+00,2.177616285870461077e+00,2.159716339327127699e+00,2.145549071344395653e+00,2.124689560403272726e+00,2.104354819114926389e+00,2.091098388223600058e+00,2.081784396518139069e+00,2.074893338331543546e+00,2.065410678304317571e+00,2.057623314342053256e+00,2.051713756934477217e+00,2.046250664010734077e+00
7.054153101162002031e+02,2.238332802352876350e+00,2.228181853014653324e+00,2.200501259601649551e+00,2.177616285870461077e+00,2.159716339327127699e+00,2.145549071344395653e+00,2.124689560403272726e+00,2.104354819114926389e+00,2.091098388223600058e+00,2.081784396518139069e+00,2.074893338331543546e+00,2.065410678304317571e+00,2.057623314342053256e+00,2.051713756934477217e+00,2.046250664010734077e+00
7.099053168462667145e+02,2.238332802352876350e+00,2.228181853014653324e+00,2.200501259601649551e+00,2.177616285870461077e+00,2.159716339327127699e+00,2.145549071344395653e+00,2.124689560403272726e+00,2.104354819114926389e+00,2.091098388223600058e+00,2.081784396518139069e+00,2.074893338331543546e+00,2.065410678304317571e+00,2.057623314342053256e+00,2.051713756934477217e+00,2.046250664010734077e+00
7.144239027128319321e+02,2.238332802352876350e+00,2.228181853014653324e+00,2.200501259601649551e+00,2.177616285870461077e+00,2.159716339327127699e+00,2.145549071344395653e+00,2.124689560403272726e+00,2.104354819114926389e+00,2.091098388223600058e+00,2.081784396518139069e+00,2.074893338331543546e+00,2.065410678304317571e+00,2.057623314342053256e+00,2.051713756934477217e+00,2.046250664010734077e+00
7.189712496236504649e+02,2.238332802352876350e+00,2.228181853014653324e+00,2.200501259601649551e+00,2.177616285870461077e+00,2.159716339327127699e+00,2.145549071344395653e+00,2.124689560403272726e+00,2.104354819114926389e+00,2.091098388223600058e+00,2.081784396518139069e+00,2.074893338331543546e+00,2.065410678304317571e+00,2.057623314342053256e+00,2.051713756934477217e+00,2.046250664010734077e+00
7.235475406443298425e+02,2.238332802352876350e+00,2.228181853014653324e+00,2.200501259601649551e+00,2.177616285870461077e+00,2.159716339327127699e+00,2.145549071344395653e+00,2.124689560403272726e+00,2.104354819114926389e+00,2.091098388223600058e+00,2.081784396518139069e+00,2.074893338331543546e+00,2.065410678304317571e+00,2.057623314342053256e+00,2.051713756934477217e+00,2.046250664010734077e+00
7.281529600056993559e+02,2.238332802352876350e+00,2.228181853014653324e+00,2.200501259601649551e+00,2.177616285870461077e+00,2.159716339327127699e+00,2.145549071344395653e+00,2.124689560403272726e+00,2.104354819114926389e+00,2.091098388223600058e+00,2.081784396518139069e+00,2.074893338331543546e+00,2.065410678304317571e+00,2.057623314342053256e+00,2.051713756934477217e+00,2.046250664010734077e+00
7.327876931112297143e+02,2.238332802352876350e+00,2.228181853014653324e+00,2.200501259601649551e+00,2.177616285870461077e+00,2.159716339327127699e+00,2.145549071344395653e+00,2.124689560403272726e+00,2.104354819114926389e+00,2.091098388223600058e+00,2.081784396518139069e+00,2.074893338331543546e+00,2.065410678304317571e+00,2.057623314342053256e+00,2.051713756934477217e+00,2.046250664010734077e+00
7.374519265444923803e+02,2.238332802352876350e+00,2.228181853014653324e+00,2.200501259601649551e+00,2.177616285870461077e+00,2.159716339327127699e+00,2.145549071344395653e+00,2.124689560403272726e+00,2.104354819114926389e+00,2.091098388223600058e+00,2.081784396518139069e+00,2.074893338331543546e+00,2.065410678304317571e+00,2.057623314342053256e+00,2.051713756934477217e+00,2.046250664010734077e+00
7.421458480766743833e+02,2.238332802352876350e+00,2.228181853014653324e+00,2.200501259601649551e+00,2.177616285870461077e+00,2.159716339327127699e+00,2.145549071344395653e+00,2.124689560403272726e+00,2.104354819114926389e+00,2.091098388223600058e+00,2.081784396518139069e+00,2.074893338331543546e+00,2.065410678304317571e+00,2.057623314342053256e+00,2.051713756934477217e+00,2.046250664010734077e+00
7.468696466741357654e+02,2.238332802352876350e+00,2.228181853014653324e+00,2.200501259601649551e+00,2.177616285870461077e+00,2.159716339327127699e+00,2.145549071344395653e+00,2.124689560403272726e+00,2.104354819114926389e+00,2.091098388223600058e+00,2.081784396518139069e+00,2.074893338331543546e+00,2.065410678304317571e+00,2.057623314342053256e+00,2.051713756934477217e+00,2.046250664010734077e+00
7.516235125060197788e+02,2.238332802352876350e+00,2.228181853014653324e+00,2.200501259601649551e+00,2.177616285870461077e+00,2.159716339327127699e+00,2.145549071344395653e+00,2.124689560403272726e+00,2.104354819114926389e+00,2.091098388223600058e+00,2.081784396518139069e+00,2.074893338331543546e+00,2.065410678304317571e+00,2.057623314342053256e+00,2.051713756934477217e+00,2.046250664010734077e+00
7.564076369519045784e+02,2.238332802352876350e+00,2.228181853014653324e+00,2.200501259601649551e+00,2.177616285870461077e+00,2.159716339327127699e+00,2.145549071344395653e+00,2.124689560403272726e+00,2.104354819114926389e+00,2.091098388223600058e+00,2.081784396518139069e+00,2.074893338331543546e+00,2.065410678304317571e+00,2.057623314342053256e+00,2.051713756934477217e+00,2.046250664010734077e+00
7.612222126095101657e+02,2.238332802352876350e+00,2.228181853014653324e+00,2.200501259601649551e+00,2.177616285870461077e+00,2.159716339327127699e+00,2.145549071344395653e+00,2.124689560403272726e+00,2.104354819114926389e+00,2.091098388223600058e+00,2.081784396518139069e+00,2.074893338331543546e+00,2.065410678304317571e+00,2.057623314342053256e+00,2.051713756934477217e+00,2.046250664010734077e+00
7.660674333024518319e+02,2.238332802352876350e+00,2.228181853014653324e+00,2.200501259601649551e+00,2.177616285870461077e+00,2.159716339327127699e+00,2.145549071344395653e+00,2.124689560403272726e+00,2.104354819114926389e+00,2.091098388223600058e+00,2.081784396518139069e+00,2.074893338331543546e+00,2.065410678304317571e+00,2.057623314342053256e+00,2.051713756934477217e+00,2.046250664010734077e+00
7.709434940880423710e+02,2.238332802352876350e+00,2.228181853014653324e+00,2.200501259601649551e+00,2.177616285870461077e+00,2.159716339327127699e+00,2.145549071344395653e+00,2.124689560403272726e+00,2.104354819114926389e+00,2.091098388223600058e+00,2.081784396518139069e+00,2.074893338331543546e+00,2.065410678304317571e+00,2.057623314342053256e+00,2.051713756934477217e+00,2.046250664010734077e+00
7.758505912651452263e+02,2.238332802352876350e+00,2.228181853014653324e+00,2.200501259601649551e+00,2.177616285870461077e+00,2.159716339327127699e+00,2.145549071344395653e+00,2.124689560403272726e+00,2.104354819114926389e+00,2.091098388223600058e+00,2.081784396518139069e+00,2.074893338331543546e+00,2.065410678304317571e+00,2.057623314342053256e+00,2.051713756934477217e+00,2.046250664010734077e+00
7.807889223820757252e+02,2.238332802352876350e+00,2.228181853014653324e+00,2.200501259601649551e+00,2.177616285870461077e+00,2.159716339327127699e+00,2.145549071344395653e+00,2.124689560403272726e+00,2.104354819114926389e+00,2.091098388223600058e+00,2.081784396518139069e+00,2.074893338331543546e+00,2.065410678304317571e+00,2.057623314342053256e+00,2.051713756934477217e+00,2.046250664010734077e+00
7.857586862445576799e+02,2.238332802352876350e+00,2.228181853014653324e+00,2.200501259601649551e+00,2.177616285870461077e+00,2.159716339327127699e+00,2.145549071344395653e+00,2.124689560403272726e+00,2.104354819114926389e+00,2.091098388223600058e+00,2.081784396518139069e+00,2.074893338331543546e+00,2.065410678304317571e+00,2.057623314342053256e+00,2.051713756934477217e+00,2.046250664010734077e+00
7.907600829237212565e+02,2.238332802352876350e+00,2.228181853014653324e+00,2.200501259601649551e+00,2.177616285870461077e+00,2.159716339327127699e+00,2.145549071344395653e+00,2.124689560403272726e+00,2.104354819114926389e+00,2.091098388223600058e+00,2.081784396518139069e+00,2.074893338331543546e+00,2.065410678304317571e+00,2.057623314342053256e+00,2.051713756934477217e+00,2.046250664010734077e+00
7.957933137641613257e+02,2.238332802352876350e+00,2.228181853014653324e+00,2.200501259601649551e+00,2.177616285870461077e+00,2.159716339327127699e+00,2.145549071344395653e+00,2.124689560403272726e+00,2.104354819114926389e+00,2.091098388223600058e+00,2.081784396518139069e+00,2.074893338331543546e+00,2.065410678304317571e+00,2.057623314342053256e+00,2.051713756934477217e+00,2.046250664010734077e+00
8.008585813920412875e+02,2.238332802352876350e+00,2.228181853014653324e+00,2.200501259601649551e+00,2.177616285870461077e+00,2.159716339327127699e+00,2.145549071344395653e+00,2.124689560403272726e+00,2.104354819114926389e+00,2.091098388223600058e+00,2.081784396518139069e+00,2.074893338331543546e+00,2.065410678304317571e+00,2.057623314342053256e+00,2.051713756934477217e+00,2.046250664010734077e+00
8.059560897232532852e+02,2.238332802352876350e+00,2.228181853014653324e+00,2.200501259601649551e+00,2.177616285870461077e+00,2.159716339327127699e+00,2.145549071344395653e+00,2.124689560403272726e+00,2.104354819114926389e+00,2.091098388223600058e+00,2.081784396518139069e+00,2.074893338331543546e+00,2.065410678304317571e+00,2.057623314342053256e+00,2.051713756934477217e+00,2.046250664010734077e+00
8.110860439716227575e+02,2.238332802352876350e+00,2.228181853014653324e+00,2.200501259601649551e+00,2.177616285870461077e+00,2.159716339327127699e+00,2.145549071344395653e+00,2.124689560403272726e+00,2.104354819114926389e+00,2.091098388223600058e+00,2.081784396518139069e+00,2.074893338331543546e+00,2.065410678304317571e+00,2.057623314342053256e+00,2.051713756934477217e+00,2.046250664010734077e+00
8.162486506571733571e+02,2.238332802352876350e+00,2.228181853014653324e+00,2.200501259601649551e+00,2.177616285870461077e+00,2.159716339327127699e+00,2.145549071344395653e+00,2.124689560403272726e+00,2.104354819114926389e+00,2.091098388223600058e+00,2.081784396518139069e+00,2.074893338331543546e+00,2.065410678304317571e+00,2.057623314342053256e+00,2.051713756934477217e+00,2.046250664010734077e+00
8.214441176144396195e+02,2.238332802352876350e+00,2.228181853014653324e+00,2.200501259601649551e+00,2.177616285870461077e+00,2.159716339327127699e+00,2.145549071344395653e+00,2.124689560403272726e+00,2.104354819114926389e+00,2.091098388223600058e+00,2.081784396518139069e+00,2.074893338331543546e+00,2.065410678304317571e+00,2.057623314342053256e+00,2.051713756934477217e+00,2.046250664010734077e+00
8.266726540008341999e+02,2.238332802352876350e+00,2.228181853014653324e+00,2.200501259601649551e+00,2.177616285870461077e+00,2.159716339327127699e+00,2.145549071344395653e+00,2.124689560403272726e+00,2.104354819114926389e+00,2.091098388223600058e+00,2.081784396518139069e+00,2.074893338331543546e+00,2.065410678304317571e+00,2.057623314342053256e+00,2.051713756934477217e+00,2.046250664010734077e+00
8.319344703050683165e+02,2.238332802352876350e+00,2.228181853014653324e+00,2.200501259601649551e+00,2.177616285870461077e+00,2.159716339327127699e+00,2.145549071344395653e+00,2.124689560403272726e+00,2.104354819114926389e+00,2.091098388223600058e+00,2.081784396518139069e+00,2.074893338331543546e+00,2.065410678304317571e+00,2.057623314342053256e+00,2.051713756934477217e+00,2.046250664010734077e+00
8.372297783556239210e+02,2.238332802352876350e+00,2.228181853014653324e+00,2.200501259601649551e+00,2.177616285870461077e+00,2.159716339327127699e+00,2.145549071344395653e+00,2.124689560403272726e+00,2.104354819114926389e+00,2.091098388223600058e+00,2.081784396518139069e+00,2.074893338331543546e+00,2.065410678304317571e+00,2.057623314342053256e+00,2.051713756934477217e+00,2.046250664010734077e+00
8.425587913292856683e+02,2.238332802352876350e+00,2.228181853014653324e+00,2.200501259601649551e+00,2.177616285870461077e+00,2.159716339327127699e+00,2.145549071344395653e+00,2.124689560403272726e+00,2.104354819114926389e+00,2.091098388223600058e+00,2.081784396518139069e+00,2.074893338331543546e+00,2.065410678304317571e+00,2.057623314342053256e+00,2.051713756934477217e+00,2.046250664010734077e+00
8.479217237597173380e+02,2.238332802352876350e+00,2.228181853014653324e+00,2.200501259601649551e+00,2.177616285870461077e+00,2.159716339327127699e+00,2.145549071344395653e+00,2.124689560403272726e+00,2.104354819114926389e+00,2.091098388223600058e+00,2.081784396518139069e+00,2.074893338331543546e+00,2.065410678304317571e+00,2.057623314342053256e+00,2.051713756934477217e+00,2.046250664010734077e+00
8.533187915461012381e+02,2.238332802352876350e+00,2.228181853014653324e+00,2.200501259601649551e+00,2.177616285870461077e+00,2.159716339327127699e+00,2.145549071344395653e+00,2.124689560403272726e+00,2.104354819114926389e+00,2.091098388223600058e+00,2.081784396518139069e+00,2.074893338331543546e+00,2.065410678304317571e+00,2.057623314342053256e+00,2.051713756934477217e+00,2.046250664010734077e+00
8.587502119618321785e+02,2.238332802352876350e+00,2.228181853014653324e+00,2.200501259601649551e+00,2.177616285870461077e+00,2.159716339327127699e+00,2.145549071344395653e+00,2.124689560403272726e+00,2.104354819114926389e+00,2.091098388223600058e+00,2.081784396518139069e+00,2.074893338331543546e+00,2.065410678304317571e+00,2.057623314342053256e+00,2.051713756934477217e+00,2.046250664010734077e+00
8.642162036632590798e+02,2.238332802352876350e+00,2.228181853014653324e+00,2.200501259601649551e+00,2.177616285870461077e+00,2.159716339327127699e+00,2.145549071344395653e+00,2.124689560403272726e+00,2.104354819114926389e+00,2.091098388223600058e+00,2.081784396518139069e+00,2.074893338331543546e+00,2.065410678304317571e+00,2.057623314342053256e+00,2.051713756934477217e+00,2.046250664010734077e+00
8.697169866984918372e+02,2.238332802352876350e+00,2.228181853014653324e+00,2.200501259601649551e+00,2.177616285870461077e+00,2.159716339327127699e+00,2.145549071344395653e+00,2.124689560403272726e+00,2.104354819114926389e+00,2.091098388223600058e+00,2.081784396518139069e+00,2.074893338331543546e+00,2.065410678304317571e+00,2.057623314342053256e+00,2.051713756934477217e+00,2.046250664010734077e+00
8.752527825162578665e+02,2.238332802352876350e+00,2.228181853014653324e+00,2.200501259601649551e+00,2.177616285870461077e+00,2.159716339327127699e+00,2.145549071344395653e+00,2.124689560403272726e+00,2.104354819114926389e+00,2.091098388223600058e+00,2.081784396518139069e+00,2.074893338331543546e+00,2.065410678304317571e+00,2.057623314342053256e+00,2.051713756934477217e+00,2.046250664010734077e+00
8.808238139748182221e+02,2.238332802352876350e+00,2.228181853014653324e+00,2.200501259601649551e+00,2.177616285870461077e+00,2.159716339327127699e+00,2.145549071344395653e+00,2.124689560403272726e+00,2.104354819114926389e+00,2.091098388223600058e+00,2.081784396518139069e+00,2.074893338331543546e+00,2.065410678304317571e+00,2.057623314342053256e+00,2.051713756934477217e+00,2.046250664010734077e+00
8.864303053509387382e+02,2.238332802352876350e+00,2.228181853014653324e+00,2.200501259601649551e+00,2.177616285870461077e+00,2.159716339327127699e+00,2.145549071344395653e+00,2.124689560403272726e+00,2.104354819114926389e+00,2.091098388223600058e+00,2.081784396518139069e+00,2.074893338331543546e+00,2.065410678304317571e+00,2.057623314342053256e+00,2.051713756934477217e+00,2.046250664010734077e+00
8.920724823489179016e+02,2.238332802352876350e+00,2.228181853014653324e+00,2.200501259601649551e+00,2.177616285870461077e+00,2.159716339327127699e+00,2.145549071344395653e+00,2.124689560403272726e+00,2.104354819114926389e+00,2.091098388223600058e+00,2.081784396518139069e+00,2.074893338331543546e+00,2.065410678304317571e+00,2.057623314342053256e+00,2.051713756934477217e+00,2.046250664010734077e+00
8.977505721096774778e+02,2.238332802352876350e+00,2.228181853014653324e+00,2.200501259601649551e+00,2.177616285870461077e+00,2.159716339327127699e+00,2.145549071344395653e+00,2.124689560403272726e+00,2.104354819114926389e+00,2.091098388223600058e+00,2.081784396518139069e+00,2.074893338331543546e+00,2.065410678304317571e+00,2.057623314342053256e+00,2.051713756934477217e+00,2.046250664010734077e+00
9.034648032199004319e+02,2.238332802352876350e+00,2.228181853014653324e+00,2.200501259601649551e+00,2.177616285870461077e+00,2.159716339327127699e+00,2.145549071344395653e+00,2.124689560403272726e+00,2.104354819114926389e+00,2.091098388223600058e+00,2.081784396518139069e+00,2.074893338331543546e+00,2.065410678304317571e+00,2.057623314342053256e+00,2.051713756934477217e+00,2.046250664010734077e+00
9.092154057212374028e+02,2.238332802352876350e+00,2.228181853014653324e+00,2.200501259601649551e+00,2.177616285870461077e+00,2.159716339327127699e+00,2.145549071344395653e+00,2.124689560403272726e+00,2.104354819114926389e+00,2.091098388223600058e+00,2.081784396518139069e+00,2.074893338331543546e+00,2.065410678304317571e+00,2.057623314342053256e+00,2.051713756934477217e+00,2.046250664010734077e+00
9.150026111195655858e+02,2.238332802352876350e+00,2.228181853014653324e+00,2.200501259601649551e+00,2.177616285870461077e+00,2.159716339327127699e+00,2.145549071344395653e+00,2.124689560403272726e+00,2.104354819114926389e+00,2.091098388223600058e+00,2.081784396518139069e+00,2.074893338331543546e+00,2.065410678304317571e+00,2.057623314342053256e+00,2.051713756934477217e+00,2.046250664010734077e+00
9.208266523943127595e+02,2.238332802352876350e+00,2.228181853014653324e+00,2.200501259601649551e+00,2.177616285870461077e+00,2.159716339327127699e+00,2.145549071344395653e+00,2.124689560403272726e+00,2.104354819114926389e+00,2.091098388223600058e+00,2.081784396518139069e+00,2.074893338331543546e+00,2.065410678304317571e+00,2.057623314342053256e+00,2.051713756934477217e+00,2.046250664010734077e+00
9.266877640078303102e+02,2.238332802352876350e+00,2.228181853014653324e+00,2.200501259601649551e+00,2.177616285870461077e+00,2.159716339327127699e+00,2.145549071344395653e+00,2.124689560403272726e+00,2.104354819114926389e+00,2.091098388223600058e+00,2.081784396518139069e+00,2.074893338331543546e+00,2.065410678304317571e+00,2.057623314342053256e+00,2.051713756934477217e+00,2.046250664010734077e+00
9.325861819148360610e+02,2.238332802352876350e+00,2.228181853014653324e+00,2.200501259601649551e+00,2.177616285870461077e+00,2.159716339327127699e+00,2.145549071344395653e+00,2.124689560403272726e+00,2.104354819114926389e+00,2.091098388223600058e+00,2.081784396518139069e+00,2.074893338331543546e+00,2.065410678304317571e+00,2.057623314342053256e+00,2.051713756934477217e+00,2.046250664010734077e+00
9.385221435719129204e+02,2.238332802352876350e+00,2.228181853014653324e+00,2.200501259601649551e+00,2.177616285870461077e+00,2.159716339327127699e+00,2.145549071344395653e+00,2.124689560403272726e+00,2.104354819114926389e+00,2.091098388223600058e+00,2.081784396518139069e+00,2.074893338331543546e+00,2.065410678304317571e+00,2.057623314342053256e+00,2.051713756934477217e+00,2.046250664010734077e+00
9.444958879470672173e+02,2.238332802352876350e+00,2.228181853014653324e+00,2.200501259601649551e+00,2.177616285870461077e+00,2.159716339327127699e+00,2.145549071344395653e+00,2.124689560403272726e+00,2.104354819114926389e+00,2.091098388223600058e+00,2.081784396518139069e+00,2.074893338331543546e+00,2.065410678304317571e+00,2.057623314342053256e+00,2.051713756934477217e+00,2.046250664010734077e+00
9.505076555293499041e+02,2.238332802352876350e+00,2.228181853014653324e+00,2.200501259601649551e+00,2.177616285870461077e+00,2.159716339327127699e+00,2.145549071344395653e+00,2.124689560403272726e+00,2.104354819114926389e+00,2.091098388223600058e+00,2.081784396518139069e+00,2.074893338331543546e+00,2.065410678304317571e+00,2.057623314342053256e+00,2.051713756934477217e+00,2.046250664010734077e+00
9.565576883385369911e+02,2.238332802352876350e+00,2.228181853014653324e+00,2.200501259601649551e+00,2.177616285870461077e+00,2.159716339327127699e+00,2.145549071344395653e+00,2.124689560403272726e+00,2.104354819114926389e+00,2.091098388223600058e+00,2.081784396518139069e+00,2.074893338331543546e+00,2.065410678304317571e+00,2.057623314342053256e+00,2.051713756934477217e+00,2.046250664010734077e+00
9.626462299348760325e+02,2.238332802352876350e+00,2.228181853014653324e+00,2.200501259601649551e+00,2.177616285870461077e+00,2.159716339327127699e+00,2.145549071344395653e+00,2.124689560403272726e+00,2.104354819114926389e+00,2.091098388223600058e+00,2.081784396518139069e+00,2.074893338331543546e+00,2.065410678304317571e+00,2.057623314342053256e+00,2.051713756934477217e+00,2.046250664010734077e+00
9.687735254288862734e+02,2.238332802352876350e+00,2.228181853014653324e+00,2.200501259601649551e+00,2.177616285870461077e+00,2.159716339327127699e+00,2.145549071344395653e+00,2.124689560403272726e+00,2.104354819114926389e+00,2.091098388223600058e+00,2.081784396518139069e+00,2.074893338331543546e+00,2.065410678304317571e+00,2.057623314342053256e+00,2.051713756934477217e+00,2.046250664010734077e+00
9.749398214912292815e+02,2.238332802352876350e+00,2.228181853014653324e+00,2.200501259601649551e+00,2.177616285870461077e+00,2.159716339327127699e+00,2.145549071344395653e+00,2.124689560403272726e+00,2.104354819114926389e+00,2.091098388223600058e+00,2.081784396518139069e+00,2.074893338331543546e+00,2.065410678304317571e+00,2.057623314342053256e+00,2.051713756934477217e+00,2.046250664010734077e+00
9.811453663626380148e+02,2.238332802352876350e+00,2.228181853014653324e+00,2.200501259601649551e+00,2.177616285870461077e+00,2.159716339327127699e+00,2.145549071344395653e+00,2.124689560403272726e+00,2.104354819114926389e+00,2.091098388223600058e+00,2.081784396518139069e+00,2.074893338331543546e+00,2.065410678304317571e+00,2.057623314342053256e+00,2.051713756934477217e+00,2.046250664010734077e+00
9.873904098639141012e+02,2.238332802352876350e+00,2.228181853014653324e+00,2.200501259601649551e+00,2.177616285870461077e+00,2.159716339327127699e+00,2.145549071344395653e+00,2.124689560403272726e+00,2.104354819114926389e+00,2.091098388223600058e+00,2.081784396518139069e+00,2.074893338331543546e+00,2.065410678304317571e+00,2.057623314342053256e+00,2.051713756934477217e+00,2.046250664010734077e+00
9.936752034059791185e+02,2.238332802352876350e+00,2.228181853014653324e+00,2.200501259601649551e+00,2.177616285870461077e+00,2.159716339327127699e+00,2.145549071344395653e+00,2.124689560403272726e+00,2.104354819114926389e+00,2.091098388223600058e+00,2.081784396518139069e+00,2.074893338331543546e+00,2.065410678304317571e+00,2.057623314342053256e+00,2.051713756934477217e+00,2.046250664010734077e+00
1.000000000000000000e+03,2.238332802352876350e+00,2.228181853014653324e+00,2.200501259601649551e+00,2.177616285870461077e+00,2.159716339327127699e+00,2.145549071344395653e+00,2.124689560403272726e+00,2.104354819114926389e+00,2.091098388223600058e+00,2.081784396518139069e+00,2.074893338331543546e+00,2.065410678304317571e+00,2.057623314342053256e+00,2.051713756934477217e+00,2.046250664010734077e+00
