t,nu_0p05,nu_0p10,nu_0p15,nu_0p20,nu_0p25,nu_0p30,nu_0p40,nu_0p55,nu_0p70,nu_0p85,nu_1p00,nu_1p30,nu_1p70,nu_2p20,nu_3p00
0.000000000000000000e+00,3.543546340629224467e-01,3.543546340629224467e-01,3.543546340629224467e-01,3.543546340629224467e-01,3.543546340629224467e-01,3.543546340629224467e-01,3.543546340629224467e-01,3.543546340629224467e-01,3.543546340629224467e-01,3.543546340629224467e-01,3.543546340629224467e-01,3.543546340629224467e-01,3.543546340629224467e-01,3.543546340629224467e-01,3.543546340629224467e-01
2.500000000000000000e-01,3.543546340629224467e-01,3.543546340629224467e-01,3.543546340629224467e-01,3.543546340629224467e-01,3.543546340629224467e-01,3.543546340629224467e-01,3.543546340629224467e-01,3.543546340629224467e-01,3.543546340629224467e-01,3.543546340629224467e-01,3.543546340629224467e-01,3.543546340629224467e-01,3.543546340629224467e-01,3.543546340629224467e-01,3.543546340629224467e-01
5.000000000000000000e-01,3.543546340629224467e-01,3.543546340629224467e-01,3.543546340629224467e-01,3.543546340629224467e-01,3.543546340629224467e-01,3.543546340629224467e-01,3.543546340629224467e-01,3.543546340629224467e-01,3.543546340629224467e-01,3.543546340629224467e-01,3.543546340629224467e-01,3.543546340629224467e-01,3.543546340629224467e-01,3.543546340629224467e-01,3.543546340629224467e-01
7.500000000000000000e-01,3.543546340629224467e-01,3.543546340629224467e-01,3.543546340629224467e-01,3.543546340629224467e-01,3.543546340629224467e-01,3.543546340629224467e-01,3.543546340629224467e-01,3.543546340629224467e-01,3.543546340629224467e-01,3.543546340629224467e-01,3.543546340629224467e-01,3.543546340629224467e-01,3.543546340629224467e-01,3.543546340629224467e-01,3.543546340629224467e-01
1.000000000000000000e+00,3.543546340629224467e-01,3.543546340629224467e-01,3.543546340629224467e-01,3.543546340629224467e-01,3.543546340629224467e-01,3.543546340629224467e-01,3.543546340629224467e-01,3.543546340629224467e-01,3.543546340629224467e-01,3.543546340629224467e-01,3.543546340629224467e-01,3.543546340629224467e-01,3.543546340629224467e-01,3.543546340629224467e-01,3.543546340629224467e-01
1.250000000000000000e+00,3.543546340629224467e-01,3.543546340629224467e-01,3.543546340629224467e-01,3.543546340629224467e-01,3.543546340629224467e-01,3.543546340629224467e-01,3.543546340629224467e-01,3.543546340629224467e-01,3.543546340629224467e-01,3.543546340629224467e-01,3.543546340629224467e-01,3.543546340629224467e-01,3.543546340629224467e-01,3.543546340629224467e-01,3.543546340629224467e-01
1.500000000000000000e+00,3.443674745626810196e-01,3.442955014467948827e-01,3.442245271370993343e-01,3.441551003856865298e-01,3.440876635099737180e-01,3.440225537116823329e-01,3.439001880928100885e-01,3.437375671892669571e-01,3.435994218257327759e-01,3.434831093086127551e-01,3.433853375585610435e-01,3.432331475148807653e-01,3.430925813947783842e-01,3.429771614712258110e-01,3.428655689868433387e-01
1.750000000000000000e+00,3.037670304017762724e-01,3.036826799823902912e-01,3.035983895313285608e-01,3.035152550524011228e-01,3.034341813721641024e-01,3.033558677422619754e-01,3.032093494739592776e-01,3.030176807405473571e-01,3.028590160914425011e-01,3.027291279296494553e-01,3.026229057588238902e-01,3.024635042239986471e-01,3.023233349191666308e-01,3.022137968225232507e-01,3.021129743703560577e-01
2.000000000000000000e+00,2.739970958433995407e-01,2.739067967556349514e-01,2.738150302432964533e-01,2.737236035960736724e-01,2.736340332444726631e-01,2.735474899864052678e-01,2.733864892849976469e-01,2.731796306536976027e-01,2.730130407630733114e-01,2.728804670057502491e-01,2.727748950916459858e-01,2.726217917414444636e-01,2.724930767059812187e-01,2.723968930513563369e-01,2.723121960367784200e-01
2.250000000000000000e+00,2.528922738902216194e-01,2.527994426843256370e-01,2.527031573040969259e-01,2.526061103756099824e-01,2.525105872556351883e-01,2.524183340390909747e-01,2.522479570079284028e-01,2.520334558540542336e-01,2.518656163480305632e-01,2.517357390682993801e-01,2.516349164725427690e-01,2.514932841815380460e-01,2.513790558142628417e-01,2.512971809795422340e-01,2.512280684843725687e-01
2.500000000000000000e+00,2.382506989709229361e-01,2.381572936778016125e-01,2.380580598096549982e-01,2.379567673512353598e-01,2.378566376929628357e-01,2.377600859696063496e-01,2.375833945850555629e-01,2.373658750056095168e-01,2.372006107354399096e-01,2.370761562937522549e-01,2.369818310742804746e-01,2.368531464125012975e-01,2.367532334964623508e-01,2.366843563660556149e-01,2.366285748422142232e-01
2.750000000000000000e+00,2.283399381479732648e-01,2.282471591382814746e-01,2.281458336451677449e-01,2.280410249588995242e-01,2.279370652706702305e-01,2.278371156035643441e-01,2.276562178013906701e-01,2.274388195557283388e-01,2.272784366655023203e-01,2.271607408705107745e-01,2.270734856277459857e-01,2.269575298908342587e-01,2.268704991996619569e-01,2.268125963837675507e-01,2.267675628059959980e-01
3.000000000000000000e+00,2.218816945690028075e-01,2.217903277348001190e-01,2.216873846500460599e-01,2.215794655686644521e-01,2.214721905609615682e-01,2.213695187377411611e-01,2.211860720359658805e-01,2.209711196071128536e-01,2.208170625078019755e-01,2.207067106197815043e-01,2.206265118222747179e-01,2.205223331498143702e-01,2.204463459699518291e-01,2.203972772776181532e-01,2.203604629717330343e-01
3.250000000000000000e+00,2.179483863818843792e-01,2.178589828944143547e-01,2.177546887934779796e-01,2.176439140826949004e-01,2.175337383004800063e-01,2.174289393663114967e-01,2.172443951031821363e-01,2.170337451022698039e-01,2.168869714823568606e-01,2.167841713105585211e-01,2.167107687018058892e-01,2.166172170560041743e-01,2.165504723600331083e-01,2.165082534893768285e-01,2.164772897295105247e-01
3.500000000000000000e+00,2.158672049533590653e-01,2.157801812293095589e-01,2.156746952887089730e-01,2.155612677019609069e-01,2.154485944046605761e-01,2.153422569560095035e-01,2.151579851644459807e-01,2.149532360322553015e-01,2.148144686031323858e-01,2.147193070490947542e-01,2.146524306132990834e-01,2.145685493939986921e-01,2.145096600601760495e-01,2.144727636675539395e-01,2.144456467367680808e-01
3.750000000000000000e+00,2.151473414524389394e-01,2.150630380897381178e-01,2.149564734903693652e-01,2.148406040439051756e-01,2.147258750778718028e-01,2.146186196365648391e-01,2.144359787988841248e-01,2.142386214535678679e-01,2.141085454271847710e-01,2.140211992325038171e-01,2.139607784227659515e-01,2.138862132037267494e-01,2.138347594982250022e-01,2.138028503345503206e-01,2.137790415597033700e-01
4.000000000000000000e+00,2.154279356607131379e-01,2.153466544120128667e-01,2.152391187895534852e-01,2.151210648029318051e-01,2.150047880698134350e-01,2.148972863367142605e-01,2.147176674243616856e-01,2.145292069737781970e-01,2.144086386588539006e-01,2.143295668782594920e-01,2.142759432427890354e-01,2.142114499882100953e-01,2.141689031835468104e-01,2.141444665522451996e-01,2.141284442847434244e-01
4.250000000000000000e+00,2.164414826721902663e-01,2.163635112995990761e-01,2.162551351095354513e-01,2.161352242827642711e-01,2.160179873933381622e-01,2.159109706847066046e-01,2.157358264103542700e-01,2.155578767074966540e-01,2.154478932593460738e-01,2.153779869848430062e-01,2.153320854525412331e-01,2.152799642591530782e-01,2.152504998449415174e-01,2.152400939311168993e-01,2.152415607663240305e-01
4.500000000000000000e+00,2.179881385563725849e-01,2.179137688435433262e-01,2.178047261567277737e-01,2.176833709017616802e-01,2.175658453194400932e-01,2.174601053281489393e-01,2.172909626717414722e-01,2.171252862447600740e-01,2.170272469000924243e-01,2.169677931917270985e-01,2.169309884402316757e-01,2.168942618699569724e-01,2.168810091353599867e-01,2.168793261771846670e-01,2.168194235292071059e-01
4.750000000000000000e+00,2.199175761784165628e-01,2.198471180066840780e-01,2.197376420168845601e-01,2.196153461088560244e-01,2.194982833212970053e-01,2.193946644057173656e-01,2.192331061193167341e-01,2.190815274134645663e-01,2.189967921885239976e-01,2.189488099097588736e-01,2.189215855351253903e-01,2.188972137389392780e-01,2.188732723155476512e-01,2.187548038415711438e-01,2.181789172721790293e-01
5.000000000000000000e+00,2.221160605631359308e-01,2.220498536759056563e-01,2.219402479933216821e-01,2.218176062486862943e-01,2.217018251593784739e-01,2.216012033689913063e-01,2.214487875573923625e-01,2.213128245655018034e-01,2.212417065800967308e-01,2.212034956291836774e-01,2.211803534264694115e-01,2.211325420804333142e-01,2.209386811269480611e-01,2.202973095702858153e-01,2.189984333024433405e-01
5.250000000000000000e+00,2.244971505668775513e-01,2.244355749273496126e-01,2.243262210375368548e-01,2.242039116375288132e-01,2.240902738894212931e-01,2.239935130373114924e-01,2.238515744614580916e-01,2.237314820798472215e-01,2.236704298939650726e-01,2.236307000355451935e-01,2.235856136378389092e-01,2.233770656971139634e-01,2.226212368438601485e-01,2.212244427471579677e-01,2.196807871818725333e-01
5.500000000000000000e+00,2.269949407673494124e-01,2.269384259960721961e-01,2.268297868070960621e-01,2.267085547596151551e-01,2.265979216452518596e-01,2.265057899458265966e-01,2.263750258807766813e-01,2.262676790009594818e-01,2.262027565331982959e-01,2.261246678866439264e-01,2.259801114426693014e-01,2.252985848596439356e-01,2.236668234299180047e-01,2.218638908880324612e-01,2.204078424036378103e-01
5.750000000000000000e+00,2.295591000673623538e-01,2.295081341965911070e-01,2.294007532385430037e-01,2.292813821390478346e-01,2.291745427472575147e-01,2.290875638389429647e-01,2.289672441444963735e-01,2.288618833405149100e-01,2.287555983518054781e-01,2.285481990764199334e-01,2.281399890579676182e-01,2.266229440004680351e-01,2.243006173844146189e-01,2.224913528175650745e-01,2.211890252167651727e-01
6.000000000000000000e+00,2.321511941314770566e-01,2.321063317577741203e-01,2.320008272454820719e-01,2.318840948064529173e-01,2.317816496463083464e-01,2.316998479526932719e-01,2.315863972239757540e-01,2.314568043995853253e-01,2.312262158320580185e-01,2.307162755572251256e-01,2.298226006865106974e-01,2.273943480575823517e-01,2.248281931593214822e-01,2.231844696393362193e-01,2.220008439860592653e-01
6.250000000000000000e+00,2.347419345712681293e-01,2.347038043859105694e-01,2.346008569471219884e-01,2.344874675722947721e-01,2.343896446264081002e-01,2.343121259583131888e-01,2.341967104596096305e-01,2.339883829450538077e-01,2.334805674966007050e-01,2.324342459404358796e-01,2.309218680369531096e-01,2.278761863675630439e-01,2.253988687356742182e-01,2.239401180904330990e-01,2.228190816975722521e-01
6.500000000000000000e+00,2.373091037852827212e-01,2.372784153879479996e-01,2.371787477523478738e-01,2.370692326011263895e-01,2.369756032030424509e-01,2.368998872852705884e-01,2.367645401107841274e-01,2.363772648440216062e-01,2.353672859962173125e-01,2.336031056238437320e-01,2.315493596113005204e-01,2.282968390940021131e-01,2.260499633435059108e-01,2.247349321806758615e-01,2.236241176368098105e-01
6.750000000000000000e+00,2.398359771014524355e-01,2.398135269422077831e-01,2.397178732452856786e-01,2.396124446372187577e-01,2.395214947318920484e-01,2.394424902213804773e-01,2.392543465394348645e-01,2.385262716565365038e-01,2.367727237681553076e-01,2.342887586339478245e-01,2.319236552608472945e-01,2.287727332686574355e-01,2.267720687103592370e-01,2.255442501630408603e-01,2.244011170244371578e-01
7.000000000000000000e+00,2.423101142735470948e-01,2.422967905106800657e-01,2.422058520670188619e-01,2.421041946795015054e-01,2.420126939187743909e-01,2.419211890148074140e-01,2.416248400488291426e-01,2.403329699360483573e-01,2.376846827491908287e-01,2.346673524118875476e-01,2.322334610957975387e-01,2.293399708446554885e-01,2.275415708961227301e-01,2.263471832784745286e-01,2.251393619175188765e-01
7.250000000000000000e+00,2.447224276538053911e-01,2.447192136513128835e-01,2.446335970570943097e-01,2.445345732422894436e-01,2.444366730142071842e-01,2.443172303176250060e-01,2.438264195147285540e-01,2.417208440828342852e-01,2.382008728679554377e-01,2.349216611569698021e-01,2.325908223296460076e-01,2.299939360440113045e-01,2.283334595129842548e-01,2.271273668180360250e-01,2.258318999210774114e-01
7.500000000000000000e+00,2.470664592886161470e-01,2.470744354017782307e-01,2.469945676323446193e-01,2.468958088046101784e-01,2.467817977542853536e-01,2.466100361623259907e-01,2.458020768588974336e-01,2.426738795262799175e-01,2.384751510421607712e-01,2.351826498395119536e-01,2.330429404066674537e-01,2.307135365693219198e-01,2.291257647629973970e-01,2.278727127470075164e-01,2.264745675671543390e-01
7.750000000000000000e+00,2.493378169671306710e-01,2.493581601715864626e-01,2.492841739392955835e-01,2.491815254011992553e-01,2.490361903724140069e-01,2.487756745593777685e-01,2.474941998009252409e-01,2.432478842539269603e-01,2.386553709560340075e-01,2.355219044943165363e-01,2.335965001911683714e-01,2.314734176089358331e-01,2.299008088113432269e-01,2.285749424434889987e-01,2.270654638406358339e-01
8.000000000000000000e+00,2.515337320586317205e-01,2.515677128661737427e-01,2.514992939703930563e-01,2.513860789821580344e-01,2.511866817176239275e-01,2.507860754291365568e-01,2.488575738221085187e-01,2.435494972440784833e-01,2.388501356115764751e-01,2.359658178170488951e-01,2.342370631897217059e-01,2.322495118146955806e-01,2.306452061724817704e-01,2.292288544194920064e-01,2.276045531002078848e-01
8.250000000000000000e+00,2.536527112789216387e-01,2.537016872443937365e-01,2.536378740667202814e-01,2.535039480331910400e-01,2.532179592686013558e-01,2.526096885304318640e-01,2.498743001196272462e-01,2.437003421242915358e-01,2.391232694008538773e-01,2.365124398870510347e-01,2.349413413321863320e-01,2.330212662661618750e-01,2.313494486418199436e-01,2.298317348821627137e-01,2.280930580934434904e-01
8.500000000000000000e+00,2.556942613438581979e-01,2.557596663022204675e-01,2.556985902455413684e-01,2.555291733878480853e-01,2.551121249122563217e-01,2.542142761667191553e-01,2.505629851462719548e-01,2.438077971651406162e-01,2.395018608048888331e-01,2.371446236146283471e-01,2.356841591250115886e-01,2.337723188122704798e-01,2.320073287970831066e-01,2.303828850422510455e-01,2.285331321043829467e-01
8.750000000000000000e+00,2.576586705049531134e-01,2.577419984809511400e-01,2.576805533879968357e-01,2.574548674065895160e-01,2.568489711109482321e-01,2.555719993479370067e-01,2.509768107436372575e-01,2.439506080422131906e-01,2.399875998752764028e-01,2.378387709589870891e-01,2.364420984876486886e-01,2.344903885471975591e-01,2.326153328701200673e-01,2.308830636361782207e-01,2.289275758427206930e-01
9.000000000000000000e+00,2.595468347115653662e-01,2.596496172241782863e-01,2.595830463536548116e-01,2.592728449439067329e-01,2.584072943079537277e-01,2.566658617224347183e-01,2.511916967946834500e-01,2.441766606357679836e-01,2.405668617821190014e-01,2.385701524682601604e-01,2.371951575847794924e-01,2.351668658282725644e-01,2.331721134832670794e-01,2.313340937250376872e-01,2.292795504206943391e-01
9.250000000000000000e+00,2.613601189560619265e-01,2.614838941918887216e-01,2.614052860542421808e-01,2.609734633338939291e-01,2.597673944949589475e-01,2.574954593762344701e-01,2.512906255686121471e-01,2.445073682416221139e-01,2.412182751383227519e-01,2.393158755002360860e-01,2.379273206495030879e-01,2.357962763399683581e-01,2.336779657267998300e-01,2.317385779473394858e-01,2.295924223846552703e-01
9.500000000000000000e+00,2.631002464814905517e-01,2.632465185540727171e-01,2.631462091466728603e-01,2.625457856241694143e-01,2.609145241414357330e-01,2.580797585276201622e-01,2.513500768360556470e-01,2.449443822009542693e-01,2.419178862659573936e-01,2.400563471674921345e-01,2.386265117629659260e-01,2.363757040600048542e-01,2.341343907441319483e-01,2.320995718845683953e-01,2.298696039656692724e-01
9.750000000000000000e+00,2.647692101454132141e-01,2.649393963980529176e-01,2.648042864736864233e-01,2.639781801123342597e-01,2.618425587427390400e-01,2.584556890605785306e-01,2.514314682649211874e-01,2.454762637321594998e-01,2.426424038468333322e-01,2.407758149594758368e-01,2.392842401754997350e-01,2.369042648561519859e-01,2.345437695351863527e-01,2.324203828820201601e-01,2.301144115842822524e-01
1.000000000000000000e+01,2.663692014677215281e-01,2.665645655588690377e-01,2.663773789573670170e-01,2.652594188987700830e-01,2.625568399524983998e-01,2.586730630609491710e-01,2.515776680982249047e-01,2.460840906014513940e-01,2.433710585269651949e-01,2.414623509316142225e-01,2.398951025499020950e-01,2.373826146806274906e-01,2.349090323040521344e-01,2.327044390191436718e-01,2.303300871656332183e-01
1.025000000000000000e+01,2.679025538399552597e-01,2.681241221990529611e-01,2.678626553945054889e-01,2.663802265315236562e-01,2.630752434649750171e-01,2.587875747805705728e-01,2.518132757950904410e-01,2.467457238869259495e-01,2.440864973333079502e-01,2.421075412852614350e-01,2.404562414925658920e-01,2.378125452433761944e-01,2.352334372686133435e-01,2.329551321379179085e-01,2.305196702905142336e-01
1.050000000000000000e+01,2.693716971080292177e-01,2.696201563418428870e-01,2.692565992510893569e-01,2.673350772426603683e-01,2.634270638625632044e-01,2.588538503553101666e-01,2.521471428330484543e-01,2.474388022120943276e-01,2.447750545090955909e-01,2.427060189059615514e-01,2.409668296866503134e-01,2.381966286315206072e-01,2.355203983779859123e-01,2.331757420170655626e-01,2.306859419806409905e-01
1.075000000000000000e+01,2.707791213116331752e-01,2.710546943371239248e-01,2.705551341692210565e-01,2.681238993603844989e-01,2.636500039221454372e-01,2.589199322930322844e-01,2.525758989954073885e-01,2.481426713851578869e-01,2.454266288807759322e-01,2.432549523264406488e-01,2.414275859552454384e-01,2.385379338432908891e-01,2.357733351350919104e-01,2.333693940541831657e-01,2.308315442774686310e-01
1.100000000000000000e+01,2.721273478094851095e-01,2.724296470143997562e-01,2.717538935310618298e-01,2.687532905888906920e-01,2.637860595883232961e-01,2.590237871375920542e-01,2.530876468816165570e-01,2.488394862156075027e-01,2.460343394710599041e-01,2.437535322899734291e-01,2.418403649625279206e-01,2.388398131258527290e-01,2.359955858040480303e-01,2.335390019083275759e-01,2.309588460289931089e-01
1.125000000000000000e+01,2.734189063705407263e-01,2.737467630462921964e-01,2.728486448571488809e-01,2.692369203553738877e-01,2.638772241636732074e-01,2.591917995404113828e-01,2.536653308878438762e-01,2.495147049599479305e-01,2.465940701065545138e-01,2.442025035507997544e-01,2.422078039263088067e-01,2.391057193847526130e-01,2.361903307199148261e-01,2.336872563510440370e-01,2.310699678739829566e-01
1.150000000000000000e+01,2.746563170866108128e-01,2.750075878849724820e-01,2.738358547188145531e-01,2.695949798963722110e-01,2.639617614751957331e-01,2.594388793074242083e-01,2.542895325136756979e-01,2.501571654270997591e-01,2.471039801665153024e-01,2.446037512610623188e-01,2.425330405867505423e-01,2.393390862678817232e-01,2.363605570727099481e-01,2.338166212888291851e-01,2.311668687329331007e-01
1.175000000000000000e+01,2.758420761809939892e-01,2.762134294981915539e-01,2.747133471809677929e-01,2.698527640601642852e-01,2.640714850477485220e-01,2.597696935556707554e-01,2.549406126098229253e-01,2.507588901543914006e-01,2.475640293882959142e-01,2.449599505061271776e-01,2.428194840503887786e-01,2.395432323306265210e-01,2.365090298143511516e-01,2.339293266619685285e-01,2.312512756714955320e-01
1.200000000000000000e+01,2.769786449609308310e-01,2.773653330351523172e-01,2.754809765789499321e-01,2.700386487344460518e-01,2.642301830937501261e-01,2.601805575857831787e-01,2.556002200225531706e-01,2.513147361556577475e-01,2.479755410969767815e-01,2.452742788510840211e-01,2.430706407032564020e-01,2.397213040014795626e-01,2.366382726197116537e-01,2.340273837390576539e-01,2.313247169690472171e-01
1.225000000000000000e+01,2.780684413004611555e-01,2.784640673675524147e-01,2.761412137613722395e-01,2.701818125916656821e-01,2.644531133394031341e-01,2.606615960431409307e-01,2.562522463771323977e-01,2.518219673953629445e-01,2.483408222063594739e-01,2.455501860293685945e-01,2.432899873253100143e-01,2.398762343143679143e-01,2.367505862931897076e-01,2.341125902533449377e-01,2.313885719125923224e-01
1.250000000000000000e+01,2.791138331505507164e-01,2.795101270935321791e-01,2.766995431174407161e-01,2.703100407157031926e-01,2.647473715323443999e-01,2.611988849812360569e-01,2.568833282023532671e-01,2.522798102198868797e-01,2.486628405573740597e-01,2.457912200460941055e-01,2.434808756775603822e-01,2.400107192046931903e-01,2.368480372483978691e-01,2.341865491190876225e-01,2.314440488055870548e-01
1.275000000000000000e+01,2.801171336626727681e-01,2.805037538478010739e-01,2.771645890790759292e-01,2.704478708921206342e-01,2.651128875438004129e-01,2.617763794117011766e-01,2.574830066018904962e-01,2.526890245329611040e-01,2.489449647949182887e-01,2.460008923926674251e-01,2.436464731634219449e-01,2.401272188824224441e-01,2.369324712905438446e-01,2.342506840293069881e-01,2.314922117807857449e-01
1.300000000000000000e+01,2.810805975833066128e-01,2.814449804737206851e-01,2.775479313093441869e-01,2.706152413588226446e-01,2.655438039390917715e-01,2.623775148139104174e-01,2.580436425151711455e-01,2.530515164822533247e-01,2.491907547311166260e-01,2.461825866503873639e-01,2.437897209415691435e-01,2.402279504391954534e-01,2.370055390612006985e-01,2.343062475795901489e-01,2.315340031494945994e-01
1.325000000000000000e+01,2.820064186356218694e-01,2.823337005639380837e-01,2.778636169588034610e-01,2.708267003616346424e-01,2.660300184329197348e-01,2.629864367202980890e-01,2.585601748724332682e-01,2.533699990465613783e-01,2.494038041613114987e-01,2.463394926140493879e-01,2.439133184048659919e-01,2.403149019943027487e-01,2.370686979718211185e-01,2.343543495853806780e-01,2.315702429494145564e-01
1.350000000000000000e+01,2.828967276510679363e-01,2.831697639922299836e-01,2.781274239114861491e-01,2.710911595616474212e-01,2.665587153826001199e-01,2.635888622769546052e-01,2.590297879250105240e-01,2.536477087767294858e-01,2.495876225055195241e-01,2.464745699603829721e-01,2.440197124392440298e-01,2.403898433273286839e-01,2.371232358406804575e-01,2.343959642313132308e-01,2.316016572826912756e-01
1.375000000000000000e+01,2.837535912531300442e-01,2.839530963539650954e-01,2.783559611902571285e-01,2.714121186707854072e-01,2.671157582183256163e-01,2.641726097786910588e-01,2.594515410216401974e-01,2.538881740047153612e-01,2.497455540994474865e-01,2.465905255155321218e-01,2.441111027662143385e-01,2.404543432044260187e-01,2.371702855783797415e-01,2.344319386560163310e-01,2.316288807445650300e-01
1.400000000000000000e+01,2.845790109281959857e-01,2.846838369496468291e-01,2.785657072128020495e-01,2.717882571552958093e-01,2.676868628568787045e-01,2.647278509443328209e-01,2.598259957186890290e-01,2.540950335270417693e-01,2.498807229965824550e-01,2.466898081125843412e-01,2.441894516059722742e-01,2.405097855211505153e-01,2.372108407402553909e-01,2.344630233844648415e-01,2.316524532245050061e-01
1.425000000000000000e+01,2.853749223452323736e-01,2.853624865020129020e-01,2.787720842487400041e-01,2.722142756132380770e-01,2.682585127167891326e-01,2.652471471680135084e-01,2.601548654484270306e-01,2.542718973818838823e-01,2.499960021562382395e-01,2.467746121132736170e-01,2.442564981946464819e-01,2.405573831225543413e-01,2.372457720599653874e-01,2.344898706471642835e-01,2.316728673230741553e-01
1.450000000000000000e+01,2.861431948103627665e-01,2.859900527631250577e-01,2.789886522549430703e-01,2.726818713780634340e-01,2.688186104277584532e-01,2.657253299091537069e-01,2.604407006363551602e-01,2.544222461183619499e-01,2.500939987736460757e-01,2.468468884182830614e-01,2.443137758161929574e-01,2.405982023454088792e-01,2.372758352730122977e-01,2.345130414204104896e-01,2.316905449135427397e-01
1.475000000000000000e+01,2.868856307634038427e-01,2.865681801776479021e-01,2.792264826677450795e-01,2.731807450681755789e-01,2.693568848120351800e-01,2.661592787527520820e-01,2.606866173893081506e-01,2.545493605325251374e-01,2.501770530252780400e-01,2.469083596404014203e-01,2.443626284655414094e-01,2.406331712820194146e-01,2.373016941779274858e-01,2.345330359712127499e-01,2.317058330341223993e-01
1.500000000000000000e+01,2.876039652424360882e-01,2.870992493164834514e-01,2.794937473414342288e-01,2.736995544834414096e-01,2.698650878912123297e-01,2.665476417226486094e-01,2.608960706457721934e-01,2.546562773361452647e-01,2.502472453342768910e-01,2.469605374170973089e-01,2.444042322749531704e-01,2.406630989756347039e-01,2.373239239815140289e-01,2.345502845254902324e-01,2.317190662828395864e-01
1.525000000000000000e+01,2.882998652611243884e-01,2.875864331938168261e-01,2.797955333697176306e-01,2.742267548948967848e-01,2.703370233642268250e-01,2.668905324181867211e-01,2.610726710484023161e-01,2.547457642641776654e-01,2.503064100672338088e-01,2.470047430172010172e-01,2.444396100236336522e-01,2.406886882703238584e-01,2.373430203481337319e-01,2.345651525367082602e-01,2.317305199716517827e-01
1.550000000000000000e+01,2.889749290611824395e-01,2.880337007344271893e-01,2.801338731562193485e-01,2.747512883026924091e-01,2.707684499643702725e-01,2.671892291475543857e-01,2.612200411872578898e-01,2.548203110703232133e-01,2.503561536825835709e-01,2.470421249354990412e-01,2.444696505532944764e-01,2.407105488789595960e-01,2.373594195310517740e-01,2.345779707967208527e-01,2.317404190277154163e-01
1.575000000000000000e+01,2.896306852197408910e-01,2.884457622520721354e-01,2.805079623436996239e-01,2.752631052066981110e-01,2.711568994777103225e-01,2.674458930645783328e-01,2.613417073270297153e-01,2.548821319052645418e-01,2.503978739967172018e-01,2.470736790807587235e-01,2.444951225592713329e-01,2.407292091463344719e-01,2.373734952155469868e-01,2.345890195395721745e-01,2.317489848580153722e-01
1.600000000000000000e+01,2.902685916094289720e-01,2.888279571478428176e-01,2.809145265398658720e-01,2.757535201600843644e-01,2.715014442936304340e-01,2.676633156091450250e-01,2.614410210143636726e-01,2.549331759180221146e-01,2.504327811895818989e-01,2.471002648629903597e-01,2.445166911036412982e-01,2.407451231520450485e-01,2.373855708086132221e-01,2.345985350977152217e-01,2.317563963340500133e-01
1.625000000000000000e+01,2.908900342272155992e-01,2.891860894933175330e-01,2.813482914807166613e-01,2.762154150124997987e-01,2.718024421019910597e-01,2.678447004289513655e-01,2.615211060221129813e-01,2.549751433749722351e-01,2.504619175084342730e-01,2.471226236387610853e-01,2.445349289977766793e-01,2.407586862154871554e-01,2.373959272348307725e-01,2.346067339241865446e-01,2.317628015080707149e-01
1.650000000000000000e+01,2.914963259258731010e-01,2.895262219420928207e-01,2.818025098538176620e-01,2.766433121664138017e-01,2.720612790587156882e-01,2.679934811048989562e-01,2.615848255005560619e-01,2.550095051635355992e-01,2.504861778889641566e-01,2.471413918080265226e-01,2.445503288991936752e-01,2.407702367297054891e-01,2.374048054399948704e-01,2.346137969451816685e-01,2.317683427961425291e-01
1.675000000000000000e+01,2.920887051004574242e-01,2.898544420829485824e-01,2.822695009575952318e-01,2.770333439476769244e-01,2.722801260196641149e-01,2.681131735932933413e-01,2.616347655692630170e-01,2.550375243965035676e-01,2.505063271039966177e-01,2.471571153797959830e-01,2.445633145436798550e-01,2.407800663355099957e-01,2.374124149863692523e-01,2.346198769453531896e-01,2.317731365408588207e-01
1.700000000000000000e+01,2.926683343990982844e-01,2.901766174790233466e-01,2.827411655576442806e-01,2.773831450724076331e-01,2.724617176085240566e-01,2.682072605916957508e-01,2.616732313565619528e-01,2.550602781152487841e-01,2.505230175117973968e-01,2.471702614845830981e-01,2.445742489030422462e-01,2.407884259336759980e-01,2.374189338374347591e-01,2.346251137403616016e-01,2.317772814126106140e-01
1.725000000000000000e+01,2.932362995446886056e-01,2.904981562511718129e-01,2.832094467062010179e-01,2.776916932170130359e-01,2.726091591627816668e-01,2.682791042733840281e-01,2.617022525580746661e-01,2.550786790253753988e-01,2.505368033039944153e-01,2.471812295081515787e-01,2.445834433474464720e-01,2.407955308024357644e-01,2.374245179713675158e-01,2.346296236354071252e-01,2.317808668439264586e-01
1.750000000000000000e+01,2.937936083665448894e-01,2.908237891208276804e-01,2.836667165530544765e-01,2.779591196354761484e-01,2.727257637515826394e-01,2.683318833134432646e-01,2.617235956669986541e-01,2.550934958099003724e-01,2.505481550834840476e-01,2.471903600439473436e-01,2.445911630032085171e-01,2.408015662020532299e-01,2.374293011309515089e-01,2.346335052640169394e-01,2.317839683405042150e-01
1.775000000000000000e+01,2.943411901528093511e-01,2.911573866843765734e-01,2.841060783678396318e-01,2.781865075815061483e-01,2.728149187529165798e-01,2.683685503264359173e-01,2.617387809491141248e-01,2.551053726773883090e-01,2.505574708886160740e-01,2.471979429156195007e-01,2.445976356842028965e-01,2.408066889456585702e-01,2.374333947045086102e-01,2.346368482238565256e-01,2.317866518705424539e-01
1.800000000000000000e+01,2.948798954405241202e-01,2.915018225254652484e-01,2.845215811215436874e-01,2.783756923702799813e-01,2.728799803299349347e-01,2.683918059101078057e-01,2.617491023018415630e-01,2.551148464784979142e-01,2.505650872462949486e-01,2.472042250344606285e-01,2.446030546547470208e-01,2.408110357981497474e-01,2.374368999874524599e-01,2.346397268708972916e-01,2.317889757069801770e-01
1.825000000000000000e+01,2.954104963603736977e-01,2.918588890708672667e-01,2.849083506160336454e-01,2.785290728536992111e-01,2.729241928563394537e-01,2.684040860023983455e-01,2.617556486712121488e-01,2.551223627954010142e-01,2.505712879228555456e-01,2.472094157241204182e-01,2.446075848546157561e-01,2.408147221306540797e-01,2.374399007122998118e-01,2.346422050788442848e-01,2.317909843956040272e-01
1.850000000000000000e+01,2.959336876480492262e-01,2.922292690659739067e-01,2.852626459042508222e-01,2.786494408590905469e-01,2.729506302100043191e-01,2.684075594822593613e-01,2.617593259227505853e-01,2.551282895400752704e-01,2.505763121686823691e-01,2.472136928459720273e-01,2.446113662837352265e-01,2.408178466309393306e-01,2.374424683651358836e-01,2.346443396913727997e-01,2.317927247158300952e-01
1.875000000000000000e+01,2.964500884198567054e-01,2.926125616705688159e-01,2.855818527563950826e-01,2.787398321660204958e-01,2.729621554148949358e-01,2.684041335915607340e-01,2.617608784377667974e-01,2.551329297303269183e-01,2.505803611379427975e-01,2.472172063086572613e-01,2.446145181185026551e-01,2.408204939653258991e-01,2.374446663011068048e-01,2.346461779993036512e-01,2.317942347692061311e-01
1.900000000000000000e+01,2.969602447891552810e-01,2.930073586075442327e-01,2.858644272704391476e-01,2.788034005726684472e-01,2.729613955556453031e-01,2.683954649903858569e-01,2.617609098739730467e-01,2.551365316183611398e-01,2.505836037713338738e-01,2.472200836461083684e-01,2.446171413481264545e-01,2.408227359766484110e-01,2.374465470647396659e-01,2.346477617534089843e-01,2.317955380688549172e-01
1.925000000000000000e+01,2.974646333704015766e-01,2.934113629287357083e-01,2.861098028337116794e-01,2.788433148189697897e-01,2.729507288340490834e-01,2.683829748093484735e-01,2.617599026053132327e-01,2.551392982635371509e-01,2.505861818822442411e-01,2.472224318643734819e-01,2.446193209912234379e-01,2.408246345241951136e-01,2.374481570210148496e-01,2.346491262862081539e-01,2.317966698467611997e-01
1.950000000000000000e+01,2.979636656803119066e-01,2.938215408129947193e-01,2.863182727326886168e-01,2.788626771419990824e-01,2.729322812477174010e-01,2.683678661908753815e-01,2.617582356725556281e-01,2.551413949587394425e-01,2.505882142096265142e-01,2.472243413856339833e-01,2.446211296750572806e-01,2.408262407919969650e-01,2.374495345749710329e-01,2.346503021006212386e-01,2.317976545303507552e-01
1.975000000000000000e+01,2.984576934020363725e-01,2.942342956245596053e-01,2.864908592508443874e-01,2.788644613754895363e-01,2.729079304561156660e-01,2.683511433232650956e-01,2.617562010425918961e-01,2.551429562696826414e-01,2.505898001246030238e-01,2.472258879438076762e-01,2.446226280244505613e-01,2.408276002154575435e-01,2.374507138330676781e-01,2.346513163886967124e-01,2.317985030796851642e-01
2.000000000000000000e+01,2.989470144296683674e-01,2.946456530990063660e-01,2.866291782580158709e-01,2.788514682580707227e-01,2.728793150534302714e-01,2.683336310262197100e-01,2.617540182471549959e-01,2.551440911845167525e-01,2.505910223549411842e-01,2.472271353749220801e-01,2.446238677131529204e-01,2.408287503142920172e-01,2.374517241090306208e-01,2.346521904729945707e-01,2.317992421842804684e-01
2.025000000000000000e+01,2.994318795602646244e-01,2.950514470583688875e-01,2.867353064285529385e-01,2.788262953436626002e-01,2.728478475335864295e-01,2.683159943318441654e-01,2.617518472223528958e-01,2.551448880302718547e-01,2.505919500984319925e-01,2.472281369391166606e-01,2.446248914929392282e-01,2.408297228944435153e-01,2.374525880544525180e-01,2.346529447645558930e-01,2.317998863598548231e-01
2.050000000000000000e+01,2.999124996512554375e-01,2.954474962082409006e-01,2.868116563609450775e-01,2.787913190591915225e-01,2.728147297886107103e-01,2.682987574608245440e-01,2.617497996010378913e-01,2.551454181019623402e-01,2.505926406110630111e-01,2.472289370016925725e-01,2.446257360495504851e-01,2.408305455215589697e-01,2.374533285675001493e-01,2.346535966840938570e-01,2.318004428409127515e-01
2.075000000000000000e+01,3.003890530151752669e-01,2.958297642821722806e-01,2.868608632418072624e-01,2.787486864938472086e-01,2.727809699973567925e-01,2.682823219542371795e-01,2.617479483879595614e-01,2.551457390779410805e-01,2.505931415599804146e-01,2.472295727035719870e-01,2.446264316830519814e-01,2.408312410818289340e-01,2.374539634042195924e-01,2.346541585805543839e-01,2.318009283999772352e-01
2.100000000000000000e+01,3.008616927867548974e-01,2.961944977458360051e-01,2.868856852396013957e-01,2.787003148526759344e-01,2.727474002528219588e-01,2.682669836353336890e-01,2.617463363448451208e-01,2.551458973891719828e-01,2.505934919940748240e-01,2.472300747405762888e-01,2.446270037848657375e-01,2.408318296167154815e-01,2.374545068399942505e-01,2.346546446209022974e-01,2.318013523680525489e-01
2.125000000000000000e+01,3.013305539709030811e-01,2.965383373701197534e-01,2.868889186719024709e-01,2.786478966717642058e-01,2.727146942164717647e-01,2.682529483485806554e-01,2.617449829363339697e-01,2.551459304827493058e-01,2.505937244254530794e-01,2.472304687206165474e-01,2.446274736966176366e-01,2.408323269342286244e-01,2.374549732535848889e-01,2.346550659543045481e-01,2.318017204173140333e-01
2.150000000000000000e+01,3.017957598673784436e-01,2.968584019370487104e-01,2.868733280325684865e-01,2.785929092646107219e-01,2.726833844696597287e-01,2.682403462783691239e-01,2.617438902452999816e-01,2.551458684772257568e-01,2.505938652115531906e-01,2.472307753490701199e-01,2.446278591564589877e-01,2.408327478391099341e-01,2.374553733332045724e-01,2.346554290732460746e-01,2.318020420634718526e-01
2.175000000000000000e+01,3.022574275719495107e-01,2.971523441249370734e-01,2.868415903042069171e-01,2.785366270444543102e-01,2.726538791255364580e-01,2.682292449277594582e-01,2.617430477406353928e-01,2.551457356488320283e-01,2.505939360018221151e-01,2.472310122147809985e-01,2.446281751352281653e-01,2.408331040880735963e-01,2.374557168688848641e-01,2.346557443331919179e-01,2.318023233486721235e-01
2.200000000000000000e+01,3.027156722746100481e-01,2.974183800410287182e-01,2.867962524661465951e-01,2.784801357129875199e-01,2.726264776056259165e-01,2.682196606792311422e-01,2.617424363076799043e-01,2.551455514679561443e-01,2.505939541782670199e-01,2.472311932948045576e-01,2.446284334894222312e-01,2.408334054266729474e-01,2.374560119060677987e-01,2.346560188564950078e-01,2.318025691838679903e-01
2.225000000000000000e+01,3.031706101136052434e-01,2.976552949825149730e-01,2.867397008362463362e-01,2.784243474464558332e-01,2.726013853324035785e-01,2.682115690783649642e-01,2.617420313149232403e-01,2.551453315269291977e-01,2.505939339198895444e-01,2.472313302815548064e-01,2.446286448630236310e-01,2.408336607419801767e-01,2.374562655716241089e-01,2.346562552947283609e-01,2.318027851805026518e-01
2.250000000000000000e+01,3.036223593993980230e-01,2.978624287149923000e-01,2.866741406876646692e-01,2.783700164768963536e-01,2.725787273595124960e-01,2.682049137892709711e-01,2.617418051747387731e-01,2.551450883178567053e-01,2.505938864274173117e-01,2.472314323809558234e-01,2.446288174709562724e-01,2.408338769560816051e-01,2.374564843792758007e-01,2.346564617181538248e-01,2.318029737515260591e-01
2.275000000000000000e+01,3.040710400906283528e-01,2.980396439751499815e-01,2.866015845651035954e-01,2.783177545522572682e-01,2.725585607909924990e-01,2.681996144097237300e-01,2.617417291815756775e-01,2.551448317764256624e-01,2.505938205734175028e-01,2.472315073666110918e-01,2.446289584462623123e-01,2.408340605406406043e-01,2.374566722026430210e-01,2.346566424215134339e-01,2.318031400143901744e-01
2.300000000000000000e+01,3.045167714843143858e-01,2.981872820005674884e-01,2.865238477290668051e-01,2.782680459676266649e-01,2.725408861013773887e-01,2.681955731421694078e-01,2.617417750617165861e-01,2.551445697783941147e-01,2.505937432994767566e-01,2.472315613047550709e-01,2.446290733585068933e-01,2.408342160184937242e-01,2.374568345716892293e-01,2.346567982338833291e-01,2.318032879119509004e-01
2.325000000000000000e+01,3.049596681682911203e-01,2.983061087992615601e-01,2.864425492923935446e-01,2.782212619019036048e-01,2.725256572786308729e-01,2.681926805126890190e-01,2.617419159126717632e-01,2.551443084382105098e-01,2.505936599768240347e-01,2.472315990501552097e-01,2.446291671483884766e-01,2.408343482767179577e-01,2.374569752601611572e-01,2.346569351761222388e-01,2.318034159951369855e-01
2.350000000000000000e+01,3.053998343729902865e-01,2.983972555801817639e-01,2.863591177150724421e-01,2.781776739353177264e-01,2.725127909281537253e-01,2.681908201172875095e-01,2.617421270093622798e-01,2.551440525631613054e-01,2.505935746841058687e-01,2.472316245298361304e-01,2.446292437252292895e-01,2.408344609072029796e-01,2.374570962902488869e-01,2.346570556821626352e-01,2.318035304562690024e-01
2.375000000000000000e+01,3.058373569438193607e-01,2.984621563978523406e-01,2.862747995177310489e-01,2.781374666274141205e-01,2.725021742858406704e-01,2.681898725978607567e-01,2.617423861651458350e-01,2.551438057506817403e-01,2.505934903337062036e-01,2.472316408254314202e-01,2.446293061242194034e-01,2.408345566479013766e-01,2.374572016003815011e-01,2.346571601764690929e-01,2.318036341728657579e-01
2.400000000000000000e+01,3.062722972339932959e-01,2.985024856029482865e-01,2.861906702072810615e-01,2.781007491418736599e-01,2.724936723098357327e-01,2.681897188441752511e-01,2.617426740944230334e-01,2.551435707155222388e-01,2.505934091560201304e-01,2.472316504398433534e-01,2.446293571603904426e-01,2.408346385058993677e-01,2.374572930995490494e-01,2.346572526440155460e-01,2.318037225727438977e-01
2.425000000000000000e+01,3.067046822824793795e-01,2.985200972373803774e-01,2.861076466135831220e-01,2.780675658904365743e-01,2.724871338226750317e-01,2.681902426064778910e-01,2.617429743739633774e-01,2.551433492926497570e-01,2.505933325713500248e-01,2.472316550633863741e-01,2.446293988604600622e-01,2.408347083702584157e-01,2.374573726466102930e-01,2.346573344987948895e-01,2.318038031529696952e-01
2.450000000000000000e+01,3.071344956907994805e-01,2.985169680341909770e-01,2.860264999553845389e-01,2.780379062358221409e-01,2.724823968657024142e-01,2.681913324841069812e-01,2.617432734966307906e-01,2.551431428076800789e-01,2.505932616012310765e-01,2.472316563597157513e-01,2.446294331812086942e-01,2.408347684395880650e-01,2.374574421278772274e-01,2.346574061252601762e-01,2.318038769268992161e-01
2.475000000000000000e+01,3.075616686428747082e-01,2.984951452570218655e-01,2.859478691321969968e-01,2.780117132647125233e-01,2.724792932356918107e-01,2.681928834732767997e-01,2.617435606298573747e-01,2.551429519504087029e-01,2.505931966276584433e-01,2.472316552916946075e-01,2.446294612105848199e-01,2.408348198015992092e-01,2.374575028136513000e-01,2.346574700150058090e-01,2.318039402817521633e-01
2.500000000000000000e+01,3.079860715210542832e-01,2.984567002024584581e-01,2.858722738267929220e-01,2.779888916971554602e-01,2.724776523741494483e-01,2.681947980470096304e-01,2.617438275399622816e-01,2.551427770792707439e-01,2.505931380077237036e-01,2.472316528422621451e-01,2.446294844480376984e-01,2.408348641790036826e-01,2.374575563954849922e-01,2.346575269289495891e-01,2.318039985617900145e-01
2.525000000000000000e+01,3.084075065584468978e-01,2.984036878490790023e-01,2.858001271513804786e-01,2.779693149690724008e-01,2.724773045856517806e-01,2.681969869283569730e-01,2.617440682191434220e-01,2.551426180733103455e-01,2.505930856261535666e-01,2.472316494436098133e-01,2.446295037077818590e-01,2.408349026711341101e-01,2.374576031297448431e-01,2.346575774152697968e-01,2.318040522447672724e-01
2.550000000000000000e+01,3.088257019346496990e-01,2.983381128269579352e-01,2.857317476202865802e-01,2.779528315587669329e-01,2.724780837364521591e-01,2.681993694985724264e-01,2.617442787230167545e-01,2.551424746948103839e-01,2.505930393605454443e-01,2.472316457235467224e-01,2.446295197746307937e-01,2.408349358473146073e-01,2.374576446052279466e-01,2.346576228421913823e-01,2.318040993782046477e-01
2.575000000000000000e+01,3.092403076680748097e-01,2.982619016425696046e-01,2.856673703428809774e-01,2.779392705955918697e-01,2.724798293983439756e-01,2.682018739996580581e-01,2.617444567895522156e-01,2.551423463612533804e-01,2.505929987941152293e-01,2.472316419362532713e-01,2.446295332323701333e-01,2.408349649058734165e-01,2.374576818018901136e-01,2.346576635511677389e-01,2.318041428561425366e-01
2.600000000000000000e+01,3.096508935872122614e-01,2.981768808884506794e-01,2.856071573473963898e-01,2.779284468206173475e-01,2.724823885901047071e-01,2.682044374801143549e-01,2.617446016807395970e-01,2.551422324122815111e-01,2.505929636295785579e-01,2.472316383046528898e-01,2.446295446364041004e-01,2.408349902145235921e-01,2.374577141926917101e-01,2.346577003592647814e-01,2.318041829926376640e-01
2.625000000000000000e+01,3.100569495806282938e-01,2.980847610282063576e-01,2.855512070335107233e-01,2.779201649426750742e-01,2.724856170828147683e-01,2.682070056234670541e-01,2.617447138037831689e-01,2.551421319720565961e-01,2.505929333843190387e-01,2.472316349553802806e-01,2.446295544683136369e-01,2.408350126111081235e-01,2.374577435271480741e-01,2.346577336682588999e-01,2.318042193817006491e-01
2.650000000000000000e+01,3.104578882315459087e-01,2.979871252344650778e-01,2.854995627420646720e-01,2.779142234517905652e-01,2.724893804000881325e-01,2.682095323813555310e-01,2.617447945515929408e-01,2.551420441890241975e-01,2.505929076089212226e-01,2.472316320089966712e-01,2.446295628225380880e-01,2.408350322121651510e-01,2.374577699679150944e-01,2.346577638494078688e-01,2.318042530080340613e-01
2.675000000000000000e+01,3.108530498464377456e-01,2.978854227002259436e-01,2.854522204933007679e-01,2.779104179254989759e-01,2.724935544669834786e-01,2.682119795515461869e-01,2.617448459953211626e-01,2.551419680772276100e-01,2.505928858144395588e-01,2.472316295503454164e-01,2.446295702122805726e-01,2.408350497109169874e-01,2.374577936013665680e-01,2.346577917339998653e-01,2.318042838621608981e-01
2.700000000000000000e+01,3.112417097903847907e-01,2.977809658049642705e-01,2.854091359180917498e-01,2.779085438828379773e-01,2.724980260388671915e-01,2.682143162316418805e-01,2.617448707734778557e-01,2.551419026719309868e-01,2.505928675837657549e-01,2.472316274716619411e-01,2.446295766784677417e-01,2.408350654761809706e-01,2.374578151998900932e-01,2.346578169550842530e-01,2.318043125883424427e-01
2.725000000000000000e+01,3.116230879504440776e-01,2.976749305207530560e-01,2.853702304606157703e-01,2.779083992228263411e-01,2.725026928653057068e-01,2.682165182719089547e-01,2.617448718240544814e-01,2.551418469599041061e-01,2.505928524920654210e-01,2.472316258969879943e-01,2.446295825469888552e-01,2.408350794163834907e-01,2.374578347017073376e-01,2.346578402633437976e-01,2.318043400571231094e-01
2.750000000000000000e+01,3.119963600667577941e-01,2.975683594573050317e-01,2.853353968918451722e-01,2.779097862926565576e-01,2.725074637010439504e-01,2.682185676351178105e-01,2.617448523006799532e-01,2.551418000034402223e-01,2.505928400945496848e-01,2.472316247154708324e-01,2.446295877485918646e-01,2.408350921729078276e-01,2.374578527691072471e-01,2.346578622604200137e-01,2.318043644201322750e-01
2.775000000000000000e+01,3.123606706027720059e-01,2.974621669859782158e-01,2.853045042165645029e-01,2.779125136139503627e-01,2.725122581087437990e-01,2.682204517899561269e-01,2.617448153847247161e-01,2.551417608521786007e-01,2.505928300599912228e-01,2.472316240117273800e-01,2.446295925754027878e-01,2.408351036941601964e-01,2.374578691314150891e-01,2.346578820516415642e-01,2.318043878701661065e-01
2.800000000000000000e+01,3.127151467732258161e-01,2.973571459262703831e-01,2.852774020106323971e-01,2.779163973050421954e-01,2.725170061667898103e-01,2.682221630561734682e-01,2.617447642510820072e-01,2.551417286080517877e-01,2.505928220320296496e-01,2.472316235739027146e-01,2.446295970701059530e-01,2.408351143426277763e-01,2.374578843429122899e-01,2.346579007573767750e-01,2.318044112139361901e-01
2.825000000000000000e+01,3.130589133144863201e-01,2.972539753395384010e-01,2.852539242697340605e-01,2.779212622284709111e-01,2.725216480297162902e-01,2.682236980132436388e-01,2.617447019163047228e-01,2.551417024193395333e-01,2.505928157552271274e-01,2.472316235357699676e-01,2.446296012325597791e-01,2.408351240106373914e-01,2.374578988337405772e-01,2.346579188110046177e-01,2.318044309240424594e-01
2.850000000000000000e+01,3.133911075655944622e-01,2.971532290306061475e-01,2.852338928004811702e-01,2.779269428940542852e-01,2.725261334382605982e-01,2.682250568711917471e-01,2.617446312270255704e-01,2.551416815086912093e-01,2.505928108714414737e-01,2.472316237819698614e-01,2.446296051811107930e-01,2.408351330288622250e-01,2.374579117198261646e-01,2.346579348859932357e-01,2.318044506654972914e-01
2.875000000000000000e+01,3.137108944312085868e-01,2.970553844220359396e-01,2.852171202246706061e-01,2.779332841391631836e-01,2.725304211180369363e-01,2.682262429200601428e-01,2.617445547726602317e-01,2.551416651504120336e-01,2.505928072397864415e-01,2.472316243059071161e-01,2.446296089216672964e-01,2.408351415669678641e-01,2.374579241151914821e-01,2.346579504501624114e-01,2.318044707972727880e-01
2.900000000000000000e+01,3.140174808169471921e-01,2.969608315216987204e-01,2.852034126176030138e-01,2.779401416107989409e-01,2.725344781663465166e-01,2.682272619677334990e-01,2.617444749063290166e-01,2.551416526605387314e-01,2.505928045870113308e-01,2.472316250246779090e-01,2.446296126111069946e-01,2.408351493337588800e-01,2.374579359293655934e-01,2.346579658100675925e-01,2.318044874910055453e-01
2.925000000000000000e+01,3.143101291621950844e-01,2.968698817621536201e-01,2.851925718419129341e-01,2.779473820728062261e-01,2.725382793700261708e-01,2.682281218695579117e-01,2.617443936769694446e-01,2.551416434501215802e-01,2.505928028053384660e-01,2.472316259605058797e-01,2.446296160090241090e-01,2.408351567975354213e-01,2.374579467957948498e-01,2.346579792804798226e-01,2.318045045607813326e-01
2.950000000000000000e+01,3.145881697425978452e-01,2.967827765394620010e-01,2.851843975923051833e-01,2.779548835573213972e-01,2.725418065396459921e-01,2.682288320425312289e-01,2.617443128596268487e-01,2.551416369735062251e-01,2.505928016482298903e-01,2.472316270943800687e-01,2.446296194028582116e-01,2.408351638036226317e-01,2.374579573020397238e-01,2.346579926484815837e-01,2.318045218181749301e-01
2.975000000000000000e+01,3.148510114701553175e-01,2.966996953248662861e-01,2.851786892003387863e-01,2.779625353779617281e-01,2.725450477956340434e-01,2.682294030737158441e-01,2.617442339321199851e-01,2.551416327662287542e-01,2.505928010758229352e-01,2.472316283258218506e-01,2.446296226810839303e-01,2.408351705303411749e-01,2.374579672164267574e-01,2.346580059887021785e-01,2.318045368507314907e-01
3.000000000000000000e+01,3.150981509806916048e-01,2.966207632605756817e-01,2.851752472068197486e-01,2.779702380194169486e-01,2.725479968946080689e-01,2.682298463271941547e-01,2.617441581193060696e-01,2.551416303733143320e-01,2.505928009339009055e-01,2.472316297060835888e-01,2.446296259143486140e-01,2.408351768541852622e-01,2.374579767746400338e-01,2.346580177153021751e-01,2.318045519411067457e-01
3.025000000000000000e+01,3.153291798632284482e-01,2.965460581845912880e-01,2.851738747436597943e-01,2.779779029237826049e-01,2.725506525360794630e-01,2.682301736475142251e-01,2.617440863734262213e-01,2.551416294575266641e-01,2.505928011554689472e-01,2.472316311657582200e-01,2.446296290282290731e-01,2.408351829549639223e-01,2.374579858172954916e-01,2.346580295035165520e-01,2.318045669598014780e-01
3.050000000000000000e+01,3.155437899496724152e-01,2.964756170565654436e-01,2.851743787294998000e-01,2.779854521845625537e-01,2.725530177247225683e-01,2.682303970496433543e-01,2.617440194163119238e-01,2.551416296811778173e-01,2.505928016267469638e-01,2.472316327744569220e-01,2.446296321129533269e-01,2.408351889584937067e-01,2.374579945259767677e-01,2.346580412314431263e-01,2.318045808311390010e-01
3.075000000000000000e+01,3.157417766440273610e-01,2.964094417784751134e-01,2.851765709121181769e-01,2.779928181641911356e-01,2.725550991220623831e-01,2.682305285005633921e-01,2.617439577487704616e-01,2.551416307999387345e-01,2.505928023265077131e-01,2.472316343506437142e-01,2.446296351928133606e-01,2.408351945143836215e-01,2.374580031888051113e-01,2.346580518133886128e-01,2.318045944098230948e-01
3.100000000000000000e+01,3.159230403266714560e-01,2.963475044203338071e-01,2.851802687571347028e-01,2.779999430425175166e-01,2.725569064661726992e-01,2.682305796943941223e-01,2.617439016933024165e-01,2.551416325397966034e-01,2.505928031956037860e-01,2.472316360454058226e-01,2.446296381482611637e-01,2.408352000328098930e-01,2.374580111068722299e-01,2.346580624277262439e-01,2.318046076270494360e-01
3.125000000000000000e+01,3.160875859174355207e-01,2.962897518742920733e-01,2.851852962114111989e-01,2.780067783154063221e-01,2.725584519976355646e-01,2.682305619159131571e-01,2.617438513969245206e-01,2.551416347558395636e-01,2.505928041743192836e-01,2.472316377628452355e-01,2.446296411159087913e-01,2.408352053470703691e-01,2.374580189918297224e-01,2.346580729174937430e-01,2.318046203569052721e-01
3.150000000000000000e+01,3.162355207230942433e-01,2.962361099697939926e-01,2.851914843400005783e-01,2.780132842484194233e-01,2.725597499590000639e-01,2.682304858818864157e-01,2.617438068659597161e-01,2.551416372580664338e-01,2.505928052422539132e-01,2.472316395406334300e-01,2.446296440018953522e-01,2.408352105467459481e-01,2.374580268218341728e-01,2.346580826485922810e-01,2.318046330596123805e-01
3.175000000000000000e+01,3.163670507271716392e-01,2.961864870878284650e-01,2.851986718592766090e-01,2.780194293006944539e-01,2.725608161003981733e-01,2.682303616630891674e-01,2.617437679884298540e-01,2.551416399527228207e-01,2.505928063715440191e-01,2.472316413016585335e-01,2.446296469291818487e-01,2.408352155449712817e-01,2.374580340770890141e-01,2.346580923598682311e-01,2.318046447817116995e-01
3.200000000000000000e+01,3.164824755043987858e-01,2.961407773163127199e-01,2.852067055622706238e-01,2.780251895210203439e-01,2.725616672620551628e-01,2.682301985885139350e-01,2.617437345619708644e-01,2.551416426927201608e-01,2.505928075659941134e-01,2.472316431060843644e-01,2.446296497115600377e-01,2.408352204421976284e-01,2.374580413445124272e-01,2.346581018666988872e-01,2.318046564846368840e-01
3.225000000000000000e+01,3.165821819583926056e-01,2.960988631890961176e-01,2.852154406565899358e-01,2.780305479343164188e-01,2.725623209714583273e-01,2.682300052251787026e-01,2.617437063049206092e-01,2.551416454436976622e-01,2.505928087532423576e-01,2.472316449376508463e-01,2.446296525254291754e-01,2.408352253632788098e-01,2.374580484037305816e-01,2.346581109417948952e-01,2.318046686478620888e-01
3.250000000000000000e+01,3.166666370898655325e-01,2.960606180528200237e-01,2.852247410116152126e-01,2.780354939187013597e-01,2.725627951157681972e-01,2.682297893241149533e-01,2.617436828752051081e-01,2.551416481200940445e-01,2.505928099785049157e-01,2.472316467511398996e-01,2.446296553079921055e-01,2.408352299418474451e-01,2.374580552767184272e-01,2.346581199337418044e-01,2.318046790941679092e-01
3.275000000000000000e+01,3.167363800047873768e-01,2.960259081023868810e-01,2.852344793317365124e-01,2.780400225872776687e-01,2.725631076224492300e-01,2.682295578343842357e-01,2.617436638965871532e-01,2.551416506985510479e-01,2.505928111930014746e-01,2.472316485778209560e-01,2.446296580487521133e-01,2.408352345641992520e-01,2.374580619768151268e-01,2.346581286355571561e-01,2.318046899478764244e-01
3.300000000000000000e+01,3.167920133682168848e-01,2.959945941258751434e-01,2.852445372509485599e-01,2.780441341719431803e-01,2.725632762129045483e-01,2.682293168875860001e-01,2.617436489675536992e-01,2.551416531205518146e-01,2.505928124411626601e-01,2.472316503946851429e-01,2.446296607483766650e-01,2.408352390757320105e-01,2.374580684917200202e-01,2.346581371858536547e-01,2.318047017104010732e-01
3.325000000000000000e+01,3.168341945011731720e-01,2.959665329941776890e-01,2.852548053642458559e-01,2.780478334262216356e-01,2.725633181673940975e-01,2.682290718457044920e-01,2.617436376753776162e-01,2.551416553964234724e-01,2.505928136342027157e-01,2.472316522547783613e-01,2.446296634182189844e-01,2.408352435121729473e-01,2.374580750686766661e-01,2.346581455250238146e-01,2.318047110418137158e-01
3.350000000000000000e+01,3.168636263056281988e-01,2.959415789314023826e-01,2.852651831930231308e-01,2.780511290426075921e-01,2.725632501572558541e-01,2.682288273050191241e-01,2.617436295978137761e-01,2.551416575018088384e-01,2.505928148512521214e-01,2.472316540371638505e-01,2.446296661198137656e-01,2.408352478311523159e-01,2.374580812053073975e-01,2.346581536097900045e-01,2.318047211751257941e-01
3.375000000000000000e+01,3.168810481879315022e-01,2.959195845948729420e-01,2.852755790972661964e-01,2.780540330976163377e-01,2.725630880788489363e-01,2.682285871573693581e-01,2.617436243307564858e-01,2.551416594404152804e-01,2.505928160442666419e-01,2.472316558611588611e-01,2.446296686918995877e-01,2.408352520815124354e-01,2.374580873624231037e-01,2.346581617253768459e-01,2.318047319143732854e-01
3.400000000000000000e+01,3.168872271334077229e-01,2.959004019939264207e-01,2.852859101312312795e-01,2.780565605171527177e-01,2.725628469497554107e-01,2.682283546128934049e-01,2.617436214793637528e-01,2.551416612018212460e-01,2.505928172429424117e-01,2.472316576502861518e-01,2.446296713028985326e-01,2.408352563972183946e-01,2.374580936090512906e-01,2.346581694463523715e-01,2.318047409730916997e-01
3.425000000000000000e+01,3.168829490666071891e-01,2.958838832697682220e-01,2.852961018547594541e-01,2.780587285778313711e-01,2.725625408072506750e-01,2.682281322768552689e-01,2.617436206744969684e-01,2.551416628081176197e-01,2.505928184018778593e-01,2.472316594629973552e-01,2.446296738510926883e-01,2.408352604096601901e-01,2.374580993532331707e-01,2.346581770635702557e-01,2.318047504818774307e-01
3.450000000000000000e+01,3.168690106128141393e-01,2.958698813598749089e-01,2.853060880988793624e-01,2.780605564355632664e-01,2.725621826621009713e-01,2.682279221756305176e-01,2.617436215596101734e-01,2.551416642646597843e-01,2.505928195649033685e-01,2.472316612167265171e-01,2.446296764153536030e-01,2.408352644914971696e-01,2.374581052058831743e-01,2.346581848077927412e-01,2.318047602944892926e-01
3.475000000000000000e+01,3.168462113562756644e-01,2.958582505633129411e-01,2.853158106961433127e-01,2.780620646934604534e-01,2.725617844442803639e-01,2.682277258327014358e-01,2.617436238206474752e-01,2.551416655774778608e-01,2.505928207157136489e-01,2.472316629867010174e-01,2.446296788902138364e-01,2.408352685049948427e-01,2.374581109829387304e-01,2.346581919886829015e-01,2.318047691492886031e-01
3.500000000000000000e+01,3.168153466723612754e-01,2.958488470246238844e-01,2.853252191739703569e-01,2.780632749975218698e-01,2.725613569984640661e-01,2.682275443006489901e-01,2.617436271626603084e-01,2.551416667601628663e-01,2.505928218511392913e-01,2.472316647482262764e-01,2.446296813723911334e-01,2.408352724474233653e-01,2.374581165708070096e-01,2.346581991974156234e-01,2.318047781069549618e-01
3.525000000000000000e+01,3.167772011917626140e-01,2.958415291476301778e-01,2.853342704208932101e-01,2.780642096748005554e-01,2.725609100717596434e-01,2.682273782413021057e-01,2.617436313299509321e-01,2.551416678291282270e-01,2.505928229676857577e-01,2.472316664855455370e-01,2.446296838488891678e-01,2.408352763171871525e-01,2.374581221289972788e-01,2.346582066161024827e-01,2.318047870754771922e-01
3.550000000000000000e+01,3.167325429377449431e-01,2.958361579525146667e-01,2.853429283259883986e-01,2.780648914015836914e-01,2.725604523445341321e-01,2.682272279515064417e-01,2.617436360816357555e-01,2.551416688025847090e-01,2.505928240755349590e-01,2.472316682060230475e-01,2.446296862594705135e-01,2.408352801248006270e-01,2.374581275182649220e-01,2.346582133175153517e-01,2.318047956774038632e-01
3.575000000000000000e+01,3.166821181606301883e-01,2.958325973835216893e-01,2.853511633999258335e-01,2.780653429131869636e-01,2.725599914442418115e-01,2.682270934347207314e-01,2.617436412252951983e-01,2.551416696772665915e-01,2.505928251853099531e-01,2.472316699112119265e-01,2.446296886650346225e-01,2.408352840028659680e-01,2.374581329669666063e-01,2.346582201626643827e-01,2.318048042363388961e-01
3.600000000000000000e+01,3.166266468793011990e-01,2.958307145772391400e-01,2.853589523773524261e-01,2.780655867404431270e-01,2.725595339974752340e-01,2.682269744260861732e-01,2.617436465826314951e-01,2.551416704789020717e-01,2.505928262631738068e-01,2.472316716339010290e-01,2.446296910252516166e-01,2.408352876193320391e-01,2.374581381350847342e-01,2.346582272900077093e-01,2.318048124277808097e-01
3.625000000000000000e+01,3.165668191254494279e-01,2.958303800949598217e-01,2.853662778084997687e-01,2.780656449871418134e-01,2.725590856661646022e-01,2.682268704626380451e-01,2.617436520147753964e-01,2.551416712112894447e-01,2.505928273424108954e-01,2.472316732910184167e-01,2.446296934256596556e-01,2.408352913022852038e-01,2.374581433030569233e-01,2.346582335604067426e-01,2.318048205726420119e-01
3.650000000000000000e+01,3.165032918747158197e-01,2.958314681269785806e-01,2.853731276414034346e-01,2.780655391332979565e-01,2.725586512168252651e-01,2.682267808980305923e-01,2.617436573895492447e-01,2.551416718982413845e-01,2.505928284022683750e-01,2.472316749708891592e-01,2.446296956979600590e-01,2.408352949416954769e-01,2.374581486159232091e-01,2.346582400772249111e-01,2.318048290190094229e-01
3.675000000000000000e+01,3.164366866387986477e-01,2.958338566702493622e-01,2.853794948010650590e-01,2.780652898759704561e-01,2.725582345660035322e-01,2.682267049613219490e-01,2.617436626201672945e-01,2.551416725236160810e-01,2.505928294771410658e-01,2.472316766082340023e-01,2.446296980073863758e-01,2.408352985049523332e-01,2.374581534397877114e-01,2.346582468539673283e-01,2.318048364889604140e-01
3.700000000000000000e+01,3.163675876835284062e-01,2.958374276852996365e-01,2.853853767663696583e-01,2.780649169902171813e-01,2.725578388554720233e-01,2.682266417688100035e-01,2.617436676227221093e-01,2.551416731206613275e-01,2.505928305052800842e-01,2.472316782692650372e-01,2.446297002809451060e-01,2.408353020252522736e-01,2.374581584051150274e-01,2.346582528188631278e-01,2.318048442175620616e-01
3.725000000000000000e+01,3.162965408319888816e-01,2.958420672310980715e-01,2.853907751502196000e-01,2.780644392250113395e-01,2.725574665059172230e-01,2.682265903797936835e-01,2.617436723475413118e-01,2.551416736794956397e-01,2.505928315500720593e-01,2.472316798649107639e-01,2.446297025405769210e-01,2.408353054827986339e-01,2.374581633623135402e-01,2.346582590358722020e-01,2.318048525774005775e-01
3.750000000000000000e+01,3.162240528053320565e-01,2.958476655838623848e-01,2.853956952848841211e-01,2.780638742168868860e-01,2.725571192966775302e-01,2.682265497974309354e-01,2.617436767403376607e-01,2.551416742273913130e-01,2.505928325711215821e-01,2.472316814769283111e-01,2.446297047503218636e-01,2.408353090028958476e-01,2.374581681010508039e-01,2.346582654017723424e-01,2.318048593729245266e-01
3.775000000000000000e+01,3.161505910515599038e-01,2.958541173369670929e-01,2.854001458166546268e-01,2.780632384340271379e-01,2.725567984176571201e-01,2.682265190132944177e-01,2.617436807865955450e-01,2.551416747358070669e-01,2.505928336036300497e-01,2.472316830717013469e-01,2.446297069484958120e-01,2.408353123054206846e-01,2.374581728786549495e-01,2.346582711760430429e-01,2.318048667195892754e-01
3.800000000000000000e+01,3.160765840094148516e-01,2.958613214869995067e-01,2.854041383110843544e-01,2.780625471318451392e-01,2.725565045454198532e-01,2.682264970056973397e-01,2.617436844627558101e-01,2.551416752432580370e-01,2.505928346000297902e-01,2.472316846524525713e-01,2.446297091593137296e-01,2.408353156614642943e-01,2.374581775108655923e-01,2.346582771169876680e-01,2.318048746949012695e-01
3.825000000000000000e+01,3.160024217535728486e-01,2.958691815022782556e-01,2.854076868715342830e-01,2.780618143355875205e-01,2.725562378947309905e-01,2.682264827818036657e-01,2.617436877738215650e-01,2.551416757309879491e-01,2.505928356059266560e-01,2.472316862068523469e-01,2.446297112869434687e-01,2.408353189914302916e-01,2.374581821662908876e-01,2.346582831052950180e-01,2.318048811760610728e-01
3.850000000000000000e+01,3.159284569684330246e-01,2.958776053782502524e-01,2.854108077735451610e-01,2.780610528320455188e-01,2.725559982918953628e-01,2.682264753662433887e-01,2.617436907098640297e-01,2.551416762221771495e-01,2.505928366004782637e-01,2.472316877524472212e-01,2.446297134363807080e-01,2.408353222386228620e-01,2.374581866490527993e-01,2.346582887018787422e-01,2.318048881702489128e-01
3.875000000000000000e+01,3.158550061980009982e-01,2.958865056768392177e-01,2.854135191163983953e-01,2.780602741837216452e-01,2.725557852187112107e-01,2.682264738336062604e-01,2.617436932959110729e-01,2.551416766916497214e-01,2.505928375904805661e-01,2.472316893052433073e-01,2.446297155297573189e-01,2.408353254653272379e-01,2.374581911024389869e-01,2.346582943869940097e-01,2.318048955457235327e-01
3.900000000000000000e+01,3.157823513220653910e-01,2.958957995527546347e-01,2.854158404934595827e-01,2.780594887462665699e-01,2.725555978773148702e-01,2.682264772961374666e-01,2.617436955382713704e-01,2.551416771680207196e-01,2.505928385618739207e-01,2.472316908094177312e-01,2.446297176500544790e-01,2.408353286270548121e-01,2.374581956755340284e-01,2.346583000267480346e-01,2.318049019815233980e-01
3.925000000000000000e+01,3.157107412116681999e-01,2.959054087639086394e-01,2.854177926814536193e-01,2.780587057053438005e-01,2.725554352295921356e-01,2.682264849351436165e-01,2.617436974671957239e-01,2.551416776375932116e-01,2.505928395319268476e-01,2.472316923230352681e-01,2.446297196842392163e-01,2.408353318428585743e-01,2.374581998727370302e-01,2.346583054564967963e-01,2.318049086489595012e-01
3.950000000000000000e+01,3.156403935195638000e-01,2.959152596689562653e-01,2.854193973512422211e-01,2.780579331147992050e-01,2.725552960563307758e-01,2.682264959812440952e-01,2.617436990924865703e-01,2.551416781117419874e-01,2.505928405016794591e-01,2.472316938051038471e-01,2.446297217348288588e-01,2.408353348770670699e-01,2.374582041721286230e-01,2.346583109033865688e-01,2.318049154584355676e-01
3.975000000000000000e+01,3.155714965660521565e-01,2.959252832096653241e-01,2.854206767991581684e-01,2.780571779506896268e-01,2.725551789868349561e-01,2.682265097374885721e-01,2.617437004523834321e-01,2.551416785752569361e-01,2.505928414521692571e-01,2.472316953096780900e-01,2.446297237705675753e-01,2.408353379525979276e-01,2.374582085077253379e-01,2.346583162203190465e-01,2.318049218621693885e-01
4.000000000000000000e+01,3.155042112835099166e-01,2.959354148805907747e-01,2.854216537006167287e-01,2.780564461615285254e-01,2.725550825481305450e-01,2.682265255614483812e-01,2.617437015643030440e-01,2.551416790454020811e-01,2.505928423998152188e-01,2.472316967485184425e-01,2.446297257706777917e-01,2.408353410156784113e-01,2.374582125971439195e-01,2.346583214925515581e-01,2.318049282255814358e-01
4.025000000000000000e+01,3.154386731876172578e-01,2.959455946837393769e-01,2.854223508838961698e-01,2.780557427321335151e-01,2.725550051891728054e-01,2.682265428878750080e-01,2.617437024623199826e-01,2.551416795150356909e-01,2.505928433361625518e-01,2.472316982068154256e-01,2.446297277514636326e-01,2.408353439898459902e-01,2.374582167507635899e-01,2.346583266760771114e-01,2.318049344991333360e-01
4.050000000000000000e+01,3.153749943470912642e-01,2.959557670710937227e-01,2.854227911267393503e-01,2.780550717426908403e-01,2.725549453238937381e-01,2.682265612056031756e-01,2.617437031615531540e-01,2.551416799856752737e-01,2.505928442821757640e-01,2.472316996441770998e-01,2.446297297071549914e-01,2.408353469616090203e-01,2.374582208161820085e-01,2.346583317338765962e-01,2.318049406565370063e-01
4.075000000000000000e+01,3.153132653278523656e-01,2.959658808731648327e-01,2.854229969730705530e-01,2.780544364388995993e-01,2.725549013459263037e-01,2.682265800741372996e-01,2.617437036979872178e-01,2.551416804519274217e-01,2.505928451954841374e-01,2.472317010774691126e-01,2.446297316896563212e-01,2.408353498660971981e-01,2.374582248506759419e-01,2.346583368567699834e-01,2.318049469623639780e-01
4.100000000000000000e+01,3.152535570913114205e-01,2.959758892161201693e-01,2.854229905714734117e-01,2.780538392932065950e-01,2.725548716623695245e-01,2.682265991033273012e-01,2.617437040886730903e-01,2.551416809214003822e-01,2.505928461202631685e-01,2.472317024794482010e-01,2.446297335770965531e-01,2.408353528167856139e-01,2.374582287935145808e-01,2.346583417510948733e-01,2.318049527268856158e-01
4.125000000000000000e+01,3.151959228299002214e-01,2.959857494258270050e-01,2.854227935319388343e-01,2.780532820757329882e-01,2.725548547038924019e-01,2.682266179709701381e-01,2.617437043618335846e-01,2.551416813935600270e-01,2.505928470246487905e-01,2.472317038791501109e-01,2.446297354938647972e-01,2.408353556161875186e-01,2.374582326811096600e-01,2.346583466102819537e-01,2.318049586155207231e-01
4.150000000000000000e+01,3.151403997269137669e-01,2.959954229216498200e-01,2.854224268034867285e-01,2.780527659163021803e-01,2.725548489534596053e-01,2.682266363988198843e-01,2.617437045297461573e-01,2.551416818614795634e-01,2.505928479424940347e-01,2.472317052796125791e-01,2.446297373731825264e-01,2.408353584460931895e-01,2.374582366589847171e-01,2.346583515911504769e-01,2.318049649152500447e-01
4.175000000000000000e+01,3.150870106300028839e-01,2.960048750986856159e-01,2.854219105686806590e-01,2.780522913744949975e-01,2.725548529484743687e-01,2.682266541654945158e-01,2.617437046201260831e-01,2.551416823291728919e-01,2.505928488259118736e-01,2.472317066457257462e-01,2.446297392565042195e-01,2.408353612746626238e-01,2.374582403610380477e-01,2.346583562159396397e-01,2.318049701948830532e-01
4.200000000000000000e+01,3.150357656312156029e-01,2.960140752012328513e-01,2.854212641571992060e-01,2.780518584976887642e-01,2.725548653018846634e-01,2.682266710863311920e-01,2.617437046448076732e-01,2.551416827958493672e-01,2.505928497205204830e-01,2.472317080121513855e-01,2.446297410865517774e-01,2.408353640091197845e-01,2.374582441256272713e-01,2.346583608882626404e-01,2.318049758316934605e-01
4.225000000000000000e+01,3.149866635484576127e-01,2.960229961863489745e-01,2.854205059734166161e-01,2.780514668864939587e-01,2.725548847012309039e-01,2.682266870280696769e-01,2.617437046229567632e-01,2.551416832673172319e-01,2.505928506025992819e-01,2.472317093563641821e-01,2.446297429173731330e-01,2.408353667561230760e-01,2.374582479589246731e-01,2.346583657337102669e-01,2.318049820736892419e-01
4.250000000000000000e+01,3.149396933054840475e-01,2.960316145800210852e-01,2.854196534414632502e-01,2.780511157488823049e-01,2.725549099265162090e-01,2.682267018859632035e-01,2.617437045616415880e-01,2.551416837292616036e-01,2.505928514855455536e-01,2.472317107213141962e-01,2.446297447497020605e-01,2.408353694338729589e-01,2.374582515239389569e-01,2.346583701069039629e-01,2.318049869514176020e-01
4.275000000000000000e+01,3.148948352096610503e-01,2.960399103257414510e-01,2.854187229624415845e-01,2.780508039609704274e-01,2.725549398431466597e-01,2.682267155949688009e-01,2.617437044792691458e-01,2.551416841944557645e-01,2.505928523484759474e-01,2.472317120241102617e-01,2.446297465302917640e-01,2.408353721507861533e-01,2.374582551710189560e-01,2.346583746030663220e-01,2.318049923518199773e-01
4.300000000000000000e+01,3.148520621280676557e-01,2.960478666275506709e-01,2.854177298868674773e-01,2.780505301139688523e-01,2.725549734141228808e-01,2.682267281110879420e-01,2.617437043819599851e-01,2.551416846546538664e-01,2.505928532133591125e-01,2.472317133476449325e-01,2.446297483152264363e-01,2.408353747422857793e-01,2.374582587739963446e-01,2.346583793191469591e-01,2.318049981572920804e-01
4.325000000000000000e+01,3.148113405637062434e-01,2.960554697873168384e-01,2.854166884962416328e-01,2.780502925677431070e-01,2.725550096916016241e-01,2.682267394247240810e-01,2.617437042803102965e-01,2.551416851215828618e-01,2.505928540749115530e-01,2.472317146480012828e-01,2.446297500650421453e-01,2.408353773548688459e-01,2.374582623022652161e-01,2.346583834571490945e-01,2.318050030405314765e-01
4.350000000000000000e+01,3.147726316351258102e-01,2.960627090383935456e-01,2.854156119979491257e-01,2.780500894919338273e-01,2.725550478275535760e-01,2.682267495398559798e-01,2.617437041768493344e-01,2.551416855742624223e-01,2.505928549248052084e-01,2.472317159522177121e-01,2.446297518414727590e-01,2.408353799753770730e-01,2.374582658021429926e-01,2.346583877869594659e-01,2.318050082186369765e-01
4.375000000000000000e+01,3.147358919629977270e-01,2.960695763758412480e-01,2.854145125275720507e-01,2.780499189133062155e-01,2.725550870610920495e-01,2.682267584845875463e-01,2.617437040821715133e-01,2.551416860335724568e-01,2.505928557679158453e-01,2.472317172218762571e-01,2.446297535364689857e-01,2.408353824974775459e-01,2.374582692256399508e-01,2.346583923198954369e-01,2.318050136071161949e-01
4.400000000000000000e+01,3.147010744684374250e-01,2.960760663849544283e-01,2.854134011623107314e-01,2.780497787488844241e-01,2.725551267251203891e-01,2.682267662946439257e-01,2.617437039981547753e-01,2.551416864844924248e-01,2.505928566045172445e-01,2.472317184944699542e-01,2.446297552539091202e-01,2.408353850446431632e-01,2.374582727146331007e-01,2.346583962971222903e-01,2.318050185026185595e-01
4.425000000000000000e+01,3.146681290876937043e-01,2.960821760683152171e-01,2.854122879389273115e-01,2.780496668454126019e-01,2.725551662338307479e-01,2.682267730261772010e-01,2.617437039288494360e-01,2.551416869435261248e-01,2.505928574462360503e-01,2.472317197630994889e-01,2.446297569516536208e-01,2.408353875209589823e-01,2.374582760077280918e-01,2.346584004696260495e-01,2.318050234713755764e-01
4.450000000000000000e+01,3.146370034087326850e-01,2.960879046729570918e-01,2.854111818812092305e-01,2.780495810064220752e-01,2.725552050892153244e-01,2.682267787373052714e-01,2.617437038740628719e-01,2.551416873855794631e-01,2.505928582648017655e-01,2.472317210087193462e-01,2.446297586341918684e-01,2.408353900302094563e-01,2.374582793308190887e-01,2.346584047649970528e-01,2.318050284606335831e-01
4.475000000000000000e+01,3.146076432349091401e-01,2.960932535181488579e-01,2.854100910304555039e-01,2.780495190257427640e-01,2.725552428657800341e-01,2.682267834985282984e-01,2.617437038387924741e-01,2.551416878351537854e-01,2.505928590887414598e-01,2.472317222477896370e-01,2.446297602892499590e-01,2.408353924363334786e-01,2.374582827473694091e-01,2.346584086549109993e-01,2.318050332838120509e-01
4.500000000000000000e+01,3.145799930814194845e-01,2.960982258250689503e-01,2.854090224835533762e-01,2.780494787069309193e-01,2.725552792144865788e-01,2.682267873785161294e-01,2.617437038226731461e-01,2.551416882771833650e-01,2.505928598984119571e-01,2.472317234720867729e-01,2.446297619330214668e-01,2.408353948553517976e-01,2.374582858787812334e-01,2.346584126784854729e-01,2.318050381461661535e-01
4.525000000000000000e+01,3.145539966098066520e-01,2.961028265487349320e-01,2.854079824318294656e-01,2.780494578896333668e-01,2.725553138486158655e-01,2.682267904564874517e-01,2.617437038253707104e-01,2.551416887237105691e-01,2.505928607205851200e-01,2.472317247101929738e-01,2.446297635909960855e-01,2.408353972900834084e-01,2.374582891054196621e-01,2.346584167510091801e-01,2.318050427524109003e-01
4.550000000000000000e+01,3.145295970060106860e-01,2.961070622133278318e-01,2.854069762060697513e-01,2.780494544637103771e-01,2.725553465486652005e-01,2.682267928062394557e-01,2.617437038458368948e-01,2.551416891576356316e-01,2.505928615097988144e-01,2.472317259004447043e-01,2.446297651850745103e-01,2.408353996229288252e-01,2.374582923228441000e-01,2.346584205565056536e-01,2.318050473874449235e-01
4.575000000000000000e+01,3.145067373069883598e-01,2.961109407513599634e-01,2.854060083212294763e-01,2.780494663907386310e-01,2.725553771464769848e-01,2.682267945063419035e-01,2.617437038854840137e-01,2.551416895958646402e-01,2.505928623111290943e-01,2.472317271068393552e-01,2.446297667992999303e-01,2.408354019859404449e-01,2.374582954303952886e-01,2.346584244388887908e-01,2.318050522763927812e-01
4.600000000000000000e+01,3.144853606809249191e-01,2.961144713476679402e-01,2.854050825261170155e-01,2.780494917117111719e-01,2.725554055284502009e-01,2.682267956280679488e-01,2.617437039433676005e-01,2.551416900293873580e-01,2.505928630992003692e-01,2.472317282885463374e-01,2.446297683760128572e-01,2.408354042877260681e-01,2.374582985598536478e-01,2.346584283021881934e-01,2.318050565143960629e-01
4.625000000000000000e+01,3.144654106659356407e-01,2.961176642883729393e-01,2.854042018506880996e-01,2.780495285626114477e-01,2.725554316214804929e-01,2.682267962473787737e-01,2.617437040165483952e-01,2.551416904633292959e-01,2.505928638918819007e-01,2.472317294802517107e-01,2.446297699684232274e-01,2.408354066115245828e-01,2.374583015959312593e-01,2.346584320259839651e-01,2.318050609716235666e-01
4.650000000000000000e+01,3.144468313712195373e-01,2.961205308155432925e-01,2.854033686574543593e-01,2.780495751783302882e-01,2.725554553978171701e-01,2.682267964310617869e-01,2.617437041044517465e-01,2.551416908888423096e-01,2.505928646638155288e-01,2.472317306351713151e-01,2.446297715065516298e-01,2.408354088514880476e-01,2.374583046768027894e-01,2.346584357743897453e-01,2.318050658929581009e-01
4.675000000000000000e+01,3.144295676453887078e-01,2.961230829881033033e-01,2.854025846898894381e-01,2.780496299044537545e-01,2.725554768599209310e-01,2.682267962466203248e-01,2.617437042063845420e-01,2.551416913158500721e-01,2.505928654399992572e-01,2.472317317970799677e-01,2.446297730535824111e-01,2.408354110972297513e-01,2.374583076265696646e-01,2.346584394410718699e-01,2.318050697761925849e-01
4.700000000000000000e+01,3.144135652152825755e-01,2.961253335490900418e-01,2.854018511241704914e-01,2.780496911965788520e-01,2.725554960439919849e-01,2.682267957520264590e-01,2.617437043219292270e-01,2.551416917408593221e-01,2.505928662107763105e-01,2.472317329514031325e-01,2.446297745949609914e-01,2.408354133652737816e-01,2.374583105796269078e-01,2.346584430857577008e-01,2.318050740651856068e-01
4.725000000000000000e+01,3.143987707992879632e-01,2.961272957998384858e-01,2.854011686163647754e-01,2.780497576274823524e-01,2.725555130072154775e-01,2.682267950071522411e-01,2.617437044466636165e-01,2.551416921626237233e-01,2.505928669754194926e-01,2.472317340917068729e-01,2.446297761061246578e-01,2.408354155286342169e-01,2.374583136313782594e-01,2.346584466778966205e-01,2.318050787636373733e-01
4.750000000000000000e+01,3.143851321979664326e-01,2.961289834809532895e-01,2.854005373522519595e-01,2.780498278841261883e-01,2.725555278330561437e-01,2.682267940616409607e-01,2.617437045812960883e-01,2.551416925798897228e-01,2.505928677306005214e-01,2.472317352201876539e-01,2.446297776102409061e-01,2.408354177247766514e-01,2.374583164132122726e-01,2.346584501886357921e-01,2.318050825652849256e-01
4.775000000000000000e+01,3.143725983652827516e-01,2.961304106606935660e-01,2.853999570926827323e-01,2.780499007724288041e-01,2.725555406177568307e-01,2.682267929643419313e-01,2.617437047238944658e-01,2.551416929961013436e-01,2.505928684827766206e-01,2.472317363398134349e-01,2.446297790936215744e-01,2.408354198713656136e-01,2.374583192862052272e-01,2.346584537566771822e-01,2.318050866949699640e-01
4.800000000000000000e+01,3.143611194629430394e-01,2.961315916304420037e-01,2.853994272209707805e-01,2.780499752112206568e-01,2.725555514746549890e-01,2.682267917544938207e-01,2.617437048751281026e-01,2.551416934128613589e-01,2.505928692367943023e-01,2.472317374677421298e-01,2.446297806011251963e-01,2.408354220287839409e-01,2.374583221779394682e-01,2.346584571689152576e-01,2.318050910735155179e-01
4.825000000000000000e+01,3.143506469003043424e-01,2.961325408077446486e-01,2.853989467847772854e-01,2.780500502337198698e-01,2.725555605229939560e-01,2.682267904724890961e-01,2.617437050297316548e-01,2.551416938230329223e-01,2.505928699747433930e-01,2.472317385593494343e-01,2.446297820354843555e-01,2.408354241191679734e-01,2.374583249315187494e-01,2.346584605644604637e-01,2.318050949072645861e-01
4.850000000000000000e+01,3.143411333620046433e-01,2.961332726463728471e-01,2.853985145395006584e-01,2.780501249804734898e-01,2.725555678941782856e-01,2.682267891490757172e-01,2.617437051899796918e-01,2.551416942323503356e-01,2.505928707136972355e-01,2.472317396623258667e-01,2.446297834940248384e-01,2.408354262091271236e-01,2.374583277272744042e-01,2.346584640581879655e-01,2.318050988859090555e-01
4.875000000000000000e+01,3.143325328251680983e-01,2.961338015539035640e-01,2.853981289866385773e-01,2.780501986997082065e-01,2.725555737197471462e-01,2.682267878142405304e-01,2.617437053531566638e-01,2.551416946382789597e-01,2.505928714429129234e-01,2.472317407417274904e-01,2.446297849300091698e-01,2.408354283269787122e-01,2.374583304562662145e-01,2.346584673009941557e-01,2.318051029559491660e-01
4.900000000000000000e+01,3.143248005680332469e-01,2.961341418163064843e-01,2.853977884134672460e-01,2.780502707384226446e-01,2.725555781370224140e-01,2.682267864894799514e-01,2.617437055211682684e-01,2.551416950471141476e-01,2.505928721806929271e-01,2.472317418348316254e-01,2.446297863645751913e-01,2.408354303379337535e-01,2.374583331926081176e-01,2.346584705868209331e-01,2.318051068259613656e-01
4.925000000000000000e+01,3.143178931713118684e-01,2.961343075298181748e-01,2.853974909266623894e-01,2.780503405406905548e-01,2.725555812789645649e-01,2.682267851977624407e-01,2.617437056881811719e-01,2.551416954462829567e-01,2.505928728932163008e-01,2.472317428896427527e-01,2.446297877667112930e-01,2.408354323838082234e-01,2.374583358508789432e-01,2.346584740084717846e-01,2.318051106612940560e-01
4.950000000000000000e+01,3.143117685137403750e-01,2.961343125392916220e-01,2.853972344872205413e-01,2.780504076386771106e-01,2.725555832817974089e-01,2.682267839538549636e-01,2.617437058580416864e-01,2.551416958479637564e-01,2.505928736152481240e-01,2.472317439545858586e-01,2.446297891669131086e-01,2.408354343903035266e-01,2.374583384904549732e-01,2.346584770915802753e-01,2.318051144332724245e-01
4.975000000000000000e+01,3.143063857628504154e-01,2.961341703835306816e-01,2.853970169399522860e-01,2.780504716508029328e-01,2.725555842741873569e-01,2.682267827724307274e-01,2.617437060273866689e-01,2.551416962440962721e-01,2.505928743236727207e-01,2.472317450091418567e-01,2.446297905726539379e-01,2.408354363978782997e-01,2.374583412070028210e-01,2.346584802728181041e-01,2.318051181674592454e-01
5.000000000000000000e+01,3.143017053619118761e-01,2.961338942467758306e-01,2.853968360440373719e-01,2.780505322718820338e-01,2.725555843837649816e-01,2.682267816613213562e-01,2.617437061993189151e-01,2.551416966453023405e-01,2.505928750393486282e-01,2.472317460568701497e-01,2.446297919363689677e-01,2.408354383530926790e-01,2.374583437176352452e-01,2.346584836245455552e-01,2.318051220428770653e-01
5.025000000000000000e+01,3.142976890141291335e-01,2.961334969167435105e-01,2.853966894977487678e-01,2.780505892701028436e-01,2.725555837282430116e-01,2.682267806305270175e-01,2.617437063674685760e-01,2.551416970339914769e-01,2.505928757339838109e-01,2.472317470886759572e-01,2.446297933093407595e-01,2.408354403024706158e-01,2.374583462901608266e-01,2.346584865570056910e-01,2.318051255263441079e-01
5.050000000000000000e+01,3.142942996644050302e-01,2.961329907479584578e-01,2.853965749641298455e-01,2.780506424778139696e-01,2.725555824239712099e-01,2.682267796834534312e-01,2.617437065371407412e-01,2.551416974282467165e-01,2.505928764344865778e-01,2.472317481163663899e-01,2.446297946541388102e-01,2.408354422844873610e-01,2.374583489040251738e-01,2.346584896384744934e-01,2.318051291302147543e-01
5.075000000000000000e+01,3.142915014795227280e-01,2.961323876312496606e-01,2.853964900916350356e-01,2.780506917889862817e-01,2.725555805759887207e-01,2.682267788243278273e-01,2.617437067043048571e-01,2.551416978150563009e-01,2.505928771281375478e-01,2.472317491479664453e-01,2.446297960178054620e-01,2.408354441578840210e-01,2.374583513569346327e-01,2.346584928789448854e-01,2.318051330509941499e-01
5.100000000000000000e+01,3.142892598272538640e-01,2.961316989680566891e-01,2.853964325355834442e-01,2.780507371497986102e-01,2.725555782852593367e-01,2.682267780520897760e-01,2.617437068731140459e-01,2.551416982072686745e-01,2.505928778197386575e-01,2.472317501525909123e-01,2.446297973273656723e-01,2.408354460679425213e-01,2.374583538645553549e-01,2.346584957125961990e-01,2.318051362546902361e-01
5.125000000000000000e+01,3.142875412546738412e-01,2.961309356502336287e-01,2.853963999745230962e-01,2.780507785555320077e-01,2.725555756410117381e-01,2.682267773685560464e-01,2.617437070366498419e-01,2.551416985875560317e-01,2.505928785000458014e-01,2.472317511621830721e-01,2.446297986511335731e-01,2.408354479475318388e-01,2.374583563347444637e-01,2.346584986988121124e-01,2.318051397346065079e-01
5.150000000000000000e+01,3.142863134660777158e-01,2.961301080438439870e-01,2.853963901271213133e-01,2.780508160421759078e-01,2.725555727291199548e-01,2.682267767704633044e-01,2.617437072014460742e-01,2.551416989725423523e-01,2.505928791799183486e-01,2.472317521543532237e-01,2.446297999644480858e-01,2.408354498196788596e-01,2.374583587775929705e-01,2.346585017842386933e-01,2.318051436187783532e-01
5.175000000000000000e+01,3.142855453006984101e-01,2.961292259779784719e-01,2.853964007649508194e-01,2.780508496841894717e-01,2.725555696236530157e-01,2.682267762560202051e-01,2.617437073627946198e-01,2.551416993524653898e-01,2.505928798592420570e-01,2.472317531605170982e-01,2.446298012625924279e-01,2.408354516523214528e-01,2.374583611861378063e-01,2.346585045727176688e-01,2.318051466365931568e-01
5.200000000000000000e+01,3.142852067105030289e-01,2.961282987369622810e-01,2.853964297258376748e-01,2.780508795863429472e-01,2.725555663940290585e-01,2.682267758195564511e-01,2.617437075257181833e-01,2.551416997345834492e-01,2.505928805278488380e-01,2.472317541274215713e-01,2.446298025460109105e-01,2.408354534743921138e-01,2.374583635577921237e-01,2.346585074679217453e-01,2.318051499985095132e-01
5.225000000000000000e+01,3.142852687382439170e-01,2.961273350569769147e-01,2.853964749229002118e-01,2.780509058812046241e-01,2.725555630982358646e-01,2.682267754587119302e-01,2.617437076826916176e-01,2.551417001081825453e-01,2.505928811942421675e-01,2.472317551069110331e-01,2.446298038187820212e-01,2.408354553331493730e-01,2.374583659880049047e-01,2.346585104068290850e-01,2.318051536304666094e-01
5.250000000000000000e+01,3.142857034956727524e-01,2.961263431252697531e-01,2.853965343541844946e-01,2.780509287221756276e-01,2.725555597912009409e-01,2.682267751672551825e-01,2.617437078413097917e-01,2.551417004842378988e-01,2.505928818543374792e-01,2.472317560738312436e-01,2.446298051060589729e-01,2.408354570819778995e-01,2.374583682657562533e-01,2.346585131508868716e-01,2.318051566892101456e-01
5.275000000000000000e+01,3.142864841421970645e-01,2.961253305832189930e-01,2.853966061088053507e-01,2.780509482820346934e-01,2.725555565170882377e-01,2.682267749408375757e-01,2.617437079961615898e-01,2.551417008574297096e-01,2.505928825197533683e-01,2.472317570397148390e-01,2.446298063419634072e-01,2.408354588688762510e-01,2.374583705808365752e-01,2.346585159590917347e-01,2.318051599387223327e-01
5.300000000000000000e+01,3.142875848639495873e-01,2.961243045314954081e-01,2.853966883737352744e-01,2.780509647464012302e-01,2.725555533163619981e-01,2.682267747722729134e-01,2.617437081527102527e-01,2.551417012298612952e-01,2.505928831663799539e-01,2.472317579864949100e-01,2.446298075953178275e-01,2.408354606331333247e-01,2.374583729556678513e-01,2.346585187594232291e-01,2.318051633260334587e-01
5.325000000000000000e+01,3.142889808533080864e-01,2.961232715385830883e-01,2.853967794371399247e-01,2.780509783121082878e-01,2.725555502196262969e-01,2.682267746578763101e-01,2.617437083035891732e-01,2.551417015969107416e-01,2.505928838192689745e-01,2.472317589329740550e-01,2.446298088244518998e-01,2.408354623824757179e-01,2.374583751510866980e-01,2.346585214597983748e-01,2.318051664286729097e-01
5.350000000000000000e+01,3.142906482887082853e-01,2.961222376506535414e-01,2.853968776922010120e-01,2.780509891818566115e-01,2.725555472557040226e-01,2.682267745909225343e-01,2.617437084561431981e-01,2.551417019643572592e-01,2.505928844603931838e-01,2.472317598798124405e-01,2.446298100616402238e-01,2.408354641036270227e-01,2.374583774112566659e-01,2.346585241847714831e-01,2.318051695710204863e-01
5.375000000000000000e+01,3.142925643150389914e-01,2.961212084040656944e-01,2.853969816383264413e-01,2.780509975637236453e-01,2.725555444445204589e-01,2.682267745667617498e-01,2.617437086056291218e-01,2.551417023309798249e-01,2.505928851096718146e-01,2.472317608073315298e-01,2.446298112634161248e-01,2.408354658100431145e-01,2.374583796583115136e-01,2.346585268539817248e-01,2.318051727206264234e-01
5.400000000000000000e+01,3.142947070242882446e-01,2.961201888392066550e-01,2.853970898830057723e-01,2.780510036662021678e-01,2.725555418039416478e-01,2.682267745785993918e-01,2.617437087564680187e-01,2.551417026940785981e-01,2.505928857379207675e-01,2.472317617346511398e-01,2.446298124697223741e-01,2.408354675566046765e-01,2.374583818491882159e-01,2.346585295114138048e-01,2.318051757857585160e-01
5.425000000000000000e+01,3.142970554364499791e-01,2.961191835162717556e-01,2.853972011409820486e-01,2.780510076975977185e-01,2.725555393438814367e-01,2.682267746230962424e-01,2.617437089026203867e-01,2.551417030547294962e-01,2.505928863731844980e-01,2.472317626495820209e-01,2.446298136754440633e-01,2.408354691922691138e-01,2.374583840421184977e-01,2.346585321350849462e-01,2.318051789102394955e-01
5.450000000000000000e+01,3.142995894809609281e-01,2.961181965317377651e-01,2.853973142340144875e-01,2.780510098621296056e-01,2.725555370741917227e-01,2.682267746944552167e-01,2.617437090502717778e-01,2.551417034138390161e-01,2.505928870006027820e-01,2.472317635770170385e-01,2.446298148548558260e-01,2.408354708671466282e-01,2.374583861830248388e-01,2.346585347017899892e-01,2.318051818285032650e-01
5.475000000000000000e+01,3.143022899781446333e-01,2.961172315365300234e-01,2.853974280886005799e-01,2.780510103603555105e-01,2.725555349977887287e-01,2.682267747888580911e-01,2.617437091955921447e-01,2.551417037740408289e-01,2.505928876290229868e-01,2.472317644679658810e-01,2.446298160340164007e-01,2.408354725262676910e-01,2.374583883668217321e-01,2.346585373170120836e-01,2.318051847954532840e-01
5.500000000000000000e+01,3.143051386209194664e-01,2.961162917543735396e-01,2.853975417345651078e-01,2.780510093856463083e-01,2.725555331171878315e-01,2.682267749008692692e-01,2.617437093419455185e-01,2.551417041281491271e-01,2.505928882449126038e-01,2.472317653717343577e-01,2.446298171954494616e-01,2.408354741639132934e-01,2.374583904430921377e-01,2.346585398193605787e-01,2.318051879703759421e-01
5.525000000000000000e+01,3.143081179566741268e-01,2.961153800016454452e-01,2.853976543015312450e-01,2.780510071243832426e-01,2.725555314289270781e-01,2.682267750282213425e-01,2.617437094845579404e-01,2.551417044825434188e-01,2.505928888623033535e-01,2.472317662612392164e-01,2.446298183758783829e-01,2.408354757833527648e-01,2.374583925359843306e-01,2.346585423134674997e-01,2.318051906630860526e-01
5.550000000000000000e+01,3.143112113691876597e-01,2.961144987069292966e-01,2.853977650160051671e-01,2.780510037534005829e-01,2.725555299309416202e-01,2.682267751666010391e-01,2.617437096284721543e-01,2.551417048335983817e-01,2.505928894773686300e-01,2.472317671544003725e-01,2.446298195030312539e-01,2.408354773844006147e-01,2.374583947036623954e-01,2.346585448872176571e-01,2.318051935362475113e-01
5.575000000000000000e+01,3.143144030606060957e-01,2.961136499315301096e-01,2.853978731972366956e-01,2.780509994409950947e-01,2.725555286160519786e-01,2.682267753134524590e-01,2.617437097707266958e-01,2.551417051875237152e-01,2.505928900858200303e-01,2.472317680259749628e-01,2.446298206478784709e-01,2.408354790216876706e-01,2.374583966769859833e-01,2.346585472745948420e-01,2.318051967646245493e-01
5.600000000000000000e+01,3.143176780334719367e-01,2.961128353897884979e-01,2.853979782536318344e-01,2.780509943446712873e-01,2.725555274780506743e-01,2.682267754648978708e-01,2.617437099136628587e-01,2.551417055329626704e-01,2.505928906896942587e-01,2.472317689003421248e-01,2.446298217790197904e-01,2.408354805611107041e-01,2.374583987231183302e-01,2.346585496990637176e-01,2.318051992370539216e-01
5.625000000000000000e+01,3.143210220726952997e-01,2.961120564699418756e-01,2.853980796779616025e-01,2.780509886118576746e-01,2.725555265063560606e-01,2.682267756199341324e-01,2.617437100536663119e-01,2.551417058812391891e-01,2.505928912899126337e-01,2.472317697721937158e-01,2.446298229057187468e-01,2.408354821338116736e-01,2.374584007764516114e-01,2.346585522320742967e-01,2.318052020205670916e-01
5.650000000000000000e+01,3.143244217273489793e-01,2.961113142543402299e-01,2.853981770430153442e-01,2.780509823783657297e-01,2.725555256929306225e-01,2.682267757757046955e-01,2.617437101947402978e-01,2.551417062245027734e-01,2.505928918929678506e-01,2.472317706310346863e-01,2.446298240124651913e-01,2.408354836968427393e-01,2.374584027495038607e-01,2.346585545104384329e-01,2.318052050845895162e-01
5.675000000000000000e+01,3.143278642925713129e-01,2.961106095401944138e-01,2.853982699965588732e-01,2.780509757698504392e-01,2.725555250260089934e-01,2.682267759308660793e-01,2.617437103346999527e-01,2.551417065722941802e-01,2.505928924822867776e-01,2.472317714854790904e-01,2.446298251157670023e-01,2.408354852326093920e-01,2.374584047501140938e-01,2.346585568680614187e-01,2.318052075623634467e-01
5.700000000000000000e+01,3.143313377912061446e-01,2.961099428593533811e-01,2.853983582568487831e-01,2.780509689004150853e-01,2.725555244958118850e-01,2.682267760829427083e-01,2.617437104749610888e-01,2.551417069093674383e-01,2.505928930744802385e-01,2.472317723316987126e-01,2.446298262265818035e-01,2.408354867590132842e-01,2.374584066958189410e-01,2.346585593610548692e-01,2.318052102601317055e-01
5.725000000000000000e+01,3.143348309553493092e-01,2.961093144985565973e-01,2.853984416074789032e-01,2.780509618736854982e-01,2.725555240893124398e-01,2.682267762319766047e-01,2.617437106129804070e-01,2.551417072509979955e-01,2.505928936581897637e-01,2.472317731864649704e-01,2.446298273020310332e-01,2.408354882638050753e-01,2.374584086661333249e-01,2.346585615360047561e-01,2.318052131261436055e-01
5.750000000000000000e+01,3.143383332078295567e-01,2.961087245184911843e-01,2.853985198925118039e-01,2.780509547819471350e-01,2.725555237967803301e-01,2.682267763763279134e-01,2.617437107517759931e-01,2.551417075873898543e-01,2.505928942495904699e-01,2.472317740125312413e-01,2.446298283891155945e-01,2.408354898005461153e-01,2.374584105669279299e-01,2.346585638294348131e-01,2.318052156503343786e-01
5.775000000000000000e+01,3.143418346434008748e-01,2.961081727729945046e-01,2.853985930114454339e-01,2.780509477078486058e-01,2.725555236057295438e-01,2.682267765155549877e-01,2.617437108899062781e-01,2.551417079270339450e-01,2.505928948205564666e-01,2.472317748488806755e-01,2.446298294527142758e-01,2.408354912525869640e-01,2.374584124667800666e-01,2.346585662502224945e-01,2.318052182660065852e-01
5.800000000000000000e+01,3.143453260099010049e-01,2.961076589272476633e-01,2.853986609145872655e-01,2.780509407235820518e-01,2.725555235062054882e-01,2.682267766482751004e-01,2.617437110279051682e-01,2.551417082581968199e-01,2.505928953991573560e-01,2.472317756696529867e-01,2.446298305301430887e-01,2.408354927318346606e-01,2.374584144321455481e-01,2.346585683599259342e-01,2.318052209387204132e-01
5.825000000000000000e+01,3.143487986892575248e-01,2.961071824757819382e-01,2.853987235982233805e-01,2.780509338920926776e-01,2.725555234857796050e-01,2.682267767752174459e-01,2.617437111642581526e-01,2.551417085923434747e-01,2.505928959692299562e-01,2.472317764978936849e-01,2.446298315704712734e-01,2.408354942068017812e-01,2.374584162343076899e-01,2.346585705916840736e-01,2.318052234940965739e-01
5.850000000000000000e+01,3.143522446782607838e-01,2.961067427595829860e-01,2.853987810999132346e-01,2.780509272667101017e-01,2.725555235356829087e-01,2.682267768956254073e-01,2.617437113010694372e-01,2.551417089230764157e-01,2.505928965426302280e-01,2.472317773026196930e-01,2.446298326198341755e-01,2.408354956494244137e-01,2.374584180941425315e-01,2.346585729046022362e-01,2.318052260487578065e-01
5.875000000000000000e+01,3.143556565693141347e-01,2.961063389826097403e-01,2.853988334940116833e-01,2.780509208927455234e-01,2.725555236449365704e-01,2.682267770095969062e-01,2.617437114375857354e-01,2.551417092546056087e-01,2.505928971026630814e-01,2.472317781126680547e-01,2.446298336642299676e-01,2.408354970904875991e-01,2.374584199782045213e-01,2.346585749903807305e-01,2.318052285324028461e-01
5.900000000000000000e+01,3.143590275311002880e-01,2.961059702276028771e-01,2.853988808874322047e-01,2.780509148072281000e-01,2.725555238053648521e-01,2.682267771164920100e-01,2.617437115735317121e-01,2.551417095802431256e-01,2.505928976656663920e-01,2.472317789178451464e-01,2.446298346938472201e-01,2.408354985071176901e-01,2.374584217617810578e-01,2.346585771628384720e-01,2.318052310121626047e-01
5.925000000000000000e+01,3.143623512889387461e-01,2.961056354712501282e-01,2.853989234155475119e-01,2.780509090399197469e-01,2.725555240067064067e-01,2.682267772174090625e-01,2.617437117083548093e-01,2.551417099071532912e-01,2.505928982250236192e-01,2.472317797152571717e-01,2.446298357163737835e-01,2.408354999518398931e-01,2.374584235825529244e-01,2.346585793732956504e-01,2.318052336182049034e-01
5.950000000000000000e+01,3.143656221054390021e-01,2.961053335985624479e-01,2.853989612380937180e-01,2.780509036132758904e-01,2.725555242424447799e-01,2.682267773121019272e-01,2.617437118432899279e-01,2.551417102323464969e-01,2.505928987809515895e-01,2.472317805048351580e-01,2.446298367288666786e-01,2.408355013236517794e-01,2.374584253695933289e-01,2.346585814350965193e-01,2.318052359167698251e-01
5.975000000000000000e+01,3.143688347607378475e-01,2.961050634164495987e-01,2.853989945355173141e-01,2.780508985439482661e-01,2.725555245041110242e-01,2.682267774009496897e-01,2.617437119782562438e-01,2.551417105560469523e-01,2.505928993305412411e-01,2.472317812896556166e-01,2.446298377555331249e-01,2.408355027172167651e-01,2.374584271538342506e-01,2.346585835505355655e-01,2.318052383239889158e-01
6.000000000000000000e+01,3.143719845330209539e-01,2.961048236665672073e-01,2.853990235054454927e-01,2.780508938426322074e-01,2.725555247860724783e-01,2.682267774837124863e-01,2.617437121122163646e-01,2.551417108762762953e-01,2.505928998785323936e-01,2.472317820797257093e-01,2.446298387394436891e-01,2.408355041112864581e-01,2.374584289008759286e-01,2.346585856636071166e-01,2.318052409838166628e-01
6.025000000000000000e+01,3.143750671787870488e-01,2.961046130375358798e-01,2.853990483595552075e-01,2.780508895150572424e-01,2.725555250807606411e-01,2.682267775616109518e-01,2.617437122455127385e-01,2.551417111961848394e-01,2.505929004274621286e-01,2.472317828476399137e-01,2.446298397386718615e-01,2.408355054685165364e-01,2.374584306320240978e-01,2.346585877014439048e-01,2.318052431008123804e-01
6.050000000000000000e+01,3.143780789133979181e-01,2.961044301762404407e-01,2.853990693201855500e-01,2.780508855619716613e-01,2.725555253842247283e-01,2.682267776346680677e-01,2.617437123785977260e-01,2.551417115159606008e-01,2.505929009666123530e-01,2.472317836225494947e-01,2.446298407219889004e-01,2.408355068311443248e-01,2.374584324147890613e-01,2.346585897619949679e-01,2.318052454384806615e-01
6.075000000000000000e+01,3.143810163915597422e-01,2.961042736984274559e-01,2.853990866177630870e-01,2.780508819804500820e-01,2.725555256906722068e-01,2.682267777032942835e-01,2.617437125120029018e-01,2.551417118320960520e-01,2.505929015060459064e-01,2.472317843831594031e-01,2.446298417086355259e-01,2.408355081668342168e-01,2.374584340727029508e-01,2.346585917824716705e-01,2.318052480603636778e-01
6.100000000000000000e+01,3.143838766878921387e-01,2.961041421985956545e-01,2.853991004879823379e-01,2.780508787639321411e-01,2.725555259969752453e-01,2.682267777674595122e-01,2.617437126439874917e-01,2.551417121470422877e-01,2.505929020395769591e-01,2.472317851532098987e-01,2.446298426717557206e-01,2.408355095271157709e-01,2.374584357694324854e-01,2.346585937963569790e-01,2.318052500931477578e-01
6.125000000000000000e+01,3.143866572777472834e-01,2.961040342591438890e-01,2.853991111697062322e-01,2.780508759028498256e-01,2.725555262981007587e-01,2.682267778283151660e-01,2.617437127757344939e-01,2.551417124601575437e-01,2.505929025783591446e-01,2.472317858982598371e-01,2.446298436366748374e-01,2.408355108250933574e-01,2.374584375047624762e-01,2.346585957874138262e-01,2.318052523640574403e-01
6.150000000000000000e+01,3.143893560180759938e-01,2.961039484588309234e-01,2.853991189024214781e-01,2.780508733847909530e-01,2.725555265924163306e-01,2.682267778859803720e-01,2.617437129069542512e-01,2.551417127746444802e-01,2.505929031013985897e-01,2.472317866506832107e-01,2.446298446039112673e-01,2.408355121399236853e-01,2.374584391225943170e-01,2.346585977364718245e-01,2.318052548229651566e-01
6.175000000000000000e+01,3.143919711285286800e-01,2.961038833804560122e-01,2.853991239245719513e-01,2.780508711954670642e-01,2.725555268764340844e-01,2.682267779407627173e-01,2.617437130387609279e-01,2.551417130834662261e-01,2.505929036304545554e-01,2.472317873963220114e-01,2.446298455477909917e-01,2.408355134595244196e-01,2.374584407856422941e-01,2.346585997264886148e-01,2.318052569019402598e-01
6.200000000000000000e+01,3.143945011728309646e-01,2.961038376179584986e-01,2.853991264715319831e-01,2.780508693188357139e-01,2.725555271490907594e-01,2.682267779927209883e-01,2.617437131687629370e-01,2.551417133932500914e-01,2.505929041505453592e-01,2.472317881385555915e-01,2.446298464953460539e-01,2.408355147382914008e-01,2.374584424330619115e-01,2.346586016311585088e-01,2.318052591087670922e-01
6.225000000000000000e+01,3.143969450403200083e-01,2.961038097828095350e-01,2.853991267744646065e-01,2.780508677374636251e-01,2.725555274073953593e-01,2.682267780428252424e-01,2.617437132989265391e-01,2.551417136997901625e-01,2.505929046757197076e-01,2.472317888701683064e-01,2.446298474273653767e-01,2.408355160286533847e-01,2.374584440542384378e-01,2.346586035318996011e-01,2.318052614078960350e-01
6.250000000000000000e+01,3.143993019278852330e-01,2.961037985097798586e-01,2.853991250584965722e-01,2.780508664327180357e-01,2.725555276514786684e-01,2.682267780912138688e-01,2.617437134282639688e-01,2.551417140091064018e-01,2.505929051870015578e-01,2.472317895998935033e-01,2.446298483736727425e-01,2.408355172898679342e-01,2.374584456658324905e-01,2.346586054981133762e-01,2.318052635349190371e-01
6.275000000000000000e+01,3.144015713220669195e-01,2.961038024621566733e-01,2.853991215418855698e-01,2.780508653854572021e-01,2.725555278795672720e-01,2.682267781380311966e-01,2.617437135584571029e-01,2.551417143108575258e-01,2.505929057023661977e-01,2.472317903321241128e-01,2.446298492820109249e-01,2.408355185725050696e-01,2.374584472487350773e-01,2.346586073205529366e-01,2.318052656801825318e-01
6.300000000000000000e+01,3.144037529816886556e-01,2.961038203362016952e-01,2.853991164347041143e-01,2.780508645761625708e-01,2.725555280920838319e-01,2.682267781833470033e-01,2.617437136864677605e-01,2.551417146155927074e-01,2.505929062130924367e-01,2.472317910477031533e-01,2.446298502025771593e-01,2.408355198023965360e-01,2.374584488711863894e-01,2.346586091746694080e-01,2.318052678224804541e-01
6.325000000000000000e+01,3.144058469206363338e-01,2.961038508652843460e-01,2.853991099384772800e-01,2.780508639850802766e-01,2.725555282874550511e-01,2.682267782279338930e-01,2.617437138150315867e-01,2.551417149157521602e-01,2.505929067228978013e-01,2.472317917662718856e-01,2.446298511149974098e-01,2.408355210447099826e-01,2.374584504018607545e-01,2.346586111171964639e-01,2.318052699219126378e-01
6.350000000000000000e+01,3.144078533912168516e-01,2.961038928233322154e-01,2.853991022449442472e-01,2.780508635924087701e-01,2.725555284669730627e-01,2.682267782719089944e-01,2.617437139424956261e-01,2.551417152194915827e-01,2.505929072250552281e-01,2.472317924741912754e-01,2.446298520212295824e-01,2.408355222955844976e-01,2.374584519550476114e-01,2.346586128613310784e-01,2.318052720855844073e-01
6.375000000000000000e+01,3.144097728677356374e-01,2.961039450278268315e-01,2.853990935359788095e-01,2.780508633787046602e-01,2.725555286299767843e-01,2.682267783152224583e-01,2.617437140710459631e-01,2.551417155149369731e-01,2.505929077272148198e-01,2.472317931918772693e-01,2.446298529154116996e-01,2.408355235021225338e-01,2.374584535589911449e-01,2.346586146704823239e-01,2.318052740736926132e-01
6.400000000000000000e+01,3.144116060307431959e-01,2.961040063422708535e-01,2.853990839827172388e-01,2.780508633250957651e-01,2.725555287777683411e-01,2.682267783579478926e-01,2.617437141970866410e-01,2.551417158136791707e-01,2.505929082288318455e-01,2.472317938834225348e-01,2.446298538052906202e-01,2.408355247256060705e-01,2.374584550310912534e-01,2.346586165894589404e-01,2.318052761160019348e-01
6.425000000000000000e+01,3.144133537514601229e-01,2.961040756782205574e-01,2.853990737459204952e-01,2.780508634131550472e-01,2.725555289096354694e-01,2.682267784006700517e-01,2.617437143240395891e-01,2.551417161087056185e-01,2.505929087238397135e-01,2.472317945840402653e-01,2.446298547036095394e-01,2.408355259183075636e-01,2.374584565551237092e-01,2.346586182589741609e-01,2.318052783318728105e-01
6.450000000000000000e+01,3.144150170768207908e-01,2.961041519971029379e-01,2.853990629750987607e-01,2.780508636251108889e-01,2.725555290274877529e-01,2.682267784434684277e-01,2.617437144496506662e-01,2.551417164055805875e-01,2.505929092171071959e-01,2.472317952762880244e-01,2.446298555714104817e-01,2.408355271293874666e-01,2.374584580790313482e-01,2.346586200247097465e-01,2.318052801681589892e-01
6.475000000000000000e+01,3.144165972150023136e-01,2.961042343111666142e-01,2.853990518090252504e-01,2.780508639440186225e-01,2.725555291312562467e-01,2.682267784861395721e-01,2.617437145765739159e-01,2.551417166963327321e-01,2.505929097065293099e-01,2.472317959688031530e-01,2.446298564505721973e-01,2.408355282963456356e-01,2.374584595565809586e-01,2.346586218945653224e-01,2.318052821555172671e-01
6.500000000000000000e+01,3.144180955213078388e-01,2.961043216845636872e-01,2.853990403752097449e-01,2.780508643540425817e-01,2.725555292226516935e-01,2.682267785287728579e-01,2.617437147006759224e-01,2.551417169889487746e-01,2.505929101992760977e-01,2.472317966483797147e-01,2.446298573123315834e-01,2.408355294717466621e-01,2.374584610482582681e-01,2.346586235186982616e-01,2.318052844256426881e-01
6.525000000000000000e+01,3.144195134846796691e-01,2.961044132337732893e-01,2.853990287907083867e-01,2.780508648400658589e-01,2.725555293013761649e-01,2.682267785717568076e-01,2.617437148260320368e-01,2.551417172792695975e-01,2.505929106800462991e-01,2.472317973284940684e-01,2.446298581831172214e-01,2.408355306590935774e-01,2.374584625002696681e-01,2.346586252425217900e-01,2.318052861121933927e-01
6.550000000000000000e+01,3.144208527146574172e-01,2.961045081278715352e-01,2.853990171615639615e-01,2.780508653880218173e-01,2.725555293695192671e-01,2.682267786151799061e-01,2.617437149498097471e-01,2.551417175695139261e-01,2.505929111646582053e-01,2.472317980087969658e-01,2.446298590279557816e-01,2.408355317989800126e-01,2.374584639812793996e-01,2.346586270337385205e-01,2.318052880466785204e-01
6.575000000000000000e+01,3.144221149288024542e-01,2.961046055883685968e-01,2.853990055836720385e-01,2.780508659847739650e-01,2.725555294272452578e-01,2.682267786587043679e-01,2.617437150751257269e-01,2.551417178556651399e-01,2.505929116417842106e-01,2.472317986771321585e-01,2.446298598784313050e-01,2.408355329572612336e-01,2.374584653991463068e-01,2.346586286454465931e-01,2.318052901815624289e-01
6.600000000000000000e+01,3.144233019407298158e-01,2.961047048889567379e-01,2.853989941424651122e-01,2.780508666185430577e-01,2.725555294763259417e-01,2.682267787024341099e-01,2.617437151973285303e-01,2.551417181423373814e-01,2.505929121244792057e-01,2.472317993450909579e-01,2.446298607273471315e-01,2.408355340900006636e-01,2.374584668253946207e-01,2.346586303287875597e-01,2.318052919118474831e-01
6.625000000000000000e+01,3.144244156486224462e-01,2.961048053547707948e-01,2.853989829140864409e-01,2.780508672782929791e-01,2.725555295165553726e-01,2.682267787466335873e-01,2.617437153211070178e-01,2.551417184280620476e-01,2.505929125929434176e-01,2.472318000054726794e-01,2.446298615620354222e-01,2.408355352350087519e-01,2.374584683080559755e-01,2.346586320450201879e-01,2.318052937954193649e-01
6.650000000000000000e+01,3.144254580241529484e-01,2.961049063617818278e-01,2.853989719648813983e-01,2.780508679541172090e-01,2.725555295499594854e-01,2.682267787913770185e-01,2.617437154430926616e-01,2.551417187118806829e-01,2.505929130663551163e-01,2.472318006741851260e-01,2.446298623944199724e-01,2.408355363437096608e-01,2.374584696560850805e-01,2.346586336439956955e-01,2.318052957964510663e-01
6.675000000000000000e+01,3.144264311021053304e-01,2.961050073356014667e-01,2.853989613526050628e-01,2.780508686369862481e-01,2.725555295766733943e-01,2.682267788362503458e-01,2.617437155666921811e-01,2.551417189935328289e-01,2.505929135343852865e-01,2.472318013192968400e-01,2.446298632173265486e-01,2.408355374572251628e-01,2.374584710570061263e-01,2.346586352881959714e-01,2.318052975728618625e-01
6.700000000000000000e+01,3.144273369703936005e-01,2.961051077504238682e-01,2.853989511261553758e-01,2.780508693192186298e-01,2.725555295983397852e-01,2.682267788813747500e-01,2.617437156871690318e-01,2.551417192744332985e-01,2.505929140034687808e-01,2.472318019731641059e-01,2.446298640538439040e-01,2.408355385857255671e-01,2.374584724711603090e-01,2.346586369328974575e-01,2.318052994074071560e-01
6.725000000000000000e+01,3.144281777605876793e-01,2.961052071275254161e-01,2.853989413268399056e-01,2.780508699937035977e-01,2.725555296146479622e-01,2.682267789269275893e-01,2.617437158091812099e-01,2.551417195556660578e-01,2.505929144639198469e-01,2.472318026173614958e-01,2.446298648538400844e-01,2.408355396640044777e-01,2.374584738216213853e-01,2.346586385188270119e-01,2.318053012765800003e-01
6.750000000000000000e+01,3.144289556389768259e-01,2.961053050340994308e-01,2.853989319881166109e-01,2.780508706544861375e-01,2.725555296274192463e-01,2.682267789730091723e-01,2.617437159296350235e-01,2.551417198332558423e-01,2.505929149256566624e-01,2.472318032648999353e-01,2.446298656674437133e-01,2.408355407619482969e-01,2.374584751976562269e-01,2.346586401252136467e-01,2.318053030739315179e-01
6.775000000000000000e+01,3.144296727981966688e-01,2.961054010813264914e-01,2.853989231366835799e-01,2.780508712961701767e-01,2.725555296366476421e-01,2.682267790191145695e-01,2.617437160513317318e-01,2.551417201105195542e-01,2.505929153856838454e-01,2.472318038976121513e-01,2.446298664705791048e-01,2.408355418390979441e-01,2.374584765425485910e-01,2.346586417016279791e-01,2.318053048880442113e-01
6.800000000000000000e+01,3.144303314491198598e-01,2.961054949229384170e-01,2.853989147923801095e-01,2.780508719146660424e-01,2.725555296437294217e-01,2.682267790654386252e-01,2.617437161703424775e-01,2.551417203858117322e-01,2.505929158416467240e-01,2.472318045328957548e-01,2.446298672740077340e-01,2.408355429229752653e-01,2.374584778982041788e-01,2.346586432742855943e-01,2.318053066271502649e-01
6.825000000000000000e+01,3.144309338135575782e-01,2.961055862532878113e-01,2.853989069694582437e-01,2.780508725062017517e-01,2.725555296482013445e-01,2.682267791120588329e-01,2.617437162905968395e-01,2.551417206626488410e-01,2.505929162942886479e-01,2.472318051664232630e-01,2.446298680617702836e-01,2.408355439776175555e-01,2.374584792156225754e-01,2.346586448309111173e-01,2.318053083788067237e-01
6.850000000000000000e+01,3.144314821171614871e-01,2.961056748057135923e-01,2.853988996763083263e-01,2.780508730680031348e-01,2.725555296516059545e-01,2.682267791591299577e-01,2.617437164095783864e-01,2.551417209342068393e-01,2.505929167447438211e-01,2.472318057919676293e-01,2.446298688495409102e-01,2.408355450338268700e-01,2.374584805291262701e-01,2.346586463553221036e-01,2.318053102425313150e-01
6.875000000000000000e+01,3.144319785828828540e-01,2.961057603504212987e-01,2.853988929165995891e-01,2.780508735975933399e-01,2.725555296537536254e-01,2.682267792060763489e-01,2.617437165294245749e-01,2.551417212071656060e-01,2.505929171969697444e-01,2.472318064142879079e-01,2.446298696413621576e-01,2.408355461077004434e-01,2.374584818882423676e-01,2.346586479144779636e-01,2.318053118531374912e-01
6.900000000000000000e+01,3.144324254249747375e-01,2.961058426928170340e-01,2.853988866890305176e-01,2.780508740936520340e-01,2.725555296557852225e-01,2.682267792531736750e-01,2.617437166469990806e-01,2.551417214770178576e-01,2.505929176402876823e-01,2.472318070316625871e-01,2.446298704121312728e-01,2.408355471289290450e-01,2.374584831416192143e-01,2.346586494069970441e-01,2.318053135607154314e-01
6.925000000000000000e+01,3.144328248432322059e-01,2.961059216713578524e-01,2.853988809887716416e-01,2.780508745549178928e-01,2.725555296570717490e-01,2.682267793004183276e-01,2.617437167655383146e-01,2.551417217495473566e-01,2.505929180853107563e-01,2.472318076548300214e-01,2.446298711889061950e-01,2.408355481709256452e-01,2.374584844330440703e-01,2.346586508978631969e-01,2.318053154758119849e-01
6.950000000000000000e+01,3.144331790178651609e-01,2.961059971558245851e-01,2.853988758069224141e-01,2.780508749809175173e-01,2.725555296588868526e-01,2.682267793480194173e-01,2.617437168830675787e-01,2.551417220152658594e-01,2.505929185248682023e-01,2.472318082592079025e-01,2.446298719518140152e-01,2.408355491964508377e-01,2.374584857492400003e-01,2.346586524433355025e-01,2.318053169592850515e-01
6.975000000000000000e+01,3.144334901045829911e-01,2.961060690451464694e-01,2.853988711317596572e-01,2.780508753712600534e-01,2.725555296608838662e-01,2.682267793953513335e-01,2.617437170011151504e-01,2.551417222838595622e-01,2.505929189694948711e-01,2.472318088707476935e-01,2.446298727257116834e-01,2.408355502236586010e-01,2.374584869867661652e-01,2.346586538746288919e-01,2.318053186243518859e-01
7.000000000000000000e+01,3.144337602303389767e-01,2.961061372656745294e-01,2.853988669483646934e-01,2.780508757264897879e-01,2.725555296639701752e-01,2.682267794427680152e-01,2.617437171172695698e-01,2.551417225485805296e-01,2.505929194006060179e-01,2.472318094715508507e-01,2.446298734720336598e-01,2.408355512281001587e-01,2.374584882564464983e-01,2.346586553330013980e-01,2.318053204970898784e-01
7.025000000000000000e+01,3.144339914891761678e-01,2.961062017690574422e-01,2.853988632399375724e-01,2.780508760470074558e-01,2.725555296673642935e-01,2.682267794901933011e-01,2.617437172341295915e-01,2.551417228158694983e-01,2.505929198368780919e-01,2.472318100782973094e-01,2.446298742268460114e-01,2.408355522311018126e-01,2.374584895090015024e-01,2.346586568646423232e-01,2.318053219501638451e-01
7.050000000000000000e+01,3.144341859386618476e-01,2.961062625306234430e-01,2.853988599872805954e-01,2.780508763338422340e-01,2.725555296721554610e-01,2.682267795379058017e-01,2.617437173502433767e-01,2.551417230769502664e-01,2.505929202672120826e-01,2.472318106686528516e-01,2.446298749771476932e-01,2.408355532542186261e-01,2.374584907531135658e-01,2.346586582374177998e-01,2.318053235741905638e-01
7.075000000000000000e+01,3.144343455965954992e-01,2.961063195472519727e-01,2.853988571698733434e-01,2.780508765878316746e-01,2.725555296778310876e-01,2.682267795852292247e-01,2.617437174665255273e-01,2.551417233403078244e-01,2.505929207001755810e-01,2.472318112632999887e-01,2.446298757202558516e-01,2.408355542225130985e-01,2.374584919806927430e-01,2.346586596643160105e-01,2.318053253334725894e-01
7.100000000000000000e+01,3.144344724379403710e-01,2.961063728357880009e-01,2.853988547655009200e-01,2.780508768106441098e-01,2.725555296851477349e-01,2.682267796325789599e-01,2.617437175812905581e-01,2.551417236010023459e-01,2.505929211237770682e-01,2.472318118545413224e-01,2.446298764565328909e-01,2.408355552125564236e-01,2.374584931936275789e-01,2.346586611819843626e-01,2.318053268301215053e-01
7.125000000000000000e+01,3.144345683923520096e-01,2.961064224310541171e-01,2.853988527513565687e-01,2.780508770035792221e-01,2.725555296932080651e-01,2.682267796798442072e-01,2.617437176965132783e-01,2.551417238626158546e-01,2.505929215496720541e-01,2.472318124412019036e-01,2.446298771880043577e-01,2.408355561900629438e-01,2.374584944426599842e-01,2.346586624988210579e-01,2.318053284145371595e-01
7.150000000000000000e+01,3.144346353418384088e-01,2.961064683844438217e-01,2.853988511035686626e-01,2.780508771684591096e-01,2.725555297029553237e-01,2.682267797273426013e-01,2.617437178112251295e-01,2.551417241197693198e-01,2.505929219729479129e-01,2.472318130222379284e-01,2.446298779283044567e-01,2.408355571646563775e-01,2.374584956113158785e-01,2.346586638952269377e-01,2.318053300617191892e-01
7.175000000000000000e+01,3.144346751185838063e-01,2.961065107619639258e-01,2.853988497980882721e-01,2.780508773066942552e-01,2.725555297137922106e-01,2.682267797743599913e-01,2.617437179257983138e-01,2.551417243780251254e-01,2.505929223942197082e-01,2.472318136005897671e-01,2.446298786417497040e-01,2.408355581223574626e-01,2.374584968049534006e-01,2.346586653782486709e-01,2.318053316033643063e-01
7.200000000000000000e+01,3.144346895034791922e-01,2.961065496428691435e-01,2.853988488102788268e-01,2.780508774204534239e-01,2.725555297263362320e-01,2.682267798213969212e-01,2.617437180391904983e-01,2.551417246347915113e-01,2.505929228109258222e-01,2.472318141825355642e-01,2.446298793655966586e-01,2.408355590759169718e-01,2.374584980333669659e-01,2.346586666621682249e-01,2.318053331495140423e-01
7.225000000000000000e+01,3.144346802246443806e-01,2.961065851179865427e-01,2.853988481158665214e-01,2.780508775113732511e-01,2.725555297396674015e-01,2.682267798682676507e-01,2.617437181528067813e-01,2.551417248908980362e-01,2.505929232267848361e-01,2.472318147498578644e-01,2.446298800772804816e-01,2.408355600517547157e-01,2.374584991701452763e-01,2.346586680289902693e-01,2.318053346857726627e-01
7.250000000000000000e+01,3.144346489557988122e-01,2.961066172884016523e-01,2.853988476904789073e-01,2.780508775815121458e-01,2.725555297545992905e-01,2.682267799153431609e-01,2.617437182661446204e-01,2.551417251441928657e-01,2.505929236431712614e-01,2.472318153218342196e-01,2.446298807941866549e-01,2.408355609708629497e-01,2.374585003447309828e-01,2.346586694525769623e-01,2.318053362025128683e-01
7.275000000000000000e+01,3.144345973158875207e-01,2.961066462639175279e-01,2.853988475103144129e-01,2.780508776323944997e-01,2.725555297705170021e-01,2.682267799618840987e-01,2.617437183790395916e-01,2.551417253975080124e-01,2.505929240531549751e-01,2.472318158844496183e-01,2.446298814927758136e-01,2.408355619125752134e-01,2.374585015144564382e-01,2.346586707306306252e-01,2.318053377830905926e-01
7.300000000000000000e+01,3.144345268679645811e-01,2.961066721619519115e-01,2.853988475517901802e-01,2.780508776662449222e-01,2.725555297879480587e-01,2.682267800084447984e-01,2.617437184910862413e-01,2.551417256504187603e-01,2.505929244631335262e-01,2.472318164540730501e-01,2.446298821946764068e-01,2.408355628453288932e-01,2.374585026589143832e-01,2.346586720687670324e-01,2.318053392094586718e-01
7.325000000000000000e+01,3.144344391188184096e-01,2.961066951059698749e-01,2.853988477922613232e-01,2.780508776846233321e-01,2.725555298059703646e-01,2.682267800547881720e-01,2.617437186031369989e-01,2.551417259011800609e-01,2.505929248692729261e-01,2.472318170060361642e-01,2.446298828972034989e-01,2.408355637710068442e-01,2.374585038058625031e-01,2.346586734354793313e-01,2.318053406903690106e-01
7.350000000000000000e+01,3.144343355185936773e-01,2.961067152246792955e-01,2.853988482096189161e-01,2.780508776894923262e-01,2.725555298253233283e-01,2.682267801013480946e-01,2.617437187151114286e-01,2.551417261507009093e-01,2.505929252789518835e-01,2.472318175637349680e-01,2.446298835860918064e-01,2.408355646851294274e-01,2.374585049287646354e-01,2.346586747072348100e-01,2.318053423190621631e-01
7.375000000000000000e+01,3.144342174606390428e-01,2.961067326506268693e-01,2.853988487827697762e-01,2.780508776821944417e-01,2.725555298453815056e-01,2.682267801473320890e-01,2.617437188263702086e-01,2.551417263992015183e-01,2.505929256780238257e-01,2.472318181166273110e-01,2.446298842757838043e-01,2.408355655926537886e-01,2.374585060793029667e-01,2.346586760175533304e-01,2.318053436364072017e-01
7.400000000000000000e+01,3.144340862815694915e-01,2.961067475194100185e-01,2.853988494913180518e-01,2.780508776647215297e-01,2.725555298666451631e-01,2.682267801933531648e-01,2.617437189370953599e-01,2.551417266483416713e-01,2.505929260812830295e-01,2.472318186678725827e-01,2.446298849565134992e-01,2.408355665235979992e-01,2.374585071718209872e-01,2.346586773298506845e-01,2.318053450826841055e-01
7.425000000000000000e+01,3.144339432614665086e-01,2.961067599684719109e-01,2.853988503161122847e-01,2.780508776383281422e-01,2.725555298882214594e-01,2.682267802391305467e-01,2.617437190476054609e-01,2.551417268939198402e-01,2.505929264781686649e-01,2.472318192114535407e-01,2.446298856485817630e-01,2.408355673977293498e-01,2.374585082778164769e-01,2.346586785949197340e-01,2.318053467403284884e-01
7.450000000000000000e+01,3.144337896241889974e-01,2.961067701364750171e-01,2.853988512388567766e-01,2.780508776046921593e-01,2.725555299107782492e-01,2.682267802851414085e-01,2.617437191582561717e-01,2.551417271397491970e-01,2.505929268789501840e-01,2.472318197542756335e-01,2.446298863120431044e-01,2.408355682944187670e-01,2.374585094272826935e-01,2.346586798782457350e-01,2.318053479700921959e-01
7.475000000000000000e+01,3.144336265378656070e-01,2.961067781622748751e-01,2.853988522424955043e-01,2.780508775647931308e-01,2.725555299337469317e-01,2.682267803305442011e-01,2.617437192679129554e-01,2.551417273835591137e-01,2.505929272698349530e-01,2.472318202988141311e-01,2.446298869861037451e-01,2.408355691853952818e-01,2.374585104738300145e-01,2.346586811384528404e-01,2.318053493828861888e-01
7.500000000000000000e+01,3.144334551155391622e-01,2.961067841842878745e-01,2.853988533108611225e-01,2.780508775202816807e-01,2.725555299575893597e-01,2.682267803760312597e-01,2.617437193773195503e-01,2.551417276290139369e-01,2.505929276638205194e-01,2.472318208323230904e-01,2.446298876534179212e-01,2.408355700655250009e-01,2.374585115630887255e-01,2.346586823964944279e-01,2.318053509433777859e-01
7.525000000000000000e+01,3.144332764157999893e-01,2.961067883397462963e-01,2.853988544291214957e-01,2.780508774719989695e-01,2.725555299814472199e-01,2.682267804212494777e-01,2.617437194863289074e-01,2.551417278695574109e-01,2.505929280544541560e-01,2.472318213677511811e-01,2.446298883189948759e-01,2.408355709389623511e-01,2.374585126582462458e-01,2.346586836429580825e-01,2.318053522138949774e-01
7.550000000000000000e+01,3.144330914436951896e-01,2.961067907641146690e-01,2.853988555834380825e-01,2.780508774212884782e-01,2.725555300059787078e-01,2.682267804667101130e-01,2.617437195956694995e-01,2.551417281117664415e-01,2.505929284447726557e-01,2.472318218961937486e-01,2.446298889742930249e-01,2.408355718035481430e-01,2.374585137133465307e-01,2.346586848639276579e-01,2.318053535942399823e-01
7.575000000000000000e+01,3.144329011516188710e-01,2.961067915905063463e-01,2.853988567611732696e-01,2.780508773686907187e-01,2.725555300306592432e-01,2.682267805115623460e-01,2.617437197037525420e-01,2.551417283510313827e-01,2.505929288295329904e-01,2.472318224319590418e-01,2.446298896284112012e-01,2.408355726892068005e-01,2.374585147860493184e-01,2.346586861146163216e-01,2.318053550585496558e-01
7.600000000000000000e+01,3.144327064403273364e-01,2.961067909492191008e-01,2.853988579506624990e-01,2.780508773154880542e-01,2.725555300559175387e-01,2.682267805565243801e-01,2.617437198118806596e-01,2.551417285928972989e-01,2.505929292145508414e-01,2.472318229489970931e-01,2.446298902876028469e-01,2.408355735247813545e-01,2.374585158296549647e-01,2.346586873119265171e-01,2.318053563711328369e-01
7.625000000000000000e+01,3.144325081599765315e-01,2.961067889672091558e-01,2.853988591414613474e-01,2.780508772621266278e-01,2.725555300809557324e-01,2.682267806012160749e-01,2.617437199194189712e-01,2.551417288285168228e-01,2.505929295990843020e-01,2.472318234730145337e-01,2.446298909275948230e-01,2.408355743794576842e-01,2.374585168917676403e-01,2.346586885088361440e-01,2.318053577201482640e-01
7.650000000000000000e+01,3.144323071113234724e-01,2.961067857678136295e-01,2.853988603241045530e-01,2.780508772095766079e-01,2.725555301064169766e-01,2.682267806461748338e-01,2.617437200274667086e-01,2.551417290667032378e-01,2.505929299792850062e-01,2.472318239910402671e-01,2.446298915750033665e-01,2.408355752313970921e-01,2.374585179156487591e-01,2.346586897518713466e-01,2.318053590889189997e-01
7.675000000000000000e+01,3.144321040469607587e-01,2.961067814703474133e-01,2.853988614902202015e-01,2.780508771580000316e-01,2.725555301318093315e-01,2.682267806905160867e-01,2.617437201340210851e-01,2.551417293020083465e-01,2.505929303580760048e-01,2.472318245099254241e-01,2.446298922098558426e-01,2.408355760690182312e-01,2.374585189427906584e-01,2.346586909021089185e-01,2.318053604133565315e-01
7.700000000000000000e+01,3.144318996725014026e-01,2.961067761898001915e-01,2.853988626322884747e-01,2.780508771083399777e-01,2.725555301575794953e-01,2.682267807349949518e-01,2.617437202408829933e-01,2.551417295389513673e-01,2.505929307343989221e-01,2.472318250194165679e-01,2.446298928532899819e-01,2.408355769044183414e-01,2.374585200105179539e-01,2.346586920756234818e-01,2.318053617635052743e-01
7.725000000000000000e+01,3.144316946479493446e-01,2.961067700366529221e-01,2.853988637438327758e-01,2.780508770606866520e-01,2.725555301829467036e-01,2.682267807791906544e-01,2.617437203469799023e-01,2.551417297712148535e-01,2.505929311129728720e-01,2.472318255298101286e-01,2.446298934764687960e-01,2.408355777289239441e-01,2.374585209864955859e-01,2.346586933107523421e-01,2.318053630374269924e-01
7.750000000000000000e+01,3.144314895890171213e-01,2.961067631166364178e-01,2.853988648192836153e-01,2.780508770157276710e-01,2.725555302085732601e-01,2.682267808236909468e-01,2.617437204537549911e-01,2.551417300050058956e-01,2.505929314833817423e-01,2.472318260402992518e-01,2.446298941054909082e-01,2.408355785723204634e-01,2.374585219988900875e-01,2.346586944158543520e-01,2.318053643323943203e-01
7.775000000000000000e+01,3.144312850685117566e-01,2.961067555305884058e-01,2.853988658538951229e-01,2.780508769732837893e-01,2.725555302339908725e-01,2.682267808675522502e-01,2.617437205588085680e-01,2.551417302369216600e-01,2.505929318563450692e-01,2.472318265428885831e-01,2.446298947324732631e-01,2.408355793717918414e-01,2.374585230266940961e-01,2.346586955666417340e-01,2.318053657273357604e-01
7.800000000000000000e+01,3.144310816176745238e-01,2.961067473743752010e-01,2.853988668436767129e-01,2.780508769340208075e-01,2.725555302596427976e-01,2.682267809115845836e-01,2.617437206644266934e-01,2.551417304691044330e-01,2.505929322242338997e-01,2.472318270450229449e-01,2.446298953516626296e-01,2.408355801872058000e-01,2.374585240014056020e-01,2.346586967936097334e-01,2.318053669069295442e-01
7.825000000000000000e+01,3.144308797277531320e-01,2.961067387387281702e-01,2.853988677854440992e-01,2.780508768977996703e-01,2.725555302848033379e-01,2.682267809553354754e-01,2.617437207691081791e-01,2.551417306980353628e-01,2.505929325962268361e-01,2.472318275422427658e-01,2.446298959675950457e-01,2.408355810026115151e-01,2.374585249992082758e-01,2.346586978554849323e-01,2.318053681733435178e-01
7.850000000000000000e+01,3.144306798512664369e-01,2.961067297092717099e-01,2.853988686767313099e-01,2.780508768650290508e-01,2.725555303101102056e-01,2.682267809994022811e-01,2.617437208746328237e-01,2.551417309275538225e-01,2.505929329579325571e-01,2.472318280453950079e-01,2.446298965784320933e-01,2.408355818005509519e-01,2.374585259791248681e-01,2.346586989841481230e-01,2.318053696145179754e-01
7.875000000000000000e+01,3.144304824035458745e-01,2.961067203664696779e-01,2.853988695156944866e-01,2.780508768353240900e-01,2.725555303351399616e-01,2.682267810428187738e-01,2.617437209782235152e-01,2.551417311561467449e-01,2.505929333233870016e-01,2.472318285322421538e-01,2.446298971981910875e-01,2.408355826003212852e-01,2.374585269615862304e-01,2.346587001860002408e-01,2.318053707001404007e-01
7.900000000000000000e+01,3.144302877641108052e-01,2.961067107856765745e-01,2.853988703010497119e-01,2.780508768091583538e-01,2.725555303603208745e-01,2.682267810864477631e-01,2.617437210826151217e-01,2.551417313837109346e-01,2.505929336849161415e-01,2.472318290254650608e-01,2.446298977939582731e-01,2.408355833873306318e-01,2.374585279233630275e-01,2.346587012231688973e-01,2.318053719388844247e-01
7.925000000000000000e+01,3.144300962782295428e-01,2.961067010370970753e-01,2.853988710320888855e-01,2.780508767861981645e-01,2.725555303849779287e-01,2.682267811297823767e-01,2.617437211859099389e-01,2.551417316093852472e-01,2.505929340475012146e-01,2.472318295116895936e-01,2.446298983992781506e-01,2.408355841912206696e-01,2.374585288793470972e-01,2.346587023303248198e-01,2.318053733338870659e-01
7.950000000000000000e+01,3.144299082581944460e-01,2.961066911859309703e-01,2.853988717086626825e-01,2.780508767667058678e-01,2.725555304097281306e-01,2.682267811734319052e-01,2.617437212902009591e-01,2.551417318347395935e-01,2.505929344037649553e-01,2.472318300009443970e-01,2.446298989961227521e-01,2.408355849568941387e-01,2.374585298682332646e-01,2.346587034858955700e-01,2.318053744197196564e-01
7.975000000000000000e+01,3.144297239848819481e-01,2.961066812924530445e-01,2.853988723309775488e-01,2.780508767501430611e-01,2.725555304341688578e-01,2.682267812164390586e-01,2.617437213923581862e-01,2.551417320600726235e-01,2.505929347611658975e-01,2.472318304793265920e-01,2.446298995955192290e-01,2.408355857355767571e-01,2.374585307854489014e-01,2.346587045210254685e-01,2.318053756316519332e-01
8.000000000000000000e+01,3.144295437091372269e-01,2.961066714120204613e-01,2.853988728996864621e-01,2.780508767368909395e-01,2.725555304587386485e-01,2.682267812596750844e-01,2.617437214955458114e-01,2.551417322831436851e-01,2.505929351172625497e-01,2.472318309600509134e-01,2.446299001819962626e-01,2.408355865167368104e-01,2.374585317284400587e-01,2.346587056072561850e-01,2.318053769433031097e-01
8.025000000000000000e+01,3.144293676531236259e-01,2.961066615953039105e-01,2.853988734157558715e-01,2.780508767264349146e-01,2.725555304827841918e-01,2.682267813026001368e-01,2.617437215974728337e-01,2.551417325056202778e-01,2.505929354707434609e-01,2.472318314394641448e-01,2.446299007701386585e-01,2.408355872775423678e-01,2.374585326951935971e-01,2.346587067184526809e-01,2.318053780682158560e-01
8.050000000000000000e+01,3.144291960117973073e-01,2.961066518883377907e-01,2.853988738805585679e-01,2.780508767190282837e-01,2.725555305069133905e-01,2.682267813458712458e-01,2.617437217004825456e-01,2.551417327269206448e-01,2.505929358216772984e-01,2.472318319137038478e-01,2.446299013603434602e-01,2.408355880439202179e-01,2.374585335973469213e-01,2.346587077510928487e-01,2.318053792541436009e-01
8.075000000000000000e+01,3.144290289541775141e-01,2.961066423327330943e-01,2.853988742956409252e-01,2.780508767140278392e-01,2.725555305307319487e-01,2.682267813884769980e-01,2.617437218013125566e-01,2.551417329490703878e-01,2.505929361712729841e-01,2.472318323854331423e-01,2.446299019375061390e-01,2.408355887958281150e-01,2.374585345274173587e-01,2.346587088169564128e-01,2.318053804829308950e-01
8.100000000000000000e+01,3.144288666247869735e-01,2.961066329658016416e-01,2.853988746628257078e-01,2.780508767117290114e-01,2.725555305546858431e-01,2.682267814313420984e-01,2.617437219031716333e-01,2.551417331677650058e-01,2.505929365220641580e-01,2.472318328540611676e-01,2.446299025175269481e-01,2.408355895627280474e-01,2.374585354495592493e-01,2.346587098855682785e-01,2.318053816480764306e-01
8.125000000000000000e+01,3.144287091448705884e-01,2.961066238206994661e-01,2.853988749840612460e-01,2.780508767116511848e-01,2.725555305781321991e-01,2.682267814738771294e-01,2.617437220039092183e-01,2.551417333871185411e-01,2.505929368667191293e-01,2.472318333268310464e-01,2.446299030890471959e-01,2.408355902966883844e-01,2.374585363600731913e-01,2.346587109153450146e-01,2.318053828088130208e-01
8.150000000000000000e+01,3.144285566137332011e-01,2.961066149266519121e-01,2.853988752615782554e-01,2.780508767139147630e-01,2.725555306016704260e-01,2.682267815167743708e-01,2.617437221054969010e-01,2.551417336044616846e-01,2.505929372124649501e-01,2.472318337865496152e-01,2.446299036695852580e-01,2.408355910409374079e-01,2.374585372654798021e-01,2.346587119613751660e-01,2.318053839550831829e-01
8.175000000000000000e+01,3.144284091100268408e-01,2.961066063090834755e-01,2.853988754976281572e-01,2.780508767179198926e-01,2.725555306249377030e-01,2.682267815589908233e-01,2.617437222051811063e-01,2.551417338234825416e-01,2.505929375544713733e-01,2.472318342515639200e-01,2.446299042284685032e-01,2.408355917899755727e-01,2.374585381570539777e-01,2.346587129891346546e-01,2.318053850957955131e-01
8.200000000000000000e+01,3.144282666928819858e-01,2.961065979898570566e-01,2.853988756945976535e-01,2.780508767239199264e-01,2.725555306483468665e-01,2.682267816014888284e-01,2.617437223056999773e-01,2.551417340379291687e-01,2.505929379000833568e-01,2.472318347087032464e-01,2.446299047951362160e-01,2.408355925160086120e-01,2.374585390746191405e-01,2.346587140156427276e-01,2.318053862979895519e-01
8.225000000000000000e+01,3.144281294032184593e-01,2.961065899874262275e-01,2.853988758548909876e-01,2.780508767314322505e-01,2.725555306712813541e-01,2.682267816436485486e-01,2.617437224053033584e-01,2.551417342542174338e-01,2.505929382361888891e-01,2.472318351707580852e-01,2.446299053576618532e-01,2.408355932510356512e-01,2.374585399384803175e-01,2.346587150336225114e-01,2.318053873620143090e-01
8.250000000000000000e+01,3.144279972648303390e-01,2.961065823170044853e-01,2.853988759810660580e-01,2.780508767405993065e-01,2.725555306943296952e-01,2.682267816861765297e-01,2.617437225054942695e-01,2.551417344677051613e-01,2.505929385760365946e-01,2.472318356206952839e-01,2.446299059170715107e-01,2.408355939700163595e-01,2.374585408185594937e-01,2.346587160309111797e-01,2.318053884789532115e-01
8.275000000000000000e+01,3.144278702855304308e-01,2.961065749908084466e-01,2.853988760755526433e-01,2.780508767508297341e-01,2.725555307171345087e-01,2.682267817280081235e-01,2.617437226040562059e-01,2.551417346832456912e-01,2.505929389115042483e-01,2.472318360742008780e-01,2.446299064700141745e-01,2.408355947022745025e-01,2.374585417297985224e-01,2.346587170538139144e-01,2.318053897239729100e-01
8.300000000000000000e+01,3.144277484582603810e-01,2.961065680182263238e-01,2.853988761408952080e-01,2.780508767623554589e-01,2.725555307400920890e-01,2.682267817701493584e-01,2.617437227032710645e-01,2.551417348939817864e-01,2.505929392491512697e-01,2.472318365251755523e-01,2.446299070209484450e-01,2.408355954064408111e-01,2.374585425663068849e-01,2.346587180330754197e-01,2.318053907059070828e-01
8.325000000000000000e+01,3.144276317621823025e-01,2.961065614059802398e-01,2.853988761794788442e-01,2.780508767747600363e-01,2.725555307626401635e-01,2.682267818119384306e-01,2.617437228017496786e-01,2.551417351065584649e-01,2.505929395798701664e-01,2.472318369733600696e-01,2.446299075775636989e-01,2.408355961184120986e-01,2.374585434349568147e-01,2.346587190126388223e-01,2.318053917997583424e-01
8.350000000000000000e+01,3.144275201636057004e-01,2.961065551583612065e-01,2.853988761938502927e-01,2.780508767881713639e-01,2.725555307852994824e-01,2.682267818540973736e-01,2.617437229005677990e-01,2.551417353170019608e-01,2.505929399124635082e-01,2.472318374172640665e-01,2.446299081165132505e-01,2.408355968372452027e-01,2.374585443045351685e-01,2.346587200316050115e-01,2.318053930554520026e-01
8.375000000000000000e+01,3.144274136170535083e-01,2.961065492773767849e-01,2.853988761862827350e-01,2.780508768020766852e-01,2.725555308077519667e-01,2.682267818955544336e-01,2.617437229980324465e-01,2.551417355283981392e-01,2.505929402430744912e-01,2.472318378596246036e-01,2.446299086628546671e-01,2.408355975306546992e-01,2.374585451498414657e-01,2.346587209736985535e-01,2.318053939888308768e-01
8.400000000000000000e+01,3.144273120662148258e-01,2.961065437629618047e-01,2.853988761591775281e-01,2.780508768166951028e-01,2.725555308303780344e-01,2.682267819373362339e-01,2.617437230959642758e-01,2.551417357362526506e-01,2.505929405725034198e-01,2.472318383045905288e-01,2.446299091993948405e-01,2.408355982355163127e-01,2.374585460039483897e-01,2.346587219359723975e-01,2.318053950602813884e-01
8.425000000000000000e+01,3.144272154448199963e-01,2.961065386131044308e-01,2.853988761146118436e-01,2.780508768316750645e-01,2.725555308526160792e-01,2.682267819787442775e-01,2.617437231933311681e-01,2.551417359451083611e-01,2.505929408984619577e-01,2.472318387393520889e-01,2.446299097418729862e-01,2.408355989242930151e-01,2.374585468370378760e-01,2.346587229506995331e-01,2.318053962432675696e-01
8.450000000000000000e+01,3.144271236775131317e-01,2.961065338240783662e-01,2.853988760548812897e-01,2.780508768471519065e-01,2.725555308749879613e-01,2.682267820205487263e-01,2.617437232908159106e-01,2.551417361526627237e-01,2.505929412240091025e-01,2.472318391773762059e-01,2.446299102693968996e-01,2.408355996240401364e-01,2.374585476899199465e-01,2.346587238571090084e-01,2.318053972128361895e-01
8.475000000000000000e+01,3.144270366807842554e-01,2.961065293905796869e-01,2.853988759819103826e-01,2.780508768626812066e-01,2.725555308971893687e-01,2.682267820616303089e-01,2.617437233871888758e-01,2.551417363600318455e-01,2.505929415498797108e-01,2.472318396089431269e-01,2.446299108008343492e-01,2.408356003001913825e-01,2.374585485051597666e-01,2.346587248025126804e-01,2.318053982625412901e-01
8.500000000000000000e+01,3.144269543636504793e-01,2.961065253058908775e-01,2.853988758977330509e-01,2.780508768784908935e-01,2.725555309195559217e-01,2.682267821030525634e-01,2.617437234838627669e-01,2.551417365650524571e-01,2.505929418713241930e-01,2.472318400459613819e-01,2.446299113319382601e-01,2.408356009818278520e-01,2.374585493280825521e-01,2.346587258127238451e-01,2.318053993730686269e-01
8.525000000000000000e+01,3.144268766284976646e-01,2.961065215620211633e-01,2.853988758040315599e-01,2.780508768942905884e-01,2.725555309415800265e-01,2.682267821441004507e-01,2.617437235801479134e-01,2.551417367702857875e-01,2.505929421926338940e-01,2.472318404697996241e-01,2.446299118549410123e-01,2.408356016722593140e-01,2.374585501873862081e-01,2.346587266848513265e-01,2.318054003799135954e-01
8.550000000000000000e+01,3.144268033717882993e-01,2.961065181498570009e-01,2.853988757026666434e-01,2.780508769102233435e-01,2.725555309637400225e-01,2.682267821855396361e-01,2.617437236763138220e-01,2.551417369750167419e-01,2.505929425113390674e-01,2.472318408982897286e-01,2.446299123771649153e-01,2.408356023350543551e-01,2.374585509656463311e-01,2.346587276138065448e-01,2.318054014084867109e-01
8.575000000000000000e+01,3.144267344848468149e-01,2.961065150593775175e-01,2.853988755951516465e-01,2.780508769259125712e-01,2.725555309857443653e-01,2.682267822262520141e-01,2.617437237716113696e-01,2.551417371784577837e-01,2.505929428325736064e-01,2.472318413231852086e-01,2.446299128941576695e-01,2.408356030101433121e-01,2.374585517784208455e-01,2.346587286054045429e-01,2.318054024467254559e-01
8.600000000000000000e+01,3.144266698543113359e-01,2.961065122796103788e-01,2.853988754830688590e-01,2.780508769415999115e-01,2.725555310079308957e-01,2.682267822673225499e-01,2.617437238670589084e-01,2.551417373807040589e-01,2.505929431462762258e-01,2.472318417473812202e-01,2.446299134199845515e-01,2.408356036719107585e-01,2.374585526000461411e-01,2.346587294584450145e-01,2.318054034582191780e-01
8.625000000000000000e+01,3.144266093630811998e-01,2.961065097989960537e-01,2.853988753676311996e-01,2.780508769570405603e-01,2.725555310297980149e-01,2.682267823080002334e-01,2.617437239622680267e-01,2.551417375823979428e-01,2.505929434630428942e-01,2.472318421657344889e-01,2.446299139241062126e-01,2.408356043411066238e-01,2.374585533861005848e-01,2.346587303713512374e-01,2.318054045000052521e-01
8.650000000000000000e+01,3.144265528905687002e-01,2.961065076052990519e-01,2.853988752502644721e-01,2.780508769724045481e-01,2.725555310517885355e-01,2.682267823490812053e-01,2.617437240571525159e-01,2.551417377843494538e-01,2.505929437750973876e-01,2.472318425839439282e-01,2.446299144370480128e-01,2.408356049908716989e-01,2.374585541887851425e-01,2.346587313260345697e-01,2.318054054660417806e-01
8.675000000000000000e+01,3.144265003135786607e-01,2.961065056858864231e-01,2.853988751320053474e-01,2.780508769873465957e-01,2.725555310736493264e-01,2.682267823894224357e-01,2.617437241513962398e-01,2.551417379839806543e-01,2.505929440902537886e-01,2.472318430033717818e-01,2.446299149441751863e-01,2.408356056439979187e-01,2.374585549732439738e-01,2.346587321793313086e-01,2.318054064575507667e-01
8.700000000000000000e+01,3.144264515066393373e-01,2.961065040276649185e-01,2.853988750140000752e-01,2.780508770021246634e-01,2.725555310956873645e-01,2.682267824301426407e-01,2.617437242456340241e-01,2.551417381835051623e-01,2.505929443979872939e-01,2.472318434151363209e-01,2.446299154519400443e-01,2.408356063076710629e-01,2.374585557672801994e-01,2.346587330765909640e-01,2.318054075389304469e-01
8.725000000000000000e+01,3.144264063425503686e-01,2.961065026173680947e-01,2.853988748970056610e-01,2.780508770165425192e-01,2.725555311174261974e-01,2.682267824704618331e-01,2.617437243397849889e-01,2.551417383817464191e-01,2.505929447082164696e-01,2.472318438281494168e-01,2.446299159506962473e-01,2.408356069416800194e-01,2.374585565381379104e-01,2.346587339958031426e-01,2.318054084327488273e-01
8.750000000000000000e+01,3.144263646928614486e-01,2.961065014414510088e-01,2.853988747820227490e-01,2.780508770307710265e-01,2.725555311392940938e-01,2.682267825111868675e-01,2.617437244334114843e-01,2.551417385809829907e-01,2.505929450159000149e-01,2.472318442363805324e-01,2.446299164499319001e-01,2.408356075887743419e-01,2.374585573089817991e-01,2.346587348489201641e-01,2.318054094048259128e-01
8.775000000000000000e+01,3.144263264283865822e-01,2.961065004863755457e-01,2.853988746696904943e-01,2.780508770445231370e-01,2.725555311610327047e-01,2.682267825511717163e-01,2.617437245266214796e-01,2.551417387768967204e-01,2.505929453236004356e-01,2.472318446503293798e-01,2.446299169521908845e-01,2.408356082250810160e-01,2.374585581098946629e-01,2.346587357309093957e-01,2.318054105270575538e-01
8.800000000000000000e+01,3.144262914194753122e-01,2.961064997385046693e-01,2.853988745607216604e-01,2.780508770580405464e-01,2.725555311829471750e-01,2.682267825915381487e-01,2.617437246196719913e-01,2.551417389737484775e-01,2.505929456270718503e-01,2.472318450501887754e-01,2.446299174419679923e-01,2.408356088655446980e-01,2.374585588460381147e-01,2.346587366160113874e-01,2.318054113485508161e-01
8.825000000000000000e+01,3.144262595365579505e-01,2.961064991843607719e-01,2.853988744555187584e-01,2.780508770711747624e-01,2.725555312045677692e-01,2.682267826314972958e-01,2.617437247127821220e-01,2.551417391686250369e-01,2.505929459309223506e-01,2.472318454556214906e-01,2.446299179359863463e-01,2.408356094904504918e-01,2.374585596078728211e-01,2.346587374685743244e-01,2.318054123017432300e-01
8.850000000000000000e+01,3.144262306503461391e-01,2.961064988104686879e-01,2.853988743546977958e-01,2.780508770840798283e-01,2.725555312263218677e-01,2.682267826718710557e-01,2.617437248051729948e-01,2.551417393652009591e-01,2.505929462343542968e-01,2.472318458565360422e-01,2.446299184219198619e-01,2.408356101167179741e-01,2.374585603856513571e-01,2.346587383356512901e-01,2.318054133751603907e-01
8.875000000000000000e+01,3.144262046322904847e-01,2.961064986036485158e-01,2.853988742585042426e-01,2.780508770965312570e-01,2.725555312479459591e-01,2.682267827114965253e-01,2.617437248973550346e-01,2.551417395574819835e-01,2.505929465348131213e-01,2.472318462585939014e-01,2.446299189151061870e-01,2.408356107551683500e-01,2.374585611177208455e-01,2.346587391879694784e-01,2.318054142150963726e-01
8.900000000000000000e+01,3.144261813548893669e-01,2.961064985509025416e-01,2.853988741673760821e-01,2.780508771087403241e-01,2.725555312697476862e-01,2.682267827515105174e-01,2.617437249892427542e-01,2.551417397515534091e-01,2.505929468341125954e-01,2.472318466534646486e-01,2.446299193917852721e-01,2.408356113620946648e-01,2.374585618705625512e-01,2.346587400395988565e-01,2.318054151499136795e-01
8.925000000000000000e+01,3.144261606917861385e-01,2.961064986395336995e-01,2.853988740813798164e-01,2.780508771206007257e-01,2.725555312912636419e-01,2.682267827911261615e-01,2.617437250813276495e-01,2.551417399433086874e-01,2.505929471317612234e-01,2.472318470493870546e-01,2.446299198741495873e-01,2.408356119827997910e-01,2.374585626134385619e-01,2.346587408848393175e-01,2.318054161595718143e-01
8.950000000000000000e+01,3.144261425183293435e-01,2.961064988571606160e-01,2.853988740008399083e-01,2.780508771322584560e-01,2.725555313128959489e-01,2.682267828311462599e-01,2.617437251725147074e-01,2.551417401365289050e-01,2.505929474310339966e-01,2.472318474453382986e-01,2.446299203542376399e-01,2.408356125951021109e-01,2.374585633538195129e-01,2.346587417129182285e-01,2.318054170339738651e-01
8.975000000000000000e+01,3.144261267115158187e-01,2.961064991917908840e-01,2.853988739257653506e-01,2.780508771435128423e-01,2.725555313344037445e-01,2.682267828704187895e-01,2.617437252636933276e-01,2.551417403260227701e-01,2.505929477244622228e-01,2.472318478358384586e-01,2.446299208302649131e-01,2.408356132085217871e-01,2.374585640840205514e-01,2.346587425632576385e-01,2.318054179509352331e-01
9.000000000000000000e+01,3.144261131504528239e-01,2.961064996318243381e-01,2.853988738562976968e-01,2.780508771545661117e-01,2.725555313560868997e-01,2.682267829100945522e-01,2.617437253544332987e-01,2.551417405168309727e-01,2.505929480196776304e-01,2.472318482258524242e-01,2.446299213025649177e-01,2.408356138099613797e-01,2.374585648072902455e-01,2.346587433773155151e-01,2.318054188968509954e-01
9.025000000000000000e+01,3.144261017163561545e-01,2.961065001660805884e-01,2.853988737923151553e-01,2.780508771653282807e-01,2.725555313774793431e-01,2.682267829493514277e-01,2.617437254455060591e-01,2.551417407060730391e-01,2.505929483112970813e-01,2.472318486125339443e-01,2.446299217722974206e-01,2.408356144109191077e-01,2.374585655549122098e-01,2.346587441920413297e-01,2.318054197991255005e-01
9.050000000000000000e+01,3.144260922928840407e-01,2.961065007838093455e-01,2.853988737339110404e-01,2.780508771759345188e-01,2.725555313989998507e-01,2.682267829890384592e-01,2.617437255355097303e-01,2.551417408957672439e-01,2.505929486061013733e-01,2.472318490036392591e-01,2.446299222480350366e-01,2.408356150255587802e-01,2.374585662524876795e-01,2.346587450407778830e-01,2.318054207063200423e-01
9.075000000000000000e+01,3.144260847661592972e-01,2.961065014747600310e-01,2.853988736809111582e-01,2.780508771862219008e-01,2.725555314203937374e-01,2.682267830279608800e-01,2.617437256256936462e-01,2.551417410827860333e-01,2.505929488930934701e-01,2.472318493829430419e-01,2.446299227073943650e-01,2.408356156069575982e-01,2.374585669677458932e-01,2.346587458248520774e-01,2.318054215884648994e-01
9.100000000000000000e+01,3.144260790250583137e-01,2.961065022291607396e-01,2.853988736333142318e-01,2.780508771963520753e-01,2.725555314419405017e-01,2.682267830673021880e-01,2.617437257153157892e-01,2.551417412704140575e-01,2.505929491830773959e-01,2.472318497670890070e-01,2.446299231737316671e-01,2.408356162028058300e-01,2.374585677053140109e-01,2.346587466265066257e-01,2.318054224737848834e-01
9.125000000000000000e+01,3.144260749610981454e-01,2.961065030377032503e-01,2.853988735908169483e-01,2.780508772062660894e-01,2.725555314632288617e-01,2.682267831062124519e-01,2.617437258053993965e-01,2.551417414571890974e-01,2.505929494700725457e-01,2.472318501459323525e-01,2.446299236329203541e-01,2.408356167924310398e-01,2.374585683880968412e-01,2.346587474733386747e-01,2.318054234175817574e-01
9.150000000000000000e+01,3.144260724688722752e-01,2.961065038915974834e-01,2.853988735533989352e-01,2.780508772160879549e-01,2.725555314846058730e-01,2.682267831455406037e-01,2.617437258942386102e-01,2.551417416434383911e-01,2.505929497580849930e-01,2.472318505274985756e-01,2.446299240957773291e-01,2.408356173803461175e-01,2.374585690953398553e-01,2.346587482285624748e-01,2.318054242358292272e-01
9.175000000000000000e+01,3.144260714458510519e-01,2.961065047825413021e-01,2.853988735207838023e-01,2.780508772256711225e-01,2.725555315058830197e-01,2.682267831841298467e-01,2.617437259834442531e-01,2.551417418280247373e-01,2.505929500412548139e-01,2.472318509007215281e-01,2.446299245476151185e-01,2.408356179596203850e-01,2.374585698000383771e-01,2.346587490174275592e-01,2.318054251046615111e-01
9.200000000000000000e+01,3.144260717925957405e-01,2.961065057027916225e-01,2.853988734928292748e-01,2.780508772351406033e-01,2.725555315272865653e-01,2.682267832231340909e-01,2.617437260719657210e-01,2.551417420125596802e-01,2.505929503254523683e-01,2.472318512760584563e-01,2.446299250019339511e-01,2.408356185367077629e-01,2.374585704913757811e-01,2.346587498620709700e-01,2.318054260861648896e-01
9.225000000000000000e+01,3.144260734127798385e-01,2.961065066450238037e-01,2.853988734691930707e-01,2.780508772444744148e-01,2.725555315484413654e-01,2.682267832617128978e-01,2.617437261610740529e-01,2.551417421969006116e-01,2.505929506086088665e-01,2.472318516503602126e-01,2.446299254571120685e-01,2.408356191288412718e-01,2.374585711842703006e-01,2.346587505895456061e-01,2.318054268403272611e-01
9.250000000000000000e+01,3.144260762132766729e-01,2.961065076024593234e-01,2.853988734497642232e-01,2.780508772537752527e-01,2.725555315696944758e-01,2.682267833007039859e-01,2.617437262487691263e-01,2.551417423797977535e-01,2.505929508900332503e-01,2.472318520211937709e-01,2.446299259040563556e-01,2.408356196861858312e-01,2.374585718639775633e-01,2.346587513659194046e-01,2.318054276930922863e-01
9.275000000000000000e+01,3.144260801041456332e-01,2.961065085688179832e-01,2.853988734342194356e-01,2.780508772628962899e-01,2.725555315908286258e-01,2.682267833389560541e-01,2.617437263370139822e-01,2.551417425620087776e-01,2.505929511694428569e-01,2.472318523899850740e-01,2.446299263519794986e-01,2.408356202585572037e-01,2.374585725628325927e-01,2.346587521964973722e-01,2.318054286724110513e-01
9.300000000000000000e+01,3.144260849986930118e-01,2.961065095382924839e-01,2.853988734223843471e-01,2.780508772719598731e-01,2.725555316121040517e-01,2.682267833776161847e-01,2.617437264244565354e-01,2.551417427435023200e-01,2.505929514480095266e-01,2.472318527567558821e-01,2.446299267946191458e-01,2.408356208267451726e-01,2.374585732249951120e-01,2.346587529088602353e-01,2.318054294032917961e-01
9.325000000000000000e+01,3.144260908135137478e-01,2.961065105055270541e-01,2.853988734138956374e-01,2.780508772809465179e-01,2.725555316331273459e-01,2.682267834158747477e-01,2.617437265125985846e-01,2.551417429254749236e-01,2.505929517274235740e-01,2.472318531266315955e-01,2.446299272448531348e-01,2.408356213905979426e-01,2.374585738975671378e-01,2.346587536730208867e-01,2.318054302404272127e-01
9.350000000000000000e+01,3.144260974684028320e-01,2.961065114656709074e-01,2.853988734085861623e-01,2.780508772899293324e-01,2.725555316542337403e-01,2.682267834545131735e-01,2.617437265991748863e-01,2.551417431050945206e-01,2.505929520024406942e-01,2.472318534870377449e-01,2.446299276773830633e-01,2.408356219489152239e-01,2.374585745981815932e-01,2.346587544735694586e-01,2.318054311633044873e-01
9.375000000000000000e+01,3.144261048864033237e-01,2.961065124142748251e-01,2.853988734061500554e-01,2.780508772988054544e-01,2.725555316752285018e-01,2.682267834924573213e-01,2.617437266864803824e-01,2.551417432849680256e-01,2.505929522781728536e-01,2.472318538514990671e-01,2.446299281170148943e-01,2.408356225034458675e-01,2.374585752358412405e-01,2.346587551875417010e-01,2.318054319260412499e-01
9.400000000000000000e+01,3.144261129938747401e-01,2.961065133473489430e-01,2.853988734064131783e-01,2.780508773076563189e-01,2.725555316963587660e-01,2.682267835307722836e-01,2.617437267728506267e-01,2.551417434635039894e-01,2.505929525512523015e-01,2.472318542099462835e-01,2.446299285527926692e-01,2.408356230730387126e-01,2.374585759012688146e-01,2.346587559397475264e-01,2.318054327479586452e-01
9.425000000000000000e+01,3.144261217203140335e-01,2.961065142613342194e-01,2.853988734090177615e-01,2.780508773164752090e-01,2.725555317172487779e-01,2.682267835687252022e-01,2.617437268600060207e-01,2.551417436431400732e-01,2.505929528270078865e-01,2.472318545725505079e-01,2.446299289878187400e-01,2.408356236089378710e-01,2.374585765708764618e-01,2.346587567113687101e-01,2.318054336143298144e-01
9.450000000000000000e+01,3.144261309984309749e-01,2.961065151530257733e-01,2.853988734138033223e-01,2.780508773253181909e-01,2.725555317382071241e-01,2.682267836070027500e-01,2.617437269455329396e-01,2.551417438195698328e-01,2.505929530957869966e-01,2.472318549257790377e-01,2.446299294167370575e-01,2.408356241591269042e-01,2.374585772172633780e-01,2.346587574265817377e-01,2.318054344098615660e-01
9.475000000000000000e+01,3.144261407641467110e-01,2.961065160196553192e-01,2.853988734204979116e-01,2.780508773341060502e-01,2.725555317590627746e-01,2.682267836446327602e-01,2.617437270318004883e-01,2.551417439971541690e-01,2.505929533674103316e-01,2.472318552820612081e-01,2.446299298452544180e-01,2.408356247070219114e-01,2.374585778755290977e-01,2.346587581670939171e-01,2.318054352169381938e-01
9.500000000000000000e+01,3.144261509563793244e-01,2.961065168587962981e-01,2.853988734289341633e-01,2.780508773428793656e-01,2.725555317800486543e-01,2.682267836826177643e-01,2.617437271172314839e-01,2.551417441727963920e-01,2.505929536356633069e-01,2.472318556363612418e-01,2.446299302774387618e-01,2.408356252481648196e-01,2.374585785155721718e-01,2.346587589108687089e-01,2.318054360266764979e-01
9.525000000000000000e+01,3.144261615172051494e-01,2.961065176683616573e-01,2.853988734388092641e-01,2.780508773516570664e-01,2.725555318007983341e-01,2.682267837202527705e-01,2.617437272032779871e-01,2.551417443500464399e-01,2.505929539057886180e-01,2.472318559889557232e-01,2.446299306976690568e-01,2.408356257866496042e-01,2.374585791697211012e-01,2.346587596269478215e-01,2.318054368213853800e-01
9.550000000000000000e+01,3.144261723917027851e-01,2.961065184466090683e-01,2.853988734499859903e-01,2.780508773604756234e-01,2.725555318216096867e-01,2.682267837581960856e-01,2.617437272879017396e-01,2.551417445234562820e-01,2.505929541705413377e-01,2.472318563381379064e-01,2.446299311230739626e-01,2.408356263198646319e-01,2.374585797992599390e-01,2.346587603560062463e-01,2.318054376486235468e-01
9.575000000000000000e+01,3.144261835278279738e-01,2.961065191921238293e-01,2.853988734622394663e-01,2.780508773692542679e-01,2.725555318423280582e-01,2.682267837955292222e-01,2.617437273731337832e-01,2.551417446984199366e-01,2.505929544368971640e-01,2.472318566864557809e-01,2.446299315407862718e-01,2.408356268667621869e-01,2.374585804326477256e-01,2.346587610729782281e-01,2.318054384014963110e-01
9.600000000000000000e+01,3.144261948765715298e-01,2.961065199037329898e-01,2.853988734754285828e-01,2.780508773780532850e-01,2.725555318631588397e-01,2.682267838331749421e-01,2.617437274576568940e-01,2.551417448716042369e-01,2.505929547016891301e-01,2.472318570367220969e-01,2.446299319643664427e-01,2.408356273837378159e-01,2.374585810936282182e-01,2.346587617895604383e-01,2.318054391821206539e-01
9.625000000000000000e+01,3.144262063916004601e-01,2.961065205805631928e-01,2.853988734893113666e-01,2.780508773868649586e-01,2.725555318837704633e-01,2.682267838705052476e-01,2.617437275426204857e-01,2.551417450457464930e-01,2.505929549658011402e-01,2.472318573795878882e-01,2.446299323753204635e-01,2.408356279129503230e-01,2.374585816954837558e-01,2.346587625012833134e-01,2.318054400441947605e-01
9.650000000000000000e+01,3.144262180294058462e-01,2.961065212220360121e-01,2.853988735037853997e-01,2.780508773957283686e-01,2.725555319044378755e-01,2.682267839081197702e-01,2.617437276263506196e-01,2.551417452169792988e-01,2.505929552271728422e-01,2.472318577248114324e-01,2.446299327903804222e-01,2.408356284416488247e-01,2.374585823224843184e-01,2.346587631985607991e-01,2.318054407399773864e-01
9.675000000000000000e+01,3.144262297492236846e-01,2.961065218277347255e-01,2.853988735186708259e-01,2.780508774045779563e-01,2.725555319250091424e-01,2.682267839451363822e-01,2.617437277105566507e-01,2.551417453891391407e-01,2.505929554883933319e-01,2.472318580653962150e-01,2.446299332045107910e-01,2.408356289612955670e-01,2.374585829597519182e-01,2.346587639153332461e-01,2.318054415068301344e-01
9.700000000000000000e+01,3.144262415127872523e-01,2.961065223975232197e-01,2.853988735338776062e-01,2.780508774134224370e-01,2.725555319457040881e-01,2.682267839824538647e-01,2.617437277941996876e-01,2.551417455601583395e-01,2.505929557497996729e-01,2.472318584103874173e-01,2.446299336139431402e-01,2.408356294809921860e-01,2.374585835648715948e-01,2.346587646014904327e-01,2.318054424046876449e-01
9.725000000000000000e+01,3.144262532845046310e-01,2.961065229314608915e-01,2.853988735492065665e-01,2.780508774223106050e-01,2.725555319661605580e-01,2.682267840194824671e-01,2.617437278780879173e-01,2.551417457312636361e-01,2.505929560080570329e-01,2.472318587451154126e-01,2.446299340216628593e-01,2.408356299940438427e-01,2.374585841854627288e-01,2.346587652884983832e-01,2.318054430431813195e-01
9.750000000000000000e+01,3.144262650310714613e-01,2.961065234297551862e-01,2.853988735646021957e-01,2.780508774312298592e-01,2.725555319866923010e-01,2.682267840567656436e-01,2.617437279609525769e-01,2.551417459003634258e-01,2.505929562661040610e-01,2.472318590837268848e-01,2.446299344264057929e-01,2.408356305194686575e-01,2.374585847947609518e-01,2.346587660051432656e-01,2.318054437966358683e-01
9.775000000000000000e+01,3.144262767217325116e-01,2.961065238927774734e-01,2.853988735799374288e-01,2.780508774401633798e-01,2.725555320071195720e-01,2.682267840934853265e-01,2.617437280441550773e-01,2.551417460697820161e-01,2.505929565223218303e-01,2.472318594195244967e-01,2.446299348373190130e-01,2.408356310185182647e-01,2.374585854078100078e-01,2.346587666666697380e-01,2.318054446442573135e-01
9.800000000000000000e+01,3.144262883279377863e-01,2.961065243211069009e-01,2.853988735951481504e-01,2.780508774490701995e-01,2.725555320276634719e-01,2.682267841304856737e-01,2.617437281269193172e-01,2.551417462386715851e-01,2.505929567804291991e-01,2.472318597551811381e-01,2.446299352329724952e-01,2.408356315278761262e-01,2.374585860072818411e-01,2.346587673436059673e-01,2.318054453122132819e-01
9.825000000000000000e+01,3.144262998233708362e-01,2.961065247154366920e-01,2.853988736100963597e-01,2.780508774580366937e-01,2.725555320480008703e-01,2.682267841672108522e-01,2.617437282097576090e-01,2.551417464068064245e-01,2.505929570329701872e-01,2.472318600862014604e-01,2.446299356351875620e-01,2.408356320383584770e-01,2.374585866045938465e-01,2.346587680598404280e-01,2.318054460525894034e-01
9.850000000000000000e+01,3.144263111838750957e-01,2.961065250765288481e-01,2.853988736247827784e-01,2.780508774670283345e-01,2.725555320683760718e-01,2.682267842041566874e-01,2.617437282917611796e-01,2.551417465738201051e-01,2.505929572877684253e-01,2.472318604173972534e-01,2.446299360322585215e-01,2.408356325376887486e-01,2.374585872246904039e-01,2.346587686976255305e-01,2.318054468498563225e-01
9.875000000000000000e+01,3.144263223873379198e-01,2.961065254053326656e-01,2.853988736390866698e-01,2.780508774760236390e-01,2.725555320886661193e-01,2.682267842405777758e-01,2.617437283739783016e-01,2.551417467405652229e-01,2.505929575391145359e-01,2.472318607494990716e-01,2.446299364312960745e-01,2.408356330395533818e-01,2.374585877979553394e-01,2.346587693647024797e-01,2.318054475481245436e-01
9.900000000000000000e+01,3.144263334136364607e-01,2.961065257028265840e-01,2.853988736530044812e-01,2.780508774850046771e-01,2.725555321090694094e-01,2.682267842772689814e-01,2.617437284558775668e-01,2.551417469073670174e-01,2.505929577929369434e-01,2.472318610760644575e-01,2.446299368222772663e-01,2.408356335335028464e-01,2.374585883895573568e-01,2.346587700802637011e-01,2.318054482757622714e-01
9.925000000000000000e+01,3.144263442444812373e-01,2.961065259700969010e-01,2.853988736664516135e-01,2.780508774940235739e-01,2.725555321292652544e-01,2.682267843136916796e-01,2.617437285376946199e-01,2.551417470726051184e-01,2.505929580409682056e-01,2.472318614034653694e-01,2.446299372146565065e-01,2.408356340386087480e-01,2.374585889969474950e-01,2.346587706951699936e-01,2.318054490224650543e-01
9.950000000000000000e+01,3.144263548634996241e-01,2.961065262083007465e-01,2.853988736793912628e-01,2.780508775030673951e-01,2.725555321495037875e-01,2.682267843503154947e-01,2.617437286188413204e-01,2.551417472375606121e-01,2.505929582910665920e-01,2.472318617274482933e-01,2.446299376087442135e-01,2.408356345206477955e-01,2.374585895641099509e-01,2.346587713525715713e-01,2.318054497393210733e-01
9.975000000000000000e+01,3.144263652559388111e-01,2.961065264186235613e-01,2.853988736918223745e-01,2.780508775121228182e-01,2.725555321696710442e-01,2.682267843864503121e-01,2.617437287000902724e-01,2.551417474016854925e-01,2.505929585391712955e-01,2.472318620559452451e-01,2.446299379945865160e-01,2.408356350111938438e-01,2.374585901499907392e-01,2.346587720573535540e-01,2.318054504671681892e-01
1.000000000000000000e+02,3.144263754087884832e-01,2.961065266023342746e-01,2.853988737037246315e-01,2.780508775211379957e-01,2.725555321899185701e-01,2.682267844228256592e-01,2.617437287811407165e-01,2.551417475664331524e-01,2.505929587874858866e-01,2.472318623736620702e-01,2.446299383826664731e-01,2.408356355043906327e-01,2.374585907308904842e-01,2.346587726600377344e-01,2.318054511630742720e-01
1.002500000000000000e+02,3.144263853105230822e-01,2.961065267606908802e-01,2.853988737150545130e-01,2.780508775302057978e-01,2.725555322099816880e-01,2.682267844589540373e-01,2.617437288619551272e-01,2.551417477288461244e-01,2.505929590324511569e-01,2.472318626958524834e-01,2.446299387654586877e-01,2.408356359844741335e-01,2.374585913061015296e-01,2.346587733079698035e-01,2.318054518677657994e-01
1.005000000000000000e+02,3.144263949512049461e-01,2.961065268950267004e-01,2.853988737258130737e-01,2.780508775392694365e-01,2.725555322300842187e-01,2.682267844952611613e-01,2.617437289422586133e-01,2.551417478917831771e-01,2.505929592778605164e-01,2.472318630144859919e-01,2.446299391545004032e-01,2.408356364694345941e-01,2.374585918777612770e-01,2.346587739878832346e-01,2.318054526278142957e-01
1.007500000000000000e+02,3.144264043222429472e-01,2.961065270066565724e-01,2.853988737360002581e-01,2.780508775483472306e-01,2.725555322501119759e-01,2.682267845311025467e-01,2.617437290225586022e-01,2.551417480533487714e-01,2.505929595229008933e-01,2.472318633343744687e-01,2.446299395296430423e-01,2.408356369452758772e-01,2.374585924418098071e-01,2.346587745930005520e-01,2.318054532726072092e-01
1.010000000000000000e+02,3.144264134164311830e-01,2.961065270968896157e-01,2.853988737456331082e-01,2.780508775573820590e-01,2.725555322702270522e-01,2.682267845671641449e-01,2.617437291027688295e-01,2.551417482160775463e-01,2.505929597658481112e-01,2.472318636485595633e-01,2.446299399102066785e-01,2.408356374311253767e-01,2.374585930242228693e-01,2.346587752316441899e-01,2.318054539654493262e-01
1.012500000000000000e+02,3.144264222278393417e-01,2.961065271670971777e-01,2.853988737547013543e-01,2.780508775664589094e-01,2.725555322901520583e-01,2.682267846030006453e-01,2.617437291825907009e-01,2.551417483757325577e-01,2.505929600078077302e-01,2.472318639638401427e-01,2.446299402883751750e-01,2.408356378970191169e-01,2.374585935710408491e-01,2.346587758875759433e-01,2.318054547586929637e-01
1.015000000000000000e+02,3.144264307516655421e-01,2.961065272185738340e-01,2.853988737631901196e-01,2.780508775755373696e-01,2.725555323101156446e-01,2.682267846389921329e-01,2.617437292620780065e-01,2.551417485366874183e-01,2.505929602486316465e-01,2.472318642790994336e-01,2.446299406647609864e-01,2.408356383697175807e-01,2.374585941299919289e-01,2.346587764947654087e-01,2.318054553519928729e-01
1.017500000000000000e+02,3.144264389843153817e-01,2.961065272526601788e-01,2.853988737711511958e-01,2.780508775846288194e-01,2.725555323300108412e-01,2.682267846745473028e-01,2.617437293414327515e-01,2.551417486957521241e-01,2.505929604906768082e-01,2.472318645904757750e-01,2.446299410372141936e-01,2.408356388465076325e-01,2.374585947097465344e-01,2.346587771242906184e-01,2.318054560332710179e-01
1.020000000000000000e+02,3.144264469232265768e-01,2.961065272705076246e-01,2.853988737785851937e-01,2.780508775936483823e-01,2.725555323499910809e-01,2.682267847103044223e-01,2.617437294208164733e-01,2.551417488561394942e-01,2.505929607283936544e-01,2.472318649013289793e-01,2.446299414086237356e-01,2.408356393083487812e-01,2.374585952419079882e-01,2.346587777571202682e-01,2.318054568151734773e-01
1.022500000000000000e+02,3.144264545668304378e-01,2.961065272737133935e-01,2.853988737855238655e-01,2.780508776027157403e-01,2.725555323697916865e-01,2.682267847458578158e-01,2.617437294996663999e-01,2.551417490134602062e-01,2.505929609674085179e-01,2.472318652098920710e-01,2.446299417841283075e-01,2.408356397772404567e-01,2.374585957957186522e-01,2.346587783660326332e-01,2.318054574021658487e-01
1.025000000000000000e+02,3.144264619144786499e-01,2.961065272631878686e-01,2.853988737919352925e-01,2.780508776117713854e-01,2.725555323896226567e-01,2.682267847815425488e-01,2.617437295783366924e-01,2.551417491719473185e-01,2.505929612037773313e-01,2.472318655218294081e-01,2.446299421481748781e-01,2.408356402359022874e-01,2.374585963503287045e-01,2.346587789866295126e-01,2.318054580721369273e-01
1.027500000000000000e+02,3.144264689663968659e-01,2.961065272402454984e-01,2.853988737979114010e-01,2.780508776208474031e-01,2.725555324093836274e-01,2.682267848168163327e-01,2.617437296567847183e-01,2.551417493290816241e-01,2.505929614427055974e-01,2.472318658249297307e-01,2.446299425174441045e-01,2.408356407034901447e-01,2.374585968906213207e-01,2.346587795971673551e-01,2.318054588089409895e-01
1.030000000000000000e+02,3.144264757236211461e-01,2.961065272060663389e-01,2.853988738034457517e-01,2.780508776298438178e-01,2.725555324292267545e-01,2.682267848522676967e-01,2.617437297353556458e-01,2.551417494867723179e-01,2.505929616754965505e-01,2.472318661318399780e-01,2.446299428805200349e-01,2.408356411540461817e-01,2.374585974365310825e-01,2.346587802074858176e-01,2.318054594239591371e-01
1.032500000000000000e+02,3.144264821878905991e-01,2.961065271617774886e-01,2.853988738085483923e-01,2.780508776388929681e-01,2.725555324488983522e-01,2.682267848875315441e-01,2.617437298132433421e-01,2.551417496422201947e-01,2.505929619107525319e-01,2.472318664345451167e-01,2.446299432478036551e-01,2.408356416098088593e-01,2.374585979698509153e-01,2.346587808141003262e-01,2.318054600829237422e-01
1.035000000000000000e+02,3.144264883617177708e-01,2.961065271084593609e-01,2.853988738132506309e-01,2.780508776479130861e-01,2.725555324685932090e-01,2.682267849229104661e-01,2.617437298911165500e-01,2.551417497982749749e-01,2.505929621436435162e-01,2.472318667397365721e-01,2.446299436054477638e-01,2.408356420710022761e-01,2.374585985174803571e-01,2.346587814083551937e-01,2.318054607744109152e-01
1.037500000000000000e+02,3.144264942481624914e-01,2.961065270471465172e-01,2.853988738175999851e-01,2.780508776569458051e-01,2.725555324882256714e-01,2.682267849579039742e-01,2.617437299686565799e-01,2.551417499535261202e-01,2.505929623775128290e-01,2.472318670382807893e-01,2.446299439659730124e-01,2.408356425155466218e-01,2.374585990397918844e-01,2.346587820198042795e-01,2.318054614182897544e-01
1.040000000000000000e+02,3.144264998509145870e-01,2.961065269788517584e-01,2.853988738215975096e-01,2.780508776658989767e-01,2.725555325079416780e-01,2.682267849930557446e-01,2.617437300464292016e-01,2.551417501085904149e-01,2.505929626075179550e-01,2.472318673387426391e-01,2.446299443265759488e-01,2.408356429682994293e-01,2.374585995685507545e-01,2.346587826051001469e-01,2.318054620665020438e-01
1.042500000000000000e+02,3.144265051741580441e-01,2.961065269045005666e-01,2.853988738252993262e-01,2.780508776749041622e-01,2.725555325274844898e-01,2.682267850280380950e-01,2.617437301233856428e-01,2.551417502621725064e-01,2.505929628384757080e-01,2.472318676383380154e-01,2.446299446820264789e-01,2.408356434114973799e-01,2.374586001226743071e-01,2.346587831913327371e-01,2.318054627123624922e-01
1.045000000000000000e+02,3.144265102226543873e-01,2.961065268250369642e-01,2.853988738286703519e-01,2.780508776838788165e-01,2.725555325470485069e-01,2.682267850631199768e-01,2.617437302004643196e-01,2.551417504158597915e-01,2.505929630685799769e-01,2.472318679355529347e-01,2.446299450372642070e-01,2.408356438617721418e-01,2.374586006225068158e-01,2.346587838035970597e-01,2.318054633513102203e-01
1.047500000000000000e+02,3.144265150014629584e-01,2.961065267412594237e-01,2.853988738318022911e-01,2.780508776928760084e-01,2.725555325665534045e-01,2.682267850978357071e-01,2.617437302771152274e-01,2.551417505692651355e-01,2.505929632975156807e-01,2.472318682310492011e-01,2.446299453892515074e-01,2.408356442977380718e-01,2.374586011466627011e-01,2.346587843683375918e-01,2.318054640237050268e-01
1.050000000000000000e+02,3.144265195161203286e-01,2.961065266540164886e-01,2.853988738346919241e-01,2.780508777017833277e-01,2.725555325861287459e-01,2.682267851327002628e-01,2.617437303540954274e-01,2.551417507217540459e-01,2.505929635247944876e-01,2.472318685252085646e-01,2.446299457474713501e-01,2.408356447374165599e-01,2.374586016768767405e-01,2.346587849466880982e-01,2.318054646236174243e-01
1.052500000000000000e+02,3.144265237725036299e-01,2.961065265640374089e-01,2.853988738373794964e-01,2.780508777107357776e-01,2.725555326055467131e-01,2.682267851674013381e-01,2.617437304301364343e-01,2.551417508735235318e-01,2.505929637515574293e-01,2.472318688217750027e-01,2.446299460913712587e-01,2.408356451837640744e-01,2.374586021849025563e-01,2.346587855595106964e-01,2.318054652522797687e-01
1.055000000000000000e+02,3.144265277767874234e-01,2.961065264720287860e-01,2.853988738398462455e-01,2.780508777196561421e-01,2.725555326249845534e-01,2.682267852021770205e-01,2.617437305064321262e-01,2.551417510248847331e-01,2.505929639789419849e-01,2.472318691112298517e-01,2.446299464414626867e-01,2.408356456118642963e-01,2.374586027044050807e-01,2.346587861044119594e-01,2.318054659553490937e-01
1.057500000000000000e+02,3.144265315353783619e-01,2.961065263786475943e-01,2.853988738421743276e-01,2.780508777286132549e-01,2.725555326443617199e-01,2.682267852366193028e-01,2.617437305822109539e-01,2.551417511764732526e-01,2.505929642030681470e-01,2.472318694037357600e-01,2.446299467879452516e-01,2.408356460487758310e-01,2.374586032117930179e-01,2.346587866750198814e-01,2.318054665089575861e-01
1.060000000000000000e+02,3.144265350549411142e-01,2.961065262844964074e-01,2.853988738443324347e-01,2.780508777374530172e-01,2.725555326638111620e-01,2.682267852711902045e-01,2.617437306584113887e-01,2.551417513264463421e-01,2.505929644276749246e-01,2.472318696917799874e-01,2.446299471350908972e-01,2.408356464777960393e-01,2.374586037272403416e-01,2.346587872881416015e-01,2.318054671275688039e-01
1.062500000000000000e+02,3.144265383425073890e-01,2.961065261901505430e-01,2.853988738463923425e-01,2.780508777463575054e-01,2.725555326830981784e-01,2.682267853056271023e-01,2.617437307335463981e-01,2.551417514764328653e-01,2.505929646503390895e-01,2.472318699832669331e-01,2.446299474764618287e-01,2.408356469115976450e-01,2.374586042268166386e-01,2.346587878139053118e-01,2.318054678516890121e-01
1.065000000000000000e+02,3.144265414049375873e-01,2.961065260961108225e-01,2.853988738482943766e-01,2.780508777552191391e-01,2.725555327024065111e-01,2.682267853401042457e-01,2.617437308090791448e-01,2.551417516255169438e-01,2.505929648750511163e-01,2.472318702672472446e-01,2.446299478184049137e-01,2.408356473336816794e-01,2.374586047275924205e-01,2.346587883769132576e-01,2.318054683691077866e-01
1.067500000000000000e+02,3.144265442494802443e-01,2.961065260028374335e-01,2.853988738501445632e-01,2.780508777641216844e-01,2.725555327216709900e-01,2.682267853742714148e-01,2.617437308839962729e-01,2.551417517753310493e-01,2.505929650944918041e-01,2.472318705538815165e-01,2.446299481626696137e-01,2.408356477580703703e-01,2.374586052497305311e-01,2.346587889816956485e-01,2.318054689779288635e-01
1.070000000000000000e+02,3.144265468833878363e-01,2.961065259107941161e-01,2.853988738519184776e-01,2.780508777729098213e-01,2.725555327409814876e-01,2.682267854085646497e-01,2.617437309594303763e-01,2.551417519228394437e-01,2.505929653161536597e-01,2.472318708389009689e-01,2.446299484987197737e-01,2.408356481903087820e-01,2.374586057278436635e-01,2.346587894973709565e-01,2.318054696614857968e-01
1.072500000000000000e+02,3.144265493140322443e-01,2.961065258203206541e-01,2.853988738536628045e-01,2.780508777817663479e-01,2.725555327601446587e-01,2.682267854427187181e-01,2.617437310336779288e-01,2.551417520710733688e-01,2.505929655351382679e-01,2.472318711229017918e-01,2.446299488379382048e-01,2.408356486027707632e-01,2.374586062245068463e-01,2.346587900529338022e-01,2.318054702048624183e-01
1.075000000000000000e+02,3.144265515488279816e-01,2.961065257317904709e-01,2.853988738553038806e-01,2.780508777905679740e-01,2.725555327793306448e-01,2.682267854769141424e-01,2.617437311084541696e-01,2.551417522179244557e-01,2.505929657557720569e-01,2.472318714040790399e-01,2.446299491719073904e-01,2.408356490246156278e-01,2.374586067320647309e-01,2.346587906368075294e-01,2.318054708040763745e-01
1.077500000000000000e+02,3.144265535952033286e-01,2.961065256454822325e-01,2.853988738569512851e-01,2.780508777994190606e-01,2.725555327984542919e-01,2.682267855108141363e-01,2.617437311825201451e-01,2.551417523659927911e-01,2.505929659720988467e-01,2.472318716848279363e-01,2.446299495110407229e-01,2.408356494401479031e-01,2.374586072102175538e-01,2.346587911553739414e-01,2.318054714468425481e-01
1.080000000000000000e+02,3.144265554605734647e-01,2.961065255616801561e-01,2.853988738585725438e-01,2.780508778081557941e-01,2.725555328176450520e-01,2.682267855448207672e-01,2.617437312571790908e-01,2.551417525110966644e-01,2.505929661898149141e-01,2.472318719670601184e-01,2.446299498392505434e-01,2.408356498582895078e-01,2.374586077027110997e-01,2.346587917036009607e-01,2.318054720169277494e-01
1.082500000000000000e+02,3.144265571524224034e-01,2.961065254806007352e-01,2.853988738602293296e-01,2.780508778169574202e-01,2.725555328366886521e-01,2.682267855787099364e-01,2.617437313305753799e-01,2.551417526574376593e-01,2.505929664062631068e-01,2.472318722437588101e-01,2.446299501715545055e-01,2.408356502671520072e-01,2.374586081885061983e-01,2.346587922673240012e-01,2.318054726067889093e-01
1.085000000000000000e+02,3.144265586780721211e-01,2.961065254024674021e-01,2.853988738618330467e-01,2.780508778257030356e-01,2.725555328557424661e-01,2.682267856126130945e-01,2.617437314045445995e-01,2.551417528022749126e-01,2.505929666223482011e-01,2.472318725221986924e-01,2.446299505025770482e-01,2.408356506769893657e-01,2.374586086741486413e-01,2.346587927884544178e-01,2.318054732084534331e-01
1.087500000000000000e+02,3.144265600449170361e-01,2.961065253274152709e-01,2.853988738634979372e-01,2.780508778344969456e-01,2.725555328747495953e-01,2.682267856462431932e-01,2.617437314778465751e-01,2.551417529480441981e-01,2.505929668362025797e-01,2.472318727972064867e-01,2.446299508310488535e-01,2.408356510957831709e-01,2.374586091525538456e-01,2.346587933294641826e-01,2.318054737900945295e-01
1.090000000000000000e+02,3.144265612601908622e-01,2.961065252556024929e-01,2.853988738651523915e-01,2.780508778431858841e-01,2.725555328938069621e-01,2.682267856799667172e-01,2.617437315516245033e-01,2.551417530913722698e-01,2.505929670500615658e-01,2.472318730758729100e-01,2.446299511572630481e-01,2.408356514934067993e-01,2.374586096274075298e-01,2.346587938737241252e-01,2.318054743867565548e-01
1.092500000000000000e+02,3.144265623310772417e-01,2.961065251871070614e-01,2.853988738668420955e-01,2.780508778519355517e-01,2.725555329127350990e-01,2.682267857135939293e-01,2.617437316242968159e-01,2.551417532355514939e-01,2.505929672640359041e-01,2.472318733462813833e-01,2.446299514819348098e-01,2.408356519008752750e-01,2.374586101198057908e-01,2.346587943971167878e-01,2.318054749469614650e-01
1.095000000000000000e+02,3.144265632646667252e-01,2.961065251220563188e-01,2.853988738685827586e-01,2.780508778606357589e-01,2.725555329316634023e-01,2.682267857472183659e-01,2.617437316974285388e-01,2.551417533787261327e-01,2.505929674756852688e-01,2.472318736200029843e-01,2.446299518109738003e-01,2.408356523035399821e-01,2.374586105777798661e-01,2.346587949310484644e-01,2.318054755196309602e-01
1.097500000000000000e+02,3.144265640679081431e-01,2.961065250604624222e-01,2.853988738703803762e-01,2.780508778693910332e-01,2.725555329505486291e-01,2.682267857805872846e-01,2.617437317700177513e-01,2.551417535221466859e-01,2.505929676870978784e-01,2.472318738914479064e-01,2.446299521290334622e-01,2.408356527068090114e-01,2.374586110489248780e-01,2.346587954565165779e-01,2.318054761446854128e-01
1.100000000000000000e+02,3.144265647476747749e-01,2.961065250023675599e-01,2.853988738721928708e-01,2.780508778780177437e-01,2.725555329694874795e-01,2.682267858140502947e-01,2.617437318429282622e-01,2.551417536638345140e-01,2.505929678971986485e-01,2.472318741630737116e-01,2.446299524521015345e-01,2.408356531030540482e-01,2.374586115353973792e-01,2.346587959818625946e-01,2.318054766630309738e-01
1.102500000000000000e+02,3.144265653106333991e-01,2.961065249478065375e-01,2.853988738740890208e-01,2.780508778867146202e-01,2.725555329882887734e-01,2.682267858473983413e-01,2.617437319148883668e-01,2.551417538058907697e-01,2.505929681087399330e-01,2.472318744309051908e-01,2.446299527705320109e-01,2.408356534990521158e-01,2.374586119858360378e-01,2.346587965043623603e-01,2.318054772269524944e-01
1.105000000000000000e+02,3.144265657634124911e-01,2.961065248967492680e-01,2.853988738759818400e-01,2.780508778953690308e-01,2.725555330070938420e-01,2.682267858807482752e-01,2.617437319872039092e-01,2.551417539474256646e-01,2.505929683160604271e-01,2.472318746991139793e-01,2.446299530916839771e-01,2.408356539050134915e-01,2.374586124532421516e-01,2.346587970161643222e-01,2.318054778812874972e-01
1.107500000000000000e+02,3.144265661123641920e-01,2.961065248491644986e-01,2.853988738779707490e-01,2.780508779040900547e-01,2.725555330258520592e-01,2.682267859138606214e-01,2.617437320590738636e-01,2.551417540885482782e-01,2.505929685250782857e-01,2.472318749679851269e-01,2.446299534055403346e-01,2.408356542885033702e-01,2.374586129189446559e-01,2.346587975431945750e-01,2.318054783573332001e-01
1.110000000000000000e+02,3.144265663638082242e-01,2.961065248050260279e-01,2.853988738799895786e-01,2.780508779126644181e-01,2.725555330446683411e-01,2.682267859470349181e-01,2.617437321311420484e-01,2.551417542286227302e-01,2.505929687314973897e-01,2.472318752327457292e-01,2.446299537212930642e-01,2.408356546823127442e-01,2.374586133768985530e-01,2.346587980476856627e-01,2.318054789126710868e-01
1.112500000000000000e+02,3.144265665238053509e-01,2.961065247642882814e-01,2.853988738821047200e-01,2.780508779213158865e-01,2.725555330633501749e-01,2.682267859801355514e-01,2.617437322023940527e-01,2.551417543686078093e-01,2.505929689399610805e-01,2.472318754980560584e-01,2.446299540378898685e-01,2.408356550727129286e-01,2.374586138356261089e-01,2.346587985531310427e-01,2.318054795491035214e-01
1.115000000000000000e+02,3.144265665982494129e-01,2.961065247268583334e-01,2.853988738842206385e-01,2.780508779299184496e-01,2.725555330820353950e-01,2.682267860131942738e-01,2.617437322739189498e-01,2.551417545085329919e-01,2.505929691437561169e-01,2.472318757608754636e-01,2.446299543490252915e-01,2.408356554618108492e-01,2.374586142863574501e-01,2.346587990815917624e-01,2.318054800304947816e-01
1.117500000000000000e+02,3.144265665929460996e-01,2.961065246926526950e-01,2.853988738864214891e-01,2.780508779385973961e-01,2.725555331006778714e-01,2.682267860460590403e-01,2.617437323450825248e-01,2.551417546474040732e-01,2.505929693493154087e-01,2.472318760272253779e-01,2.446299546610858633e-01,2.408356558460341967e-01,2.374586147511430212e-01,2.346587995686975625e-01,2.318054805774394933e-01
1.120000000000000000e+02,3.144265665134137744e-01,2.961065246616121360e-01,2.853988738886704124e-01,2.780508779471286274e-01,2.725555331193636466e-01,2.682267860789628866e-01,2.617437324163101042e-01,2.551417547858909063e-01,2.505929695532578827e-01,2.472318762852900309e-01,2.446299549697017739e-01,2.408356562288239688e-01,2.374586151903383402e-01,2.346588000678791475e-01,2.318054811769987011e-01
1.122500000000000000e+02,3.144265663650885889e-01,2.961065246336038181e-01,2.853988738910089862e-01,2.780508779557480659e-01,2.725555331379310720e-01,2.682267861118092234e-01,2.617437324868734372e-01,2.551417549238509941e-01,2.505929697575229320e-01,2.472318765469369850e-01,2.446299552837564451e-01,2.408356566225549333e-01,2.374586156377669344e-01,2.346588005975308311e-01,2.318054816831211506e-01
1.125000000000000000e+02,3.144265661531123190e-01,2.961065246085398672e-01,2.853988738933385116e-01,2.780508779642943962e-01,2.725555331564953332e-01,2.682267861446047119e-01,2.617437325576003615e-01,2.551417550621890573e-01,2.505929699590568327e-01,2.472318768056964433e-01,2.446299555858598984e-01,2.408356569925801105e-01,2.374586161045683375e-01,2.346588010678269109e-01,2.318054822218868216e-01
1.127500000000000000e+02,3.144265658825458609e-01,2.961065245863024331e-01,2.853988738957513038e-01,2.780508779729362057e-01,2.725555331750095234e-01,2.682267861772081874e-01,2.617437326280767640e-01,2.551417551988565680e-01,2.505929701610511429e-01,2.472318770657388198e-01,2.446299558930648543e-01,2.408356573733740347e-01,2.374586165292620898e-01,2.346588015608586375e-01,2.318054827842485344e-01
1.130000000000000000e+02,3.144265655582136332e-01,2.961065245667658941e-01,2.853988738982115025e-01,2.780508779814171438e-01,2.725555331935783365e-01,2.682267862098436373e-01,2.617437326984873858e-01,2.551417553357864798e-01,2.505929703627363114e-01,2.472318773211030773e-01,2.446299561978207693e-01,2.408356577520654740e-01,2.374586169733207686e-01,2.346588020914507355e-01,2.318054833157253136e-01
1.132500000000000000e+02,3.144265651847309995e-01,2.961065245498164522e-01,2.853988739007363162e-01,2.780508779899930616e-01,2.725555332120254692e-01,2.682267862424352334e-01,2.617437327683668769e-01,2.551417554717573810e-01,2.505929705629034165e-01,2.472318775775739219e-01,2.446299565022558298e-01,2.408356581276562824e-01,2.374586174202925060e-01,2.346588025455144666e-01,2.318054838466237499e-01
1.135000000000000000e+02,3.144265647665995256e-01,2.961065245353257658e-01,2.853988739032589095e-01,2.780508779984976475e-01,2.725555332304667733e-01,2.682267862749646015e-01,2.617437328383154793e-01,2.551417556085384675e-01,2.505929707622157609e-01,2.472318778339669121e-01,2.446299568026877869e-01,2.408356585004083061e-01,2.374586178525145141e-01,2.346588030324849861e-01,2.318054843714440205e-01
1.137500000000000000e+02,3.144265643080692008e-01,2.961065245231586651e-01,2.853988739058653246e-01,2.780508780070828356e-01,2.725555332488730498e-01,2.682267863073057312e-01,2.617437329081104824e-01,2.551417557430572525e-01,2.505929709607502831e-01,2.472318780875396027e-01,2.446299571030363107e-01,2.408356588706171142e-01,2.374586182928663525e-01,2.346588035565454755e-01,2.318054848950347746e-01
1.140000000000000000e+02,3.144265638131928386e-01,2.961065245131966894e-01,2.853988739084848403e-01,2.780508780155444004e-01,2.725555332673184616e-01,2.682267863396884944e-01,2.617437329777118071e-01,2.551417558784512263e-01,2.505929711602076781e-01,2.472318783405787479e-01,2.446299574061661375e-01,2.408356592512741201e-01,2.374586187211600308e-01,2.346588040021884147e-01,2.318054854522454133e-01
1.142500000000000000e+02,3.144265632859439830e-01,2.961065245052991179e-01,2.853988739111756323e-01,2.780508780241062183e-01,2.725555332856498536e-01,2.682267863720324552e-01,2.617437330469088996e-01,2.551417560124695783e-01,2.505929713563783134e-01,2.472318785919962736e-01,2.446299577011597504e-01,2.408356596098566449e-01,2.374586191602592877e-01,2.346588044831974251e-01,2.318054859391140698e-01
1.145000000000000000e+02,3.144265627299228649e-01,2.961065244993495438e-01,2.853988739138590414e-01,2.780508780325511298e-01,2.725555333039715866e-01,2.682267864042885974e-01,2.617437331161060476e-01,2.551417561475951001e-01,2.505929715535012425e-01,2.472318788460555750e-01,2.446299579999922647e-01,2.408356599782358054e-01,2.374586195819510248e-01,2.346588049894851313e-01,2.318054864550055660e-01
1.147500000000000000e+02,3.144265621487767892e-01,2.961065244951912589e-01,2.853988739166037347e-01,2.780508780411017900e-01,2.725555333222608456e-01,2.682267864363939158e-01,2.617437331852174864e-01,2.551417562801295835e-01,2.505929717486404251e-01,2.472318790933186183e-01,2.446299582936459216e-01,2.408356603457444123e-01,2.374586200072831277e-01,2.346588054382375554e-01,2.318054870393655709e-01
1.150000000000000000e+02,3.144265615458385899e-01,2.961065244927391649e-01,2.853988739193592528e-01,2.780508780495154486e-01,2.725555333405855762e-01,2.682267864685192738e-01,2.617437332540309969e-01,2.551417564137156146e-01,2.505929719458980243e-01,2.472318793436514839e-01,2.446299585915827635e-01,2.408356607084640166e-01,2.374586204526239197e-01,2.346588059133833670e-01,2.318054874878480998e-01
1.152500000000000000e+02,3.144265609243221404e-01,2.961065244918238415e-01,2.853988739221683946e-01,2.780508780580134287e-01,2.725555333588042806e-01,2.682267865005975027e-01,2.617437333225635654e-01,2.551417565461236436e-01,2.505929721381843223e-01,2.472318795905543432e-01,2.446299588809578152e-01,2.408356610702560574e-01,2.374586208564598289e-01,2.346588064025044162e-01,2.318054879962130055e-01
1.155000000000000000e+02,3.144265602871759713e-01,2.961065244923531403e-01,2.853988739249683770e-01,2.780508780664275870e-01,2.725555333770056099e-01,2.682267865325956846e-01,2.617437333910078157e-01,2.551417566791450708e-01,2.505929723325539538e-01,2.472318798397321604e-01,2.446299591733608614e-01,2.408356614284698771e-01,2.374586212787583306e-01,2.346588068540857164e-01,2.318054885906677132e-01
1.157500000000000000e+02,3.144265596372986526e-01,2.961065244941887276e-01,2.853988739278052744e-01,2.780508780749430531e-01,2.725555333951797388e-01,2.682267865644499816e-01,2.617437334594531761e-01,2.551417568102232747e-01,2.505929725249928519e-01,2.472318800834494013e-01,2.446299594653459364e-01,2.408356617962127966e-01,2.374586217082334527e-01,2.346588073234700533e-01,2.318054890181780459e-01
1.160000000000000000e+02,3.144265589773641567e-01,2.961065244971985977e-01,2.853988739306528855e-01,2.780508780833223503e-01,2.725555334133873409e-01,2.682267865963207654e-01,2.617437335274902521e-01,2.551417569419075493e-01,2.505929727183618949e-01,2.472318803289081657e-01,2.446299597542027082e-01,2.408356621443181189e-01,2.374586221165085054e-01,2.346588077959960161e-01,2.318054895191794251e-01
1.162500000000000000e+02,3.144265583099487560e-01,2.961065245013203562e-01,2.853988739335370228e-01,2.780508780917780309e-01,2.725555334314876954e-01,2.682267866281586310e-01,2.617437335953726740e-01,2.551417570728540807e-01,2.505929729085833446e-01,2.472318805736312963e-01,2.446299600420893117e-01,2.408356625008369056e-01,2.374586225357400437e-01,2.346588082501193384e-01,2.318054900801759521e-01
1.165000000000000000e+02,3.144265576373557192e-01,2.961065245063866924e-01,2.853988739364071159e-01,2.780508781001686525e-01,2.725555334495710635e-01,2.682267866599026274e-01,2.617437336630706879e-01,2.551417572038146564e-01,2.505929730996658278e-01,2.472318808167063842e-01,2.446299603280656376e-01,2.408356628576538427e-01,2.374586229470498355e-01,2.346588087138351542e-01,2.318054905306523583e-01
1.167500000000000000e+02,3.144265569618698297e-01,2.961065245123281064e-01,2.853988739393159002e-01,2.780508781086376557e-01,2.725555334676303398e-01,2.682267866915097332e-01,2.617437337308667900e-01,2.551417573334568423e-01,2.505929732900445961e-01,2.472318810582716520e-01,2.446299606185766140e-01,2.408356632081086746e-01,2.374586233622207054e-01,2.346588091703046552e-01,2.318054910244390365e-01
1.170000000000000000e+02,3.144265562855200757e-01,2.961065245190317996e-01,2.853988739422093079e-01,2.780508781169692134e-01,2.725555334857225342e-01,2.682267867231261094e-01,2.617437337981278200e-01,2.551417574632863228e-01,2.505929734796261132e-01,2.472318812989857673e-01,2.446299608985453566e-01,2.408356635594225137e-01,2.374586237675473666e-01,2.346588096267417933e-01,2.318054915516825076e-01
1.172500000000000000e+02,3.144265556102906478e-01,2.961065245264031254e-01,2.853988739451348566e-01,2.780508781253864803e-01,2.725555335037069260e-01,2.682267867547191709e-01,2.617437338653647028e-01,2.551417575928030534e-01,2.505929736678001452e-01,2.472318815415626703e-01,2.446299611833292198e-01,2.408356639061667859e-01,2.374586241722711211e-01,2.346588100809720023e-01,2.318054920257891505e-01
1.175000000000000000e+02,3.144265549379131053e-01,2.961065245343477148e-01,2.853988739480483594e-01,2.780508781337292512e-01,2.725555335216777730e-01,2.682267867862044297e-01,2.617437339323329670e-01,2.551417577217377497e-01,2.505929738556815778e-01,2.472318817786736678e-01,2.446299614646878506e-01,2.408356642616007182e-01,2.374586245937243822e-01,2.346588105258360368e-01,2.318054925125150323e-01
1.177500000000000000e+02,3.144265542701369931e-01,2.961065245427389470e-01,2.853988739509727979e-01,2.780508781421544007e-01,2.725555335396236400e-01,2.682267868175903236e-01,2.617437339994759804e-01,2.551417578499650118e-01,2.505929740440286935e-01,2.472318820181446386e-01,2.446299617475937438e-01,2.408356645996802547e-01,2.374586249819584660e-01,2.346588109842849268e-01,2.318054930056477336e-01
1.180000000000000000e+02,3.144265536084099866e-01,2.961065245516146249e-01,2.853988739538941832e-01,2.780508781504633098e-01,2.725555335576059779e-01,2.682267868489361384e-01,2.617437340659954925e-01,2.551417579779701739e-01,2.505929742298956264e-01,2.472318822542061145e-01,2.446299620250543538e-01,2.408356649448663012e-01,2.374586253839769401e-01,2.346588114231217270e-01,2.318054934859933858e-01
1.182500000000000000e+02,3.144265529541969140e-01,2.961065245607871210e-01,2.853988739568466548e-01,2.780508781588351686e-01,2.725555335754634712e-01,2.682267868802913346e-01,2.617437341325847822e-01,2.551417581060804740e-01,2.505929744160897976e-01,2.472318824931742376e-01,2.446299623036513049e-01,2.408356652914669105e-01,2.374586257970678072e-01,2.346588118628737119e-01,2.318054939839417072e-01
1.185000000000000000e+02,3.144265523087778624e-01,2.961065245701955395e-01,2.853988739597694280e-01,2.780508781671536256e-01,2.725555335933357304e-01,2.682267869115241288e-01,2.617437341988442245e-01,2.551417582330388623e-01,2.505929746008284109e-01,2.472318827259762375e-01,2.446299625836603209e-01,2.408356656302056975e-01,2.374586261830023415e-01,2.346588123231421741e-01,2.318054944425639863e-01
1.187500000000000000e+02,3.144265516733356081e-01,2.961065245798060186e-01,2.853988739626853732e-01,2.780508781755343106e-01,2.725555336111609162e-01,2.682267869426642748e-01,2.617437342653490817e-01,2.551417583598750149e-01,2.505929747871811220e-01,2.472318829611197533e-01,2.446299628579975960e-01,2.408356659715011616e-01,2.374586265822451470e-01,2.346588127470948804e-01,2.318054949161227341e-01
1.190000000000000000e+02,3.144265510489098747e-01,2.961065245895169729e-01,2.853988739656048157e-01,2.780508781838028076e-01,2.725555336290255704e-01,2.682267869737812171e-01,2.617437343311201370e-01,2.551417584860949939e-01,2.505929749694343900e-01,2.472318831949060769e-01,2.446299631341208036e-01,2.408356663072991899e-01,2.374586269779589975e-01,2.346588131818287404e-01,2.318054954392397282e-01
1.192500000000000000e+02,3.144265504364850417e-01,2.961065245993122486e-01,2.853988739685361931e-01,2.780508781921403605e-01,2.725555336467874179e-01,2.682267870048929415e-01,2.617437343970869246e-01,2.551417586128131854e-01,2.505929751534745065e-01,2.472318834281090061e-01,2.446299634066819717e-01,2.408356666509899047e-01,2.374586273708071127e-01,2.346588136436702776e-01,2.318054958629290341e-01
1.195000000000000000e+02,3.144265498369541167e-01,2.961065246091178493e-01,2.853988739714554135e-01,2.780508782004155188e-01,2.725555336645350546e-01,2.682267870358772122e-01,2.617437344626388773e-01,2.551417587378306262e-01,2.505929753353274281e-01,2.472318836589352253e-01,2.446299636838161762e-01,2.408356669794655125e-01,2.374586277608030094e-01,2.346588140532258615e-01,2.318054963298201154e-01
1.197500000000000000e+02,3.144265492510440740e-01,2.961065246188845923e-01,2.853988739743584802e-01,2.780508782087449116e-01,2.725555336822473307e-01,2.682267870667785492e-01,2.617437345285182348e-01,2.551417588632962086e-01,2.505929755186493413e-01,2.472318838895985749e-01,2.446299639513279389e-01,2.408356673138242199e-01,2.374586281462747472e-01,2.346588144829945544e-01,2.318054968789097503e-01
1.200000000000000000e+02,3.144265486794240450e-01,2.961065246285587982e-01,2.853988739772653771e-01,2.780508782169788806e-01,2.725555337000005740e-01,2.682267870976437485e-01,2.617437345935564319e-01,2.551417589877742476e-01,2.505929756984325851e-01,2.472318841214075913e-01,2.446299642228249305e-01,2.408356676506653860e-01,2.374586285454330647e-01,2.346588149462089101e-01,2.318054972671830249e-01
1.202500000000000000e+02,3.144265481227084824e-01,2.961065246381199279e-01,2.853988739801731622e-01,2.780508782252762989e-01,2.725555337176560622e-01,2.682267871285321514e-01,2.617437346589005509e-01,2.551417591131190377e-01,2.505929758794455120e-01,2.472318843489814399e-01,2.446299644928128791e-01,2.408356679781893384e-01,2.374586289190552257e-01,2.346588153418315836e-01,2.318054977275693096e-01
1.205000000000000000e+02,3.144265475814227440e-01,2.961065246475045876e-01,2.853988739830677357e-01,2.780508782335138207e-01,2.725555337352764673e-01,2.682267871592750041e-01,2.617437347237623890e-01,2.551417592362472675e-01,2.505929760594044486e-01,2.472318845778682384e-01,2.446299647616874129e-01,2.408356683098950846e-01,2.374586293020992112e-01,2.346588157667335028e-01,2.318054982540060927e-01
1.207500000000000000e+02,3.144265470559571840e-01,2.961065246567008424e-01,2.853988739859485979e-01,2.780508782418143476e-01,2.725555337528970390e-01,2.682267871899359224e-01,2.617437347890130828e-01,2.551417593603317879e-01,2.505929762392011817e-01,2.472318848041459849e-01,2.446299650279669946e-01,2.408356686352450260e-01,2.374586296998551227e-01,2.346588162247836562e-01,2.318054986558039376e-01
1.210000000000000000e+02,3.144265465466787313e-01,2.961065246656628958e-01,2.853988739888277948e-01,2.780508782500178411e-01,2.725555337705232728e-01,2.682267872205614245e-01,2.617437348533433461e-01,2.551417594831248414e-01,2.505929764171316299e-01,2.472318850335152030e-01,2.446299652936529401e-01,2.408356689676885432e-01,2.374586300649535742e-01,2.346588166132568820e-01,2.318054991098339734e-01
1.212500000000000000e+02,3.144265460538613888e-01,2.961065246743935231e-01,2.853988739917110995e-01,2.780508782582611360e-01,2.725555337880643525e-01,2.682267872512148488e-01,2.617437349180723460e-01,2.551417596068150107e-01,2.505929765951711574e-01,2.472318852560913549e-01,2.446299655624379898e-01,2.408356692869786930e-01,2.374586304455127972e-01,2.346588170333285817e-01,2.318054996055300410e-01
1.215000000000000000e+02,3.144265455777625617e-01,2.961065246828299968e-01,2.853988739945703679e-01,2.780508782664658507e-01,2.725555338055885568e-01,2.682267872817099552e-01,2.617437349822567261e-01,2.551417597283985317e-01,2.505929767732765767e-01,2.472318854815322431e-01,2.446299658232152230e-01,2.408356696110087736e-01,2.374586308265820289e-01,2.346588174761098933e-01,2.318055000292736922e-01
1.217500000000000000e+02,3.144265451185238591e-01,2.961065246910040138e-01,2.853988739974116506e-01,2.780508782747196372e-01,2.725555338230852831e-01,2.682267873121423896e-01,2.617437350468642121e-01,2.551417598507862428e-01,2.505929769496307302e-01,2.472318857050663787e-01,2.446299660878799853e-01,2.408356699384784916e-01,2.374586311985776577e-01,2.346588178677831982e-01,2.318055004770510075e-01
1.220000000000000000e+02,3.144265446761882465e-01,2.961065246988411337e-01,2.853988740002736946e-01,2.780508782828866599e-01,2.725555338406083772e-01,2.682267873425335236e-01,2.617437351105180721e-01,2.551417599722587970e-01,2.505929771257241478e-01,2.472318859289832083e-01,2.446299663483078035e-01,2.408356702553171580e-01,2.374586315742219234e-01,2.346588182831331193e-01,2.318055009416680190e-01
1.222500000000000000e+02,3.144265442508711317e-01,2.961065247063748296e-01,2.853988740031096483e-01,2.780508782910913190e-01,2.725555338580524234e-01,2.682267873729536345e-01,2.617437351745963148e-01,2.551417600940961705e-01,2.505929773008637729e-01,2.472318861497281028e-01,2.446299666118856853e-01,2.408356705778341433e-01,2.374586319416967239e-01,2.346588187111158241e-01,2.318055013837082290e-01
1.225000000000000000e+02,3.144265438425800641e-01,2.961065247135807876e-01,2.853988740059463236e-01,2.780508782992653360e-01,2.725555338754550028e-01,2.682267874032016608e-01,2.617437352381394855e-01,2.551417602143974950e-01,2.505929774771389340e-01,2.472318863709478676e-01,2.446299668687697548e-01,2.408356708931603252e-01,2.374586323200101601e-01,2.346588191057576156e-01,2.318055018297031922e-01
1.227500000000000000e+02,3.144265434511921420e-01,2.961065247204687223e-01,2.853988740087595177e-01,2.780508783074771006e-01,2.725555338928500326e-01,2.682267874334191005e-01,2.617437353020656832e-01,2.551417603351108232e-01,2.505929776501228945e-01,2.472318865926594056e-01,2.446299671278428234e-01,2.408356712148804202e-01,2.374586326799194569e-01,2.346588195164068802e-01,2.318055022628374151e-01
1.230000000000000000e+02,3.144265430767238523e-01,2.961065247269757950e-01,2.853988740115787071e-01,2.780508783156098729e-01,2.725555339102556651e-01,2.682267874635710370e-01,2.617437353651110854e-01,2.551417604553118390e-01,2.505929778244287420e-01,2.472318868112499679e-01,2.446299673871616676e-01,2.408356715253675562e-01,2.374586330452428951e-01,2.346588199300920496e-01,2.318055026988682932e-01
1.232500000000000000e+02,3.144265427189439910e-01,2.961065247331716166e-01,2.853988740143819092e-01,2.780508783237684578e-01,2.725555339275806954e-01,2.682267874937567242e-01,2.617437354285135354e-01,2.551417605753242834e-01,2.505929779967182025e-01,2.472318870301967175e-01,2.446299676429166958e-01,2.408356718394982499e-01,2.374586334286019340e-01,2.346588203274361517e-01,2.318055031682193790e-01
1.235000000000000000e+02,3.144265423776971269e-01,2.961065247390116117e-01,2.853988740171919947e-01,2.780508783319011190e-01,2.725555339448903491e-01,2.682267875237745458e-01,2.617437354914768921e-01,2.551417606943507388e-01,2.505929781707267878e-01,2.472318872472824836e-01,2.446299678987093607e-01,2.408356721580028337e-01,2.374586337742069786e-01,2.346588207335011944e-01,2.318055035694532029e-01
1.237500000000000000e+02,3.144265420527870836e-01,2.961065247445046622e-01,2.853988740199762675e-01,2.780508783400719719e-01,2.725555339621703044e-01,2.682267875537628354e-01,2.617437355547020394e-01,2.551417608134317616e-01,2.505929783408878952e-01,2.472318874672036204e-01,2.446299681523097236e-01,2.408356724646081581e-01,2.374586341372634246e-01,2.346588211333472673e-01,2.318055039995867150e-01
1.240000000000000000e+02,3.144265417439865984e-01,2.961065247496634800e-01,2.853988740227643151e-01,2.780508783481749346e-01,2.725555339794711873e-01,2.682267875836798487e-01,2.617437356171622431e-01,2.551417609323651803e-01,2.505929785125859399e-01,2.472318876805931209e-01,2.446299684105479322e-01,2.408356727774340345e-01,2.374586345046162117e-01,2.346588215331513738e-01,2.318055044930598940e-01
1.242500000000000000e+02,3.144265414510242773e-01,2.961065247544749646e-01,2.853988740255509748e-01,2.780508783562956054e-01,2.725555339966978519e-01,2.682267876136403273e-01,2.617437356799079406e-01,2.551417610505916089e-01,2.505929786829353412e-01,2.472318878969092804e-01,2.446299686586439481e-01,2.408356730840844340e-01,2.374586348570989214e-01,2.346588219312916446e-01,2.318055048619378222e-01
1.245000000000000000e+02,3.144265411736199001e-01,2.961065247589681482e-01,2.853988740283291969e-01,2.780508783643940163e-01,2.725555340138877125e-01,2.682267876434222265e-01,2.617437357422998656e-01,2.551417611683801101e-01,2.505929788536692127e-01,2.472318881108204192e-01,2.446299689113496934e-01,2.408356733955156204e-01,2.374586352178766901e-01,2.346588223211300284e-01,2.318055052862888210e-01
1.247500000000000000e+02,3.144265409114527787e-01,2.961065247631337605e-01,2.853988740310846595e-01,2.780508783725188504e-01,2.725555340310691910e-01,2.682267876731821432e-01,2.617437358048319007e-01,2.551417612858470907e-01,2.505929790221249065e-01,2.472318883260016253e-01,2.446299691616290184e-01,2.408356736975739154e-01,2.374586355698735385e-01,2.346588227231829193e-01,2.318055057816071074e-01
1.250000000000000000e+02,3.144265406642002270e-01,2.961065247669896761e-01,2.853988740338463392e-01,2.780508783805911710e-01,2.725555340482581079e-01,2.682267877028710612e-01,2.617437358667186187e-01,2.551417614035384474e-01,2.505929791910719850e-01,2.472318885372722930e-01,2.446299694125089463e-01,2.408356740022269404e-01,2.374586359286939286e-01,2.346588231080034836e-01,2.318055061407000017e-01
1.252500000000000000e+02,3.144265404314668944e-01,2.961065247705322312e-01,2.853988740365999699e-01,2.780508783886627144e-01,2.725555340653745828e-01,2.682267877326168781e-01,2.617437359288177223e-01,2.551417615200229361e-01,2.505929793597100885e-01,2.472318887496026130e-01,2.446299696594040340e-01,2.408356743121427279e-01,2.374586362757511726e-01,2.346588234937236339e-01,2.318055065593802866e-01
1.255000000000000000e+02,3.144265402129016174e-01,2.961065247737788009e-01,2.853988740393592072e-01,2.780508783967251540e-01,2.725555340824613593e-01,2.682267877621631880e-01,2.617437359906211181e-01,2.551417616365855290e-01,2.505929795272381910e-01,2.472318889618241866e-01,2.446299699068407718e-01,2.408356746089634071e-01,2.374586366244196278e-01,2.346588238977854457e-01,2.318055070266250017e-01
1.257500000000000000e+02,3.144265400082024708e-01,2.961065247767402653e-01,2.853988740420916881e-01,2.780508784048211224e-01,2.725555340995328146e-01,2.682267877916994503e-01,2.617437360524813017e-01,2.551417617524801007e-01,2.505929796940213894e-01,2.472318891719616218e-01,2.446299701561215345e-01,2.408356749124296592e-01,2.374586369890506199e-01,2.346588242697457416e-01,2.318055074061090848e-01
1.260000000000000000e+02,3.144265398168688552e-01,2.961065247794276711e-01,2.853988740448302752e-01,2.780508784128443711e-01,2.725555341166222556e-01,2.682267878211631040e-01,2.617437361138033602e-01,2.551417618689437172e-01,2.505929798602622993e-01,2.472318893815647900e-01,2.446299703995970243e-01,2.408356752108207766e-01,2.374586373216305002e-01,2.346588246513759690e-01,2.318055078192667318e-01
1.262500000000000000e+02,3.144265396385514943e-01,2.961065247818591151e-01,2.853988740475627006e-01,2.780508784208914896e-01,2.725555341336298176e-01,2.682267878506908176e-01,2.617437361752624203e-01,2.551417619837151873e-01,2.505929800272241326e-01,2.472318895899937585e-01,2.446299706455317691e-01,2.408356755124362591e-01,2.374586376683092137e-01,2.346588250572677892e-01,2.318055082580965931e-01
1.265000000000000000e+02,3.144265394728323892e-01,2.961065247840241055e-01,2.853988740503001220e-01,2.780508784289052460e-01,2.725555341506080698e-01,2.682267878800070893e-01,2.617437362365074849e-01,2.551417620990641955e-01,2.505929801916328414e-01,2.472318898005604337e-01,2.446299708877965606e-01,2.408356758063977809e-01,2.374586380227574622e-01,2.346588254167596421e-01,2.318055086586053859e-01
1.267500000000000000e+02,3.144265393193069746e-01,2.961065247859542282e-01,2.853988740530151724e-01,2.780508784369532527e-01,2.725555341675803267e-01,2.682267879093326313e-01,2.617437362977075854e-01,2.551417622134058982e-01,2.505929803567553127e-01,2.472318900057603741e-01,2.446299711339447458e-01,2.408356761019760650e-01,2.374586383569588510e-01,2.346588257943503508e-01,2.318055090663131423e-01
1.270000000000000000e+02,3.144265391775376006e-01,2.961065247876654150e-01,2.853988740557555914e-01,2.780508784449546855e-01,2.725555341845617985e-01,2.682267879385621390e-01,2.617437363584629306e-01,2.551417623286679204e-01,2.505929805203600536e-01,2.472318902134855723e-01,2.446299713723462665e-01,2.408356764036502229e-01,2.374586387015787114e-01,2.346588262018838855e-01,2.318055094763601387e-01
1.272500000000000000e+02,3.144265390470833976e-01,2.961065247891489505e-01,2.853988740584504913e-01,2.780508784529607813e-01,2.725555342014667759e-01,2.682267879678679190e-01,2.617437364192931049e-01,2.551417624417584018e-01,2.505929806856737607e-01,2.472318904183473109e-01,2.446299716138349845e-01,2.408356766910881019e-01,2.374586390412675996e-01,2.346588265493026459e-01,2.318055098790005319e-01
1.275000000000000000e+02,3.144265389275252010e-01,2.961065247904595132e-01,2.853988740611844710e-01,2.780508784609466710e-01,2.725555342183357266e-01,2.682267879969611468e-01,2.617437364799783395e-01,2.551417625557693136e-01,2.505929808470110376e-01,2.472318906252948811e-01,2.446299718545621449e-01,2.408356769855655999e-01,2.374586393817961216e-01,2.346588269229301638e-01,2.318055103009453166e-01
1.277500000000000000e+02,3.144265388184522836e-01,2.961065247915535825e-01,2.853988740638809252e-01,2.780508784689556534e-01,2.725555342352030119e-01,2.682267880260686965e-01,2.617437365405120842e-01,2.551417626687500495e-01,2.505929810100692712e-01,2.472318908276605054e-01,2.446299720935478650e-01,2.408356772760746334e-01,2.374586397167671170e-01,2.346588273263753577e-01,2.318055106818021072e-01
1.280000000000000000e+02,3.144265387194528083e-01,2.961065247924844490e-01,2.853988740665996393e-01,2.780508784769231689e-01,2.725555342520750157e-01,2.682267880550773254e-01,2.617437366007340227e-01,2.551417627823601708e-01,2.505929811715297828e-01,2.472318910316178564e-01,2.446299723310604579e-01,2.408356775682603534e-01,2.374586400498362726e-01,2.346588276676248308e-01,2.318055110791856777e-01
1.282500000000000000e+02,3.144265386300610921e-01,2.961065247932667677e-01,2.853988740692929293e-01,2.780508784848797488e-01,2.725555342688803506e-01,2.682267880841668339e-01,2.617437366609356997e-01,2.551417628942654336e-01,2.505929813338672596e-01,2.472318912349086018e-01,2.446299725675729897e-01,2.408356778544733789e-01,2.374586403962021253e-01,2.346588280373197999e-01,2.318055115235588826e-01
1.285000000000000000e+02,3.144265385498668519e-01,2.961065247938688416e-01,2.853988740720158068e-01,2.780508784928301669e-01,2.725555342856532115e-01,2.682267881130369069e-01,2.617437367210739829e-01,2.551417630067713271e-01,2.505929814935643485e-01,2.472318914370676968e-01,2.446299728074141921e-01,2.408356781413587278e-01,2.374586407172427915e-01,2.346588284274915559e-01,2.318055118747620325e-01
1.287500000000000000e+02,3.144265384784715733e-01,2.961065247943485135e-01,2.853988740746996045e-01,2.780508785008106165e-01,2.725555343024182453e-01,2.682267881419311273e-01,2.617437367809756221e-01,2.551417631185912138e-01,2.505929816540613531e-01,2.472318916378957454e-01,2.446299730393858285e-01,2.408356784351225188e-01,2.374586410485295951e-01,2.346588287719679478e-01,2.318055122670099888e-01
1.290000000000000000e+02,3.144265384154429910e-01,2.961065247947157197e-01,2.853988740774025534e-01,2.780508785087227874e-01,2.725555343191720659e-01,2.682267881707213752e-01,2.617437368406337339e-01,2.551417632305561511e-01,2.505929818139577270e-01,2.472318918381587738e-01,2.446299732751393008e-01,2.408356787135729482e-01,2.374586413908457150e-01,2.346588291377863233e-01,2.318055127341455690e-01
1.292500000000000000e+02,3.144265383603577768e-01,2.961065247949440926e-01,2.853988740800936230e-01,2.780508785166538877e-01,2.725555343358867511e-01,2.682267881995999415e-01,2.617437369002283409e-01,2.551417633413313180e-01,2.505929819733003772e-01,2.472318920399223519e-01,2.446299735076790938e-01,2.408356789994572644e-01,2.374586417079183609e-01,2.346588295151173786e-01,2.318055130556190002e-01
1.295000000000000000e+02,3.144265383128608815e-01,2.961065247950835921e-01,2.853988740827986814e-01,2.780508785245759951e-01,2.725555343525508101e-01,2.682267882282436400e-01,2.617437369598214492e-01,2.551417634523531763e-01,2.505929821314534234e-01,2.472318922373950567e-01,2.446299737422988063e-01,2.408356792823720671e-01,2.374586420373560047e-01,2.346588298625899571e-01,2.318055134428155806e-01
1.297500000000000000e+02,3.144265382725557889e-01,2.961065247951204515e-01,2.853988740854761508e-01,2.780508785324958265e-01,2.725555343692058208e-01,2.682267882569213113e-01,2.617437370190847101e-01,2.551417635630433001e-01,2.505929822894472081e-01,2.472318924367094550e-01,2.446299739717567867e-01,2.408356795655400839e-01,2.374586423654683753e-01,2.346588302245712909e-01,2.318055138842539387e-01
1.300000000000000000e+02,3.144265382389936914e-01,2.961065247950792068e-01,2.853988740881817088e-01,2.780508785403916772e-01,2.725555343858701574e-01,2.682267882855018937e-01,2.617437370782126349e-01,2.551417636733928629e-01,2.505929824477943768e-01,2.472318926333669509e-01,2.446299742027216451e-01,2.408356798443054003e-01,2.374586426888403989e-01,2.346588305894590498e-01,2.318055142247020251e-01
1.302500000000000000e+02,3.144265382118308083e-01,2.961065247949717372e-01,2.853988740908593447e-01,2.780508785482846412e-01,2.725555344024780391e-01,2.682267883141626896e-01,2.617437371372076105e-01,2.551417637830472041e-01,2.505929826042205266e-01,2.472318928325209220e-01,2.446299744344372640e-01,2.408356801228491717e-01,2.374586430124397962e-01,2.346588309396908378e-01,2.318055146069522010e-01
1.305000000000000000e+02,3.144265381907274115e-01,2.961065247947865520e-01,2.853988740935539115e-01,2.780508785561695562e-01,2.725555344190364604e-01,2.682267883425910049e-01,2.617437371962579307e-01,2.551417638926206100e-01,2.505929827608572857e-01,2.472318930265144377e-01,2.446299746622812576e-01,2.408356804090017178e-01,2.374586433308519817e-01,2.346588312979012991e-01,2.318055150223817251e-01
1.307500000000000000e+02,3.144265381752526234e-01,2.961065247945570689e-01,2.853988740962193904e-01,2.780508785640534719e-01,2.725555344356012100e-01,2.682267883710623968e-01,2.617437372548963026e-01,2.551417640021900191e-01,2.505929829163938138e-01,2.472318932225705534e-01,2.446299748909452620e-01,2.408356806788675697e-01,2.374586436600533701e-01,2.346588316507342287e-01,2.318055153823834758e-01
1.310000000000000000e+02,3.144265381651443758e-01,2.961065247942712420e-01,2.853988740989131245e-01,2.780508785719157383e-01,2.725555344521591872e-01,2.682267883994257640e-01,2.617437373135023115e-01,2.551417641109534062e-01,2.505929830732211427e-01,2.472318934174679017e-01,2.446299751172089088e-01,2.408356809564840550e-01,2.374586439702396357e-01,2.346588320035223330e-01,2.318055157597780358e-01
1.312500000000000000e+02,3.144265381599916642e-01,2.961065247939543843e-01,2.853988741015814345e-01,2.780508785797505822e-01,2.725555344686665382e-01,2.682267884278823344e-01,2.617437373718962679e-01,2.551417642195027979e-01,2.505929832267886903e-01,2.472318936120856403e-01,2.446299753475680849e-01,2.408356812321187923e-01,2.374586442870607328e-01,2.346588323550339028e-01,2.318055161488058458e-01
1.315000000000000000e+02,3.144265381594757436e-01,2.961065247936071620e-01,2.853988741042849386e-01,2.780508785876078526e-01,2.725555344851300354e-01,2.682267884560859406e-01,2.617437374304211750e-01,2.551417643276566172e-01,2.505929833818460462e-01,2.472318938046446923e-01,2.446299755693245037e-01,2.408356815066260981e-01,2.374586446179624555e-01,2.346588326991498608e-01,2.318055165216000024e-01
1.317500000000000000e+02,3.144265381632781464e-01,2.961065247932351263e-01,2.853988741069350410e-01,2.780508785954537987e-01,2.725555345015884257e-01,2.682267884843583805e-01,2.617437374884464818e-01,2.551417644361225201e-01,2.505929835350582113e-01,2.472318939972150686e-01,2.446299757949225995e-01,2.408356817782424386e-01,2.374586449189385051e-01,2.346588330542977441e-01,2.318055169016301487e-01
1.320000000000000000e+02,3.144265381711008889e-01,2.961065247928461597e-01,2.853988741096296633e-01,2.780508786032948598e-01,2.725555345180490363e-01,2.682267885125032558e-01,2.617437375465231919e-01,2.551417645433408654e-01,2.505929836895898766e-01,2.472318941906879730e-01,2.446299760188850037e-01,2.408356820487806971e-01,2.374586452341192477e-01,2.346588333942081495e-01,2.318055172638741335e-01
1.322500000000000000e+02,3.144265381826451544e-01,2.961065247924528077e-01,2.853988741122804873e-01,2.780508786110944541e-01,2.725555345344481961e-01,2.682267885407493835e-01,2.617437376043329489e-01,2.551417646508005177e-01,2.505929838411596333e-01,2.472318943808601011e-01,2.446299762426916158e-01,2.408356823275933922e-01,2.374586455513184036e-01,2.346588337349446163e-01,2.318055176319723520e-01
1.325000000000000000e+02,3.144265381975944740e-01,2.961065247920439680e-01,2.853988741149841579e-01,2.780508786189067605e-01,2.725555345508115512e-01,2.682267885687458220e-01,2.617437376623377721e-01,2.551417647575481840e-01,2.505929839938251802e-01,2.472318945720101135e-01,2.446299764637069329e-01,2.408356825892405961e-01,2.374586458585812576e-01,2.346588340922277360e-01,2.318055180328690013e-01
1.327500000000000000e+02,3.144265382156968269e-01,2.961065247916284671e-01,2.853988741176362032e-01,2.780508786267193999e-01,2.725555345671722418e-01,2.682267885968125376e-01,2.617437377197552317e-01,2.551417648649375591e-01,2.505929841456021601e-01,2.472318947611623352e-01,2.446299766847754575e-01,2.408356828589569010e-01,2.374586461714565944e-01,2.346588344209060151e-01,2.318055183678870146e-01
1.330000000000000000e+02,3.144265382366410733e-01,2.961065247912497145e-01,2.853988741203192792e-01,2.780508786345218808e-01,2.725555345835355969e-01,2.682267886247461930e-01,2.617437377773128016e-01,2.551417649706302915e-01,2.505929842973468324e-01,2.472318949529735965e-01,2.446299769080154674e-01,2.408356831275880183e-01,2.374586464761068161e-01,2.346588347583062062e-01,2.318055187313920185e-01
1.332500000000000000e+02,3.144265382602435266e-01,2.961065247908339360e-01,2.853988741229738224e-01,2.780508786422881684e-01,2.725555345998400547e-01,2.682267886527873735e-01,2.617437378345395249e-01,2.551417650770264056e-01,2.505929844474971135e-01,2.472318951390540809e-01,2.446299771253829802e-01,2.408356833938043173e-01,2.374586467891836306e-01,2.346588351175406262e-01,2.318055191538348492e-01
1.335000000000000000e+02,3.144265382861760605e-01,2.961065247904547948e-01,2.853988741256559547e-01,2.780508786500587304e-01,2.725555346160992709e-01,2.682267886805633772e-01,2.617437378920342561e-01,2.551417651823953414e-01,2.505929845978294712e-01,2.472318953276585463e-01,2.446299773457074611e-01,2.408356836585406335e-01,2.374586470891206502e-01,2.346588354353358885e-01,2.318055194611715331e-01
1.337500000000000000e+02,3.144265383142754167e-01,2.961065247900896980e-01,2.853988741283068897e-01,2.780508786578444469e-01,2.725555346323629280e-01,2.682267887084351932e-01,2.617437379488549709e-01,2.551417652885704657e-01,2.505929847481720429e-01,2.472318955146366459e-01,2.446299775623234363e-01,2.408356839213951495e-01,2.374586473923498975e-01,2.346588357694165405e-01,2.318055198201693090e-01
1.340000000000000000e+02,3.144265383442442219e-01,2.961065247897134434e-01,2.853988741309798627e-01,2.780508786656070153e-01,2.725555346486212005e-01,2.682267887361556857e-01,2.617437380059048357e-01,2.551417653929093365e-01,2.505929848971952811e-01,2.472318957021318042e-01,2.446299777822050214e-01,2.408356841918651015e-01,2.374586477107887561e-01,2.346588361304438042e-01,2.318055202381489044e-01
1.342500000000000000e+02,3.144265383759092813e-01,2.961065247894292818e-01,2.853988741336455637e-01,2.780508786733374427e-01,2.725555346648280142e-01,2.682267887640015225e-01,2.617437380625730614e-01,2.551417654980039362e-01,2.505929850459547303e-01,2.472318958868954530e-01,2.446299779959164866e-01,2.408356844469261293e-01,2.374586479983325504e-01,2.346588364376852587e-01,2.318055205440432143e-01
1.345000000000000000e+02,3.144265384090638160e-01,2.961065247891354613e-01,2.853988741363096548e-01,2.780508786810753641e-01,2.725555346809881985e-01,2.682267887915679716e-01,2.617437381195560908e-01,2.551417656022728075e-01,2.505929851939784903e-01,2.472318960721871794e-01,2.446299782119626953e-01,2.408356847090440400e-01,2.374586483000762638e-01,2.346588367685067955e-01,2.318055208986017079e-01
1.347500000000000000e+02,3.144265384434991040e-01,2.961065247888505225e-01,2.853988741389539840e-01,2.780508786888112316e-01,2.725555346971498261e-01,2.682267888192311212e-01,2.617437381757833359e-01,2.551417657069528500e-01,2.505929853429433307e-01,2.472318962578511359e-01,2.446299784278203882e-01,2.408356849709367142e-01,2.374586486069857894e-01,2.346588371263006456e-01,2.318055212926782571e-01
1.350000000000000000e+02,3.144265384790405626e-01,2.961065247886191520e-01,2.853988741416214614e-01,2.780508786965527612e-01,2.725555347133193917e-01,2.682267888467500527e-01,2.617437382323390405e-01,2.551417658102740904e-01,2.505929854892862130e-01,2.472318964411090725e-01,2.446299786414713462e-01,2.408356852291920758e-01,2.374586488991016209e-01,2.346588374281874112e-01,2.318055216167997090e-01
1.352500000000000000e+02,3.144265385155011749e-01,2.961065247883982177e-01,2.853988741442692878e-01,2.780508787042390018e-01,2.725555347294352782e-01,2.682267888743898321e-01,2.617437382884392205e-01,2.551417659140158833e-01,2.505929856366645447e-01,2.472318966245680427e-01,2.446299788545254761e-01,2.408356854873118791e-01,2.374586491993114779e-01,2.346588377557606298e-01,2.318055219670135947e-01
1.355000000000000000e+02,3.144265385527314494e-01,2.961065247882223583e-01,2.853988741469402624e-01,2.780508787119576053e-01,2.725555347454987065e-01,2.682267889017553864e-01,2.617437383448953936e-01,2.551417660172664581e-01,2.505929857824575890e-01,2.472318968066231359e-01,2.446299790662855023e-01,2.408356857427910724e-01,2.374586494935478631e-01,2.346588381019227287e-01,2.318055223368234719e-01
1.357500000000000000e+02,3.144265385905885557e-01,2.961065247880649287e-01,2.853988741495808723e-01,2.780508787196505072e-01,2.725555347615624124e-01,2.682267889292249685e-01,2.617437384005706358e-01,2.551417661204861687e-01,2.505929859297189033e-01,2.472318969909883812e-01,2.446299792815212482e-01,2.408356860052649207e-01,2.374586497914499272e-01,2.346588384069722977e-01,2.318055226797471613e-01
1.360000000000000000e+02,3.144265386288801478e-01,2.961065247879633988e-01,2.853988741522371364e-01,2.780508787273526794e-01,2.725555347776190684e-01,2.682267889565425611e-01,2.617437384565869385e-01,2.551417662227929983e-01,2.505929860737586279e-01,2.472318971701070733e-01,2.446299794890346713e-01,2.408356862539885179e-01,2.374586500817372769e-01,2.346588387313486845e-01,2.318055230257082544e-01
1.362500000000000000e+02,3.144265386674764406e-01,2.961065247878637563e-01,2.853988741548876273e-01,2.780508787350136068e-01,2.725555347936359785e-01,2.682267889839897723e-01,2.617437385121783588e-01,2.551417663252256718e-01,2.505929862191314528e-01,2.472318973516583474e-01,2.446299797002353948e-01,2.408356865087889209e-01,2.374586503721601016e-01,2.346588390662447676e-01,2.318055233708779250e-01
1.365000000000000000e+02,3.144265387062898376e-01,2.961065247878107987e-01,2.853988741575393395e-01,2.780508787426994033e-01,2.725555348096103669e-01,2.682267890111466602e-01,2.617437385680734252e-01,2.551417664274655550e-01,2.505929863633664101e-01,2.472318975311816325e-01,2.446299799090232985e-01,2.408356867642117982e-01,2.374586506754162996e-01,2.346588393742591316e-01,2.318055237127201740e-01
1.367500000000000000e+02,3.144265387451723459e-01,2.961065247877903150e-01,2.853988741601800050e-01,2.780508787503481738e-01,2.725555348255844224e-01,2.682267890384130715e-01,2.617437386232397412e-01,2.551417665292441961e-01,2.505929865080300800e-01,2.472318977119265515e-01,2.446299801190429113e-01,2.408356870148146422e-01,2.374586509537365553e-01,2.346588396954817357e-01,2.318055240749834212e-01
1.370000000000000000e+02,3.144265387839972337e-01,2.961065247878224560e-01,2.853988741628237236e-01,2.780508787580128205e-01,2.725555348415398260e-01,2.682267890655356535e-01,2.617437386787105913e-01,2.551417666305606513e-01,2.505929866507543013e-01,2.472318978893316421e-01,2.446299803251564264e-01,2.408356872665892157e-01,2.374586512428329965e-01,2.346588400194654644e-01,2.318055243951162026e-01
1.372500000000000000e+02,3.144265388226785696e-01,2.961065247878639783e-01,2.853988741654675532e-01,2.780508787656326142e-01,2.725555348574649761e-01,2.682267890927780285e-01,2.617437387338148458e-01,2.551417667316974724e-01,2.505929867939460376e-01,2.472318980677478684e-01,2.446299805321995591e-01,2.408356875149832710e-01,2.374586515400247400e-01,2.346588403302323489e-01,2.318055247328384971e-01
1.375000000000000000e+02,3.144265388611515721e-01,2.961065247879409168e-01,2.853988741681212082e-01,2.780508787732834941e-01,2.725555348733450511e-01,2.682267891197339660e-01,2.617437387891369260e-01,2.551417668329434285e-01,2.505929869368787033e-01,2.472318982460328107e-01,2.446299807404170024e-01,2.408356877697737652e-01,2.374586518178862793e-01,2.346588406483368638e-01,2.318055251151811824e-01
1.377500000000000000e+02,3.144265388992210641e-01,2.961065247880532159e-01,2.853988741707448873e-01,2.780508787809047866e-01,2.725555348892140795e-01,2.682267891468090859e-01,2.617437388438235701e-01,2.551417669333109761e-01,2.505929870789943559e-01,2.472318984227615535e-01,2.446299809445091622e-01,2.408356880123820598e-01,2.374586521056049060e-01,2.346588409617332560e-01,2.318055254098145002e-01
1.380000000000000000e+02,3.144265389369577113e-01,2.961065247882102014e-01,2.853988741733802237e-01,2.780508787885465072e-01,2.725555349050931553e-01,2.682267891737195042e-01,2.617437388987505220e-01,2.551417670336513788e-01,2.505929872204151199e-01,2.472318985989543083e-01,2.446299811500601828e-01,2.408356882601596360e-01,2.374586523905641289e-01,2.346588412750885977e-01,2.318055257434764871e-01
1.382500000000000000e+02,3.144265389741326966e-01,2.961065247883744589e-01,2.853988741760152270e-01,2.780508787961217254e-01,2.725555349209279887e-01,2.682267892007764165e-01,2.617437389533731618e-01,2.551417671335112769e-01,2.505929873614669567e-01,2.472318987743102048e-01,2.446299813530278811e-01,2.408356885093687061e-01,2.374586526741742643e-01,2.346588415874824030e-01,2.318055261400348566e-01
1.385000000000000000e+02,3.144265390107753300e-01,2.961065247885872331e-01,2.853988741786652739e-01,2.780508788037377443e-01,2.725555349366962088e-01,2.682267892275304044e-01,2.617437390081263637e-01,2.551417672337797926e-01,2.505929875031129850e-01,2.472318989513791476e-01,2.446299815595180394e-01,2.408356887526261481e-01,2.374586529553410486e-01,2.346588418932305242e-01,2.318055264152337203e-01
1.387500000000000000e+02,3.144265390467950727e-01,2.961065247888254315e-01,2.853988741812827912e-01,2.780508788113188468e-01,2.725555349524747539e-01,2.682267892544193955e-01,2.617437390623529869e-01,2.551417673327720514e-01,2.505929876427152037e-01,2.472318991241629349e-01,2.446299817589557279e-01,2.408356889982803950e-01,2.374586532336859512e-01,2.346588422089543047e-01,2.318055267449237733e-01
1.390000000000000000e+02,3.144265390821479045e-01,2.961065247890846686e-01,2.853988741839206811e-01,2.780508788189168246e-01,2.725555349682510231e-01,2.682267892811384113e-01,2.617437391167465877e-01,2.551417674321386220e-01,2.505929877828809160e-01,2.472318992990552300e-01,2.446299819614520532e-01,2.408356892398644811e-01,2.374586535226458073e-01,2.346588425111501564e-01,2.318055271194685296e-01
1.392500000000000000e+02,3.144265391167606616e-01,2.961065247893742702e-01,2.853988741865475798e-01,2.780508788264743347e-01,2.725555349839816621e-01,2.682267893079992027e-01,2.617437391708998806e-01,2.551417675307515731e-01,2.505929879218399270e-01,2.472318994715168305e-01,2.446299821629434046e-01,2.408356894872553944e-01,2.374586537922552809e-01,2.346588428141245242e-01,2.318055274116843922e-01
1.395000000000000000e+02,3.144265391505894902e-01,2.961065247896833563e-01,2.853988741891709813e-01,2.780508788340554371e-01,2.725555349996686139e-01,2.682267893345573473e-01,2.617437392250976380e-01,2.551417676300581916e-01,2.505929880621984296e-01,2.472318996458731100e-01,2.446299823636876036e-01,2.408356897240042926e-01,2.374586540694101355e-01,2.346588431320617008e-01,2.318055277374570788e-01
1.397500000000000000e+02,3.144265391835881496e-01,2.961065247900281916e-01,2.853988741917967698e-01,2.780508788416012900e-01,2.725555350153583412e-01,2.682267893612466647e-01,2.617437392788485306e-01,2.551417677276849871e-01,2.505929881993564923e-01,2.472318998163281767e-01,2.446299825626066515e-01,2.408356899650280214e-01,2.374586543574384312e-01,2.346588434243591925e-01,2.318055280896474946e-01
1.400000000000000000e+02,3.144265392157533645e-01,2.961065247903792441e-01,2.853988741944219476e-01,2.780508788491773964e-01,2.725555350310346903e-01,2.682267893877764986e-01,2.617437393327163853e-01,2.551417678260478605e-01,2.505929883379440781e-01,2.472318999882379409e-01,2.446299827611714550e-01,2.408356902082371132e-01,2.374586546218342975e-01,2.346588437245547554e-01,2.318055283994108762e-01
1.402500000000000000e+02,3.144265392470592113e-01,2.961065247907612719e-01,2.853988741970250320e-01,2.780508788566847245e-01,2.725555350466776217e-01,2.682267894144508280e-01,2.617437393864041617e-01,2.551417679234880831e-01,2.505929884751648684e-01,2.472319001595570387e-01,2.446299829621643163e-01,2.408356904444340918e-01,2.374586548977727363e-01,2.346588440445225299e-01,2.318055287213482696e-01
1.405000000000000000e+02,3.144265392774315826e-01,2.961065247911682241e-01,2.853988741996535405e-01,2.780508788642286899e-01,2.725555350622658191e-01,2.682267894408124076e-01,2.617437394400545791e-01,2.551417680215749550e-01,2.505929886132244877e-01,2.472319003300858242e-01,2.446299831572525119e-01,2.408356906841928602e-01,2.374586551739658324e-01,2.346588443272498159e-01,2.318055290508278521e-01
1.407500000000000000e+02,3.144265393068901848e-01,2.961065247915870002e-01,2.853988742022698921e-01,2.780508788717441226e-01,2.725555350778574026e-01,2.682267894673132647e-01,2.617437394933455619e-01,2.551417681181318842e-01,2.505929887490339070e-01,2.472319004994184000e-01,2.446299833553468028e-01,2.408356909192276574e-01,2.374586554441012465e-01,2.346588446246996029e-01,2.318055293690274576e-01
1.410000000000000000e+02,3.144265393354015448e-01,2.961065247920339205e-01,2.853988742048825800e-01,2.780508788792884767e-01,2.725555350934484311e-01,2.682267894936457564e-01,2.617437395466900019e-01,2.551417682152765098e-01,2.505929888855842891e-01,2.472319006684169651e-01,2.446299835503877862e-01,2.408356911595180283e-01,2.374586557166412093e-01,2.346588449465404069e-01,2.318055296968709322e-01
1.412500000000000000e+02,3.144265393629637195e-01,2.961065247924948296e-01,2.853988742074919926e-01,2.780508788867647740e-01,2.725555351090039879e-01,2.682267895201320695e-01,2.617437395999124838e-01,2.551417683117995772e-01,2.505929890216008205e-01,2.472319008386049122e-01,2.446299837478533301e-01,2.408356913906139762e-01,2.374586559836003030e-01,2.346588452199642461e-01,2.318055300032467736e-01
1.415000000000000000e+02,3.144265393895664951e-01,2.961065247929637323e-01,2.853988742101092324e-01,2.780508788942697707e-01,2.725555351245022018e-01,2.682267895463042451e-01,2.617437396530325477e-01,2.551417684085396931e-01,2.505929891572589163e-01,2.472319010053835586e-01,2.446299839404209031e-01,2.408356916251353785e-01,2.374586562590733085e-01,2.346588455147172458e-01,2.318055303177291304e-01
1.417500000000000000e+02,3.144265394151628534e-01,2.961065247934450695e-01,2.853988742127278599e-01,2.780508789017555604e-01,2.725555351399936432e-01,2.682267895726169749e-01,2.617437397058652304e-01,2.551417685041974526e-01,2.505929892918721813e-01,2.472319011736126837e-01,2.446299841347238102e-01,2.408356918625877974e-01,2.374586565204311883e-01,2.346588458339843308e-01,2.318055306642966273e-01
1.420000000000000000e+02,3.144265394397998126e-01,2.961065247939461131e-01,2.853988742153203972e-01,2.780508789092577260e-01,2.725555351554957428e-01,2.682267895987622275e-01,2.617437397587007997e-01,2.551417686001447582e-01,2.505929894264251612e-01,2.472319013397467347e-01,2.446299843293057719e-01,2.408356920919793587e-01,2.374586567863499198e-01,2.346588461026818395e-01,2.318055309471658554e-01
1.422500000000000000e+02,3.144265394634550015e-01,2.961065247944461576e-01,2.853988742179208171e-01,2.780508789167029371e-01,2.725555351709630370e-01,2.682267896250434824e-01,2.617437398114692004e-01,2.551417686957552777e-01,2.505929895612487024e-01,2.472319015080454152e-01,2.446299845212855095e-01,2.408356923259286075e-01,2.374586570656786189e-01,2.346588463947534842e-01,2.318055312579853089e-01
1.425000000000000000e+02,3.144265394861291973e-01,2.961065247949719037e-01,2.853988742205360030e-01,2.780508789241831757e-01,2.725555351863608311e-01,2.682267896510261984e-01,2.617437398640533042e-01,2.551417687911871623e-01,2.505929896945623958e-01,2.472319016719375928e-01,2.446299847134190408e-01,2.408356925547961436e-01,2.374586573173891324e-01,2.346588467037535874e-01,2.318055316239080454e-01
1.427500000000000000e+02,3.144265395078776892e-01,2.961065247955129709e-01,2.853988742231363673e-01,2.780508789316223917e-01,2.725555352017718369e-01,2.682267896771687865e-01,2.617437399164397327e-01,2.551417688859408672e-01,2.505929898280037094e-01,2.472319018376796795e-01,2.446299849039813568e-01,2.408356927882667753e-01,2.374586575821958367e-01,2.346588469755571948e-01,2.318055318828053657e-01
1.430000000000000000e+02,3.144265395286252041e-01,2.961065247960511515e-01,2.853988742257230204e-01,2.780508789390960245e-01,2.725555352171739054e-01,2.682267897031184734e-01,2.617437399687640998e-01,2.551417689807113920e-01,2.505929899605933708e-01,2.472319020024004721e-01,2.446299850981285828e-01,2.408356930139094465e-01,2.374586578500840484e-01,2.346588472649508428e-01,2.318055321900430454e-01
1.432500000000000000e+02,3.144265395484343584e-01,2.961065247966061520e-01,2.853988742283251612e-01,2.780508789465161446e-01,2.725555352325458314e-01,2.682267897292280878e-01,2.617437400210923526e-01,2.551417690754172463e-01,2.505929900942409083e-01,2.472319021670587591e-01,2.446299852847291234e-01,2.408356932421808760e-01,2.374586581075272818e-01,2.346588475639947435e-01,2.318055325466620853e-01
1.435000000000000000e+02,3.144265395673062069e-01,2.961065247971540471e-01,2.853988742309148674e-01,2.780508789539557490e-01,2.725555352478622462e-01,2.682267897550225100e-01,2.617437400731459363e-01,2.551417691695588852e-01,2.505929902252642116e-01,2.472319023299019702e-01,2.446299854748842373e-01,2.408356934740545352e-01,2.374586583711665033e-01,2.346588478387053867e-01,2.318055328104380863e-01
1.437500000000000000e+02,3.144265395852187672e-01,2.961065247977268111e-01,2.853988742335122897e-01,2.780508789613710952e-01,2.725555352631869321e-01,2.682267897809764712e-01,2.617437401250917728e-01,2.551417692634335155e-01,2.505929903575112583e-01,2.472319024928704700e-01,2.446299856633240288e-01,2.408356936969229811e-01,2.374586586280767742e-01,2.346588481254767711e-01,2.318055331141520847e-01
1.440000000000000000e+02,3.144265396022442594e-01,2.961065247982778703e-01,2.853988742361022735e-01,2.780508789688106996e-01,2.725555352784876928e-01,2.682267898067289269e-01,2.617437401769178718e-01,2.551417693570499079e-01,2.505929904882117643e-01,2.472319026565590605e-01,2.446299858522773263e-01,2.408356939246811546e-01,2.374586588908265128e-01,2.346588484148588727e-01,2.318055334501376297e-01
1.442500000000000000e+02,3.144265396183803518e-01,2.961065247988637905e-01,2.853988742386752708e-01,2.780508789761750865e-01,2.725555352937747977e-01,2.682267898326663458e-01,2.617437402287918768e-01,2.551417694508680278e-01,2.505929906200956014e-01,2.472319028176313549e-01,2.446299860383555347e-01,2.408356941482004410e-01,2.374586591443905714e-01,2.346588486922743522e-01,2.318055337302773466e-01
1.445000000000000000e+02,3.144265396336267671e-01,2.961065247994226768e-01,2.853988742412756907e-01,2.780508789835837713e-01,2.725555353090048372e-01,2.682267898582678667e-01,2.617437402803334257e-01,2.551417695437505628e-01,2.505929907494560127e-01,2.472319029794447232e-01,2.446299862248983159e-01,2.408356943750899204e-01,2.374586593996623196e-01,2.346588489764503405e-01,2.318055340305194834e-01
1.447500000000000000e+02,3.144265396480126484e-01,2.961065248000077088e-01,2.853988742438619552e-01,2.780508789909650891e-01,2.725555353242302137e-01,2.682267898840204334e-01,2.617437403318403910e-01,2.551417696367502264e-01,2.505929908798030792e-01,2.472319031396960076e-01,2.446299864129478363e-01,2.408356945954975570e-01,2.374586596673247119e-01,2.346588492564794237e-01,2.318055343455522610e-01
1.450000000000000000e+02,3.144265396615510411e-01,2.961065248005760320e-01,2.853988742464374506e-01,2.780508789983865414e-01,2.725555353394566449e-01,2.682267899096184016e-01,2.617437403831828213e-01,2.551417697292248654e-01,2.505929910093743773e-01,2.472319033022676305e-01,2.446299865966766462e-01,2.408356948177454715e-01,2.374586599105017182e-01,2.346588495364491656e-01,2.318055346423849306e-01
1.452500000000000000e+02,3.144265396742887408e-01,2.961065248011531814e-01,2.853988742490185526e-01,2.780508790057196755e-01,2.725555353546458837e-01,2.682267899353474871e-01,2.617437404346193985e-01,2.551417698221762342e-01,2.505929911390160081e-01,2.472319034599193832e-01,2.446299867823693297e-01,2.408356950442719357e-01,2.374586601647857564e-01,2.346588498157104463e-01,2.318055349394617382e-01
1.455000000000000000e+02,3.144265396862286899e-01,2.961065248017450413e-01,2.853988742515927712e-01,2.780508790131033803e-01,2.725555353697821648e-01,2.682267899607793105e-01,2.617437404856484129e-01,2.551417699138160966e-01,2.505929912672767435e-01,2.472319036198251385e-01,2.446299869653636716e-01,2.408356952608546597e-01,2.374586604248159205e-01,2.346588500889875695e-01,2.318055352331223340e-01
1.457500000000000000e+02,3.144265396973885407e-01,2.961065248023375673e-01,2.853988742541736512e-01,2.780508790204448966e-01,2.725555353849257179e-01,2.682267899863756133e-01,2.617437405367237790e-01,2.551417700059429028e-01,2.505929913957497535e-01,2.472319037783165807e-01,2.446299871513634427e-01,2.408356954826485763e-01,2.374586606702338287e-01,2.346588503713315510e-01,2.318055355265989381e-01
1.460000000000000000e+02,3.144265397077833368e-01,2.961065248029216002e-01,2.853988742567492576e-01,2.780508790278319875e-01,2.725555354000573915e-01,2.682267900117702997e-01,2.617437405875720491e-01,2.551417700973040992e-01,2.505929915242227080e-01,2.472319039373939709e-01,2.446299873316230000e-01,2.408356957010190647e-01,2.374586609234905499e-01,2.346588506415562825e-01,2.318055358411636735e-01
1.462500000000000000e+02,3.144265397174423882e-01,2.961065248034821518e-01,2.853988742593080996e-01,2.780508790351308157e-01,2.725555354151599219e-01,2.682267900373241365e-01,2.617437406385790255e-01,2.551417701893862189e-01,2.505929916516495548e-01,2.472319040940723911e-01,2.446299875142914915e-01,2.408356959215889603e-01,2.374586611728934649e-01,2.346588509125071831e-01,2.318055361130795244e-01
1.465000000000000000e+02,3.144265397264298656e-01,2.961065248040674613e-01,2.853988742618882579e-01,2.780508790424683352e-01,2.725555354302039435e-01,2.682267900625661672e-01,2.617437406891114371e-01,2.551417702798117193e-01,2.505929917788202177e-01,2.472319042513370646e-01,2.446299876964645736e-01,2.408356961369154392e-01,2.374586614235946469e-01,2.346588511970607860e-01,2.318055364032412524e-01
1.467500000000000000e+02,3.144265397347251745e-01,2.961065248046354514e-01,2.853988742644765209e-01,2.780508790497764893e-01,2.725555354452597889e-01,2.682267900879761746e-01,2.617437407397605886e-01,2.551417703709575324e-01,2.505929919054613042e-01,2.472319044088659712e-01,2.446299878774004788e-01,2.408356963533762884e-01,2.374586616697617059e-01,2.346588514585368768e-01,2.318055367359045937e-01
1.470000000000000000e+02,3.144265397423733899e-01,2.961065248052129339e-01,2.853988742670268142e-01,2.780508790571349365e-01,2.725555354602993141e-01,2.682267901132071031e-01,2.617437407901318513e-01,2.551417704613545556e-01,2.505929920328516802e-01,2.472319045645235691e-01,2.446299880573009067e-01,2.408356965747198708e-01,2.374586619149678113e-01,2.346588517271751551e-01,2.318055369856473202e-01
1.472500000000000000e+02,3.144265397493687386e-01,2.961065248057744292e-01,2.853988742695879322e-01,2.780508790644062311e-01,2.725555354753169124e-01,2.682267901385702591e-01,2.617437408407158883e-01,2.551417705522071588e-01,2.505929921581263597e-01,2.472319047202580222e-01,2.446299882365312595e-01,2.408356967852502417e-01,2.374586621705786216e-01,2.346588520137824763e-01,2.318055372726781638e-01
1.475000000000000000e+02,3.144265397557607922e-01,2.961065248063566857e-01,2.853988742721480509e-01,2.780508790717305945e-01,2.725555354902772232e-01,2.682267901636539720e-01,2.617437408907578034e-01,2.551417706418236953e-01,2.505929922842198843e-01,2.472319048749352932e-01,2.446299884183691098e-01,2.408356970012982823e-01,2.374586624066884477e-01,2.346588522667756582e-01,2.318055376127191869e-01
1.477500000000000000e+02,3.144265397615931268e-01,2.961065248069241762e-01,2.853988742747148866e-01,2.780508790789939511e-01,2.725555355052459716e-01,2.682267901888585881e-01,2.617437409409704152e-01,2.551417707318716643e-01,2.505929924090533056e-01,2.472319050315078537e-01,2.446299885943061247e-01,2.408356972146914465e-01,2.374586626510238330e-01,2.346588525331322339e-01,2.318055378510484599e-01
1.480000000000000000e+02,3.144265397668387640e-01,2.961065248074875589e-01,2.853988742772647358e-01,2.780508790863190360e-01,2.725555355201964014e-01,2.682267902139212068e-01,2.617437409908838775e-01,2.551417708214451241e-01,2.505929925351724208e-01,2.472319051838056114e-01,2.446299887732083789e-01,2.408356974291735730e-01,2.374586629036033458e-01,2.346588528216428104e-01,2.318055381347026156e-01
1.482500000000000000e+02,3.144265397715602095e-01,2.961065248080432255e-01,2.853988742798234668e-01,2.780508790935514174e-01,2.725555355351348408e-01,2.682267902391084480e-01,2.617437410410396459e-01,2.551417709110961884e-01,2.505929926585182543e-01,2.472319053381401288e-01,2.446299889497344782e-01,2.408356976396091031e-01,2.374586631376597312e-01,2.346588530663741567e-01,2.318055384557693444e-01
1.485000000000000000e+02,3.144265397757871616e-01,2.961065248086089396e-01,2.853988742823774794e-01,2.780508791008282632e-01,2.725555355500024479e-01,2.682267902640131374e-01,2.617437410905807393e-01,2.551417709998997640e-01,2.505929927830611303e-01,2.472319054907446412e-01,2.446299891279291316e-01,2.408356978504915258e-01,2.374586633810830683e-01,2.346588533304636570e-01,2.318055387095138142e-01
1.487500000000000000e+02,3.144265397795144579e-01,2.961065248091742097e-01,2.853988742849389304e-01,2.780508791080690267e-01,2.725555355649033062e-01,2.682267902890548283e-01,2.617437411403774616e-01,2.551417710888679857e-01,2.505929929066221251e-01,2.472319056445206331e-01,2.446299893022861049e-01,2.408356980668354130e-01,2.374586636233775028e-01,2.346588536169547656e-01,2.318055389899657814e-01
1.490000000000000000e+02,3.144265397827900044e-01,2.961065248097207725e-01,2.853988742874744022e-01,2.780508791153655790e-01,2.725555355797524282e-01,2.682267903139495258e-01,2.617437411898249633e-01,2.551417711776273745e-01,2.505929930306293740e-01,2.472319057953912824e-01,2.446299894778616313e-01,2.408356982715529615e-01,2.374586638626788593e-01,2.346588538574758132e-01,2.318055392916966717e-01
1.492500000000000000e+02,3.144265397856277344e-01,2.961065248102923708e-01,2.853988742900412379e-01,2.780508791225680398e-01,2.725555355946019942e-01,2.682267903389436992e-01,2.617437412395730023e-01,2.551417712661019355e-01,2.505929931529630172e-01,2.472319059472221081e-01,2.446299896540955754e-01,2.408356984820475832e-01,2.374586641018392452e-01,2.346588541193263544e-01,2.318055395611203218e-01
1.495000000000000000e+02,3.144265397880412483e-01,2.961065248108162296e-01,2.853988742925711586e-01,2.780508791298217375e-01,2.725555356093819492e-01,2.682267903636846862e-01,2.617437412886352011e-01,2.551417713540973797e-01,2.505929932757473555e-01,2.472319060989114081e-01,2.446299898274351958e-01,2.408356986906609321e-01,2.374586643375063422e-01,2.346588543966871554e-01,2.318055398387116051e-01
1.497500000000000000e+02,3.144265397900467551e-01,2.961065248113345927e-01,2.853988742951514279e-01,2.780508791370307486e-01,2.725555356241832206e-01,2.682267903885468541e-01,2.617437413380045985e-01,2.551417714420157190e-01,2.505929933982801727e-01,2.472319062494231223e-01,2.446299900015073969e-01,2.408356988992550463e-01,2.374586645817284847e-01,2.346588546401898734e-01,2.318055401205585397e-01
1.500000000000000000e+02,3.144265397917160865e-01,2.961065248118995852e-01,2.853988742976633630e-01,2.780508791442818373e-01,2.725555356389662842e-01,2.682267904132686898e-01,2.617437413870036256e-01,2.551417715299707512e-01,2.505929935202176329e-01,2.472319063994068977e-01,2.446299901738007709e-01,2.408356991049983853e-01,2.374586648111271237e-01,2.346588548998234935e-01,2.318055403949321747e-01
1.500000014999999962e+02,3.144265397917160865e-01,2.961065248118995852e-01,2.853988742976633630e-01,2.780508791442818373e-01,2.725555356389662842e-01,2.682267904132686898e-01,2.617437413870036256e-01,2.551417715299707512e-01,2.505929935202176329e-01,2.472319063994068977e-01,2.446299901738007709e-01,2.408356991049983853e-01,2.374586648111271237e-01,2.346588548998234935e-01,2.318055403949321747e-01
1.509547596496835524e+02,3.144265397917160865e-01,2.961065248118995852e-01,2.853988742976633630e-01,2.780508791442818373e-01,2.725555356389662842e-01,2.682267904132686898e-01,2.617437413870036256e-01,2.551417715299707512e-01,2.505929935202176329e-01,2.472319063994068977e-01,2.446299901738007709e-01,2.408356991049983853e-01,2.374586648111271237e-01,2.346588548998234935e-01,2.318055403949321747e-01
1.519155948868022392e+02,3.144265397917160865e-01,2.961065248118995852e-01,2.853988742976633630e-01,2.780508791442818373e-01,2.725555356389662842e-01,2.682267904132686898e-01,2.617437413870036256e-01,2.551417715299707512e-01,2.505929935202176329e-01,2.472319063994068977e-01,2.446299901738007709e-01,2.408356991049983853e-01,2.374586648111271237e-01,2.346588548998234935e-01,2.318055403949321747e-01
1.528825458923472240e+02,3.144265397917160865e-01,2.961065248118995852e-01,2.853988742976633630e-01,2.780508791442818373e-01,2.725555356389662842e-01,2.682267904132686898e-01,2.617437413870036256e-01,2.551417715299707512e-01,2.505929935202176329e-01,2.472319063994068977e-01,2.446299901738007709e-01,2.408356991049983853e-01,2.374586648111271237e-01,2.346588548998234935e-01,2.318055403949321747e-01
1.538556515935167681e+02,3.144265397917160865e-01,2.961065248118995852e-01,2.853988742976633630e-01,2.780508791442818373e-01,2.725555356389662842e-01,2.682267904132686898e-01,2.617437413870036256e-01,2.551417715299707512e-01,2.505929935202176329e-01,2.472319063994068977e-01,2.446299901738007709e-01,2.408356991049983853e-01,2.374586648111271237e-01,2.346588548998234935e-01,2.318055403949321747e-01
1.548349511652823196e+02,3.144265397917160865e-01,2.961065248118995852e-01,2.853988742976633630e-01,2.780508791442818373e-01,2.725555356389662842e-01,2.682267904132686898e-01,2.617437413870036256e-01,2.551417715299707512e-01,2.505929935202176329e-01,2.472319063994068977e-01,2.446299901738007709e-01,2.408356991049983853e-01,2.374586648111271237e-01,2.346588548998234935e-01,2.318055403949321747e-01
1.558204840319663731e+02,3.144265397917160865e-01,2.961065248118995852e-01,2.853988742976633630e-01,2.780508791442818373e-01,2.725555356389662842e-01,2.682267904132686898e-01,2.617437413870036256e-01,2.551417715299707512e-01,2.505929935202176329e-01,2.472319063994068977e-01,2.446299901738007709e-01,2.408356991049983853e-01,2.374586648111271237e-01,2.346588548998234935e-01,2.318055403949321747e-01
1.568122898688293674e+02,3.144265397917160865e-01,2.961065248118995852e-01,2.853988742976633630e-01,2.780508791442818373e-01,2.725555356389662842e-01,2.682267904132686898e-01,2.617437413870036256e-01,2.551417715299707512e-01,2.505929935202176329e-01,2.472319063994068977e-01,2.446299901738007709e-01,2.408356991049983853e-01,2.374586648111271237e-01,2.346588548998234935e-01,2.318055403949321747e-01
1.578104086036667013e+02,3.144265397917160865e-01,2.961065248118995852e-01,2.853988742976633630e-01,2.780508791442818373e-01,2.725555356389662842e-01,2.682267904132686898e-01,2.617437413870036256e-01,2.551417715299707512e-01,2.505929935202176329e-01,2.472319063994068977e-01,2.446299901738007709e-01,2.408356991049983853e-01,2.374586648111271237e-01,2.346588548998234935e-01,2.318055403949321747e-01
1.588148804184169478e+02,3.144265397917160865e-01,2.961065248118995852e-01,2.853988742976633630e-01,2.780508791442818373e-01,2.725555356389662842e-01,2.682267904132686898e-01,2.617437413870036256e-01,2.551417715299707512e-01,2.505929935202176329e-01,2.472319063994068977e-01,2.446299901738007709e-01,2.408356991049983853e-01,2.374586648111271237e-01,2.346588548998234935e-01,2.318055403949321747e-01
1.598257457507783101e+02,3.144265397917160865e-01,2.961065248118995852e-01,2.853988742976633630e-01,2.780508791442818373e-01,2.725555356389662842e-01,2.682267904132686898e-01,2.617437413870036256e-01,2.551417715299707512e-01,2.505929935202176329e-01,2.472319063994068977e-01,2.446299901738007709e-01,2.408356991049983853e-01,2.374586648111271237e-01,2.346588548998234935e-01,2.318055403949321747e-01
1.608430452958373564e+02,3.144265397917160865e-01,2.961065248118995852e-01,2.853988742976633630e-01,2.780508791442818373e-01,2.725555356389662842e-01,2.682267904132686898e-01,2.617437413870036256e-01,2.551417715299707512e-01,2.505929935202176329e-01,2.472319063994068977e-01,2.446299901738007709e-01,2.408356991049983853e-01,2.374586648111271237e-01,2.346588548998234935e-01,2.318055403949321747e-01
1.618668200077070765e+02,3.144265397917160865e-01,2.961065248118995852e-01,2.853988742976633630e-01,2.780508791442818373e-01,2.725555356389662842e-01,2.682267904132686898e-01,2.617437413870036256e-01,2.551417715299707512e-01,2.505929935202176329e-01,2.472319063994068977e-01,2.446299901738007709e-01,2.408356991049983853e-01,2.374586648111271237e-01,2.346588548998234935e-01,2.318055403949321747e-01
1.628971111011756250e+02,3.144265397917160865e-01,2.961065248118995852e-01,2.853988742976633630e-01,2.780508791442818373e-01,2.725555356389662842e-01,2.682267904132686898e-01,2.617437413870036256e-01,2.551417715299707512e-01,2.505929935202176329e-01,2.472319063994068977e-01,2.446299901738007709e-01,2.408356991049983853e-01,2.374586648111271237e-01,2.346588548998234935e-01,2.318055403949321747e-01
1.639339600533653254e+02,3.144265397917160865e-01,2.961065248118995852e-01,2.853988742976633630e-01,2.780508791442818373e-01,2.725555356389662842e-01,2.682267904132686898e-01,2.617437413870036256e-01,2.551417715299707512e-01,2.505929935202176329e-01,2.472319063994068977e-01,2.446299901738007709e-01,2.408356991049983853e-01,2.374586648111271237e-01,2.346588548998234935e-01,2.318055403949321747e-01
1.649774086054031557e+02,3.144265397917160865e-01,2.961065248118995852e-01,2.853988742976633630e-01,2.780508791442818373e-01,2.725555356389662842e-01,2.682267904132686898e-01,2.617437413870036256e-01,2.551417715299707512e-01,2.505929935202176329e-01,2.472319063994068977e-01,2.446299901738007709e-01,2.408356991049983853e-01,2.374586648111271237e-01,2.346588548998234935e-01,2.318055403949321747e-01
1.660274987641001303e+02,3.144265397917160865e-01,2.961065248118995852e-01,2.853988742976633630e-01,2.780508791442818373e-01,2.725555356389662842e-01,2.682267904132686898e-01,2.617437413870036256e-01,2.551417715299707512e-01,2.505929935202176329e-01,2.472319063994068977e-01,2.446299901738007709e-01,2.408356991049983853e-01,2.374586648111271237e-01,2.346588548998234935e-01,2.318055403949321747e-01
1.670842728036430742e+02,3.144265397917160865e-01,2.961065248118995852e-01,2.853988742976633630e-01,2.780508791442818373e-01,2.725555356389662842e-01,2.682267904132686898e-01,2.617437413870036256e-01,2.551417715299707512e-01,2.505929935202176329e-01,2.472319063994068977e-01,2.446299901738007709e-01,2.408356991049983853e-01,2.374586648111271237e-01,2.346588548998234935e-01,2.318055403949321747e-01
1.681477732672962588e+02,3.144265397917160865e-01,2.961065248118995852e-01,2.853988742976633630e-01,2.780508791442818373e-01,2.725555356389662842e-01,2.682267904132686898e-01,2.617437413870036256e-01,2.551417715299707512e-01,2.505929935202176329e-01,2.472319063994068977e-01,2.446299901738007709e-01,2.408356991049983853e-01,2.374586648111271237e-01,2.346588548998234935e-01,2.318055403949321747e-01
1.692180429691140091e+02,3.144265397917160865e-01,2.961065248118995852e-01,2.853988742976633630e-01,2.780508791442818373e-01,2.725555356389662842e-01,2.682267904132686898e-01,2.617437413870036256e-01,2.551417715299707512e-01,2.505929935202176329e-01,2.472319063994068977e-01,2.446299901738007709e-01,2.408356991049983853e-01,2.374586648111271237e-01,2.346588548998234935e-01,2.318055403949321747e-01
1.702951249956649349e+02,3.144265397917160865e-01,2.961065248118995852e-01,2.853988742976633630e-01,2.780508791442818373e-01,2.725555356389662842e-01,2.682267904132686898e-01,2.617437413870036256e-01,2.551417715299707512e-01,2.505929935202176329e-01,2.472319063994068977e-01,2.446299901738007709e-01,2.408356991049983853e-01,2.374586648111271237e-01,2.346588548998234935e-01,2.318055403949321747e-01
1.713790627077654847e+02,3.144265397917160865e-01,2.961065248118995852e-01,2.853988742976633630e-01,2.780508791442818373e-01,2.725555356389662842e-01,2.682267904132686898e-01,2.617437413870036256e-01,2.551417715299707512e-01,2.505929935202176329e-01,2.472319063994068977e-01,2.446299901738007709e-01,2.408356991049983853e-01,2.374586648111271237e-01,2.346588548998234935e-01,2.318055403949321747e-01
1.724698997422262323e+02,3.144265397917160865e-01,2.961065248118995852e-01,2.853988742976633630e-01,2.780508791442818373e-01,2.725555356389662842e-01,2.682267904132686898e-01,2.617437413870036256e-01,2.551417715299707512e-01,2.505929935202176329e-01,2.472319063994068977e-01,2.446299901738007709e-01,2.408356991049983853e-01,2.374586648111271237e-01,2.346588548998234935e-01,2.318055403949321747e-01
1.735676800136083955e+02,3.144265397917160865e-01,2.961065248118995852e-01,2.853988742976633630e-01,2.780508791442818373e-01,2.725555356389662842e-01,2.682267904132686898e-01,2.617437413870036256e-01,2.551417715299707512e-01,2.505929935202176329e-01,2.472319063994068977e-01,2.446299901738007709e-01,2.408356991049983853e-01,2.374586648111271237e-01,2.346588548998234935e-01,2.318055403949321747e-01
1.746724477159917797e+02,3.144265397917160865e-01,2.961065248118995852e-01,2.853988742976633630e-01,2.780508791442818373e-01,2.725555356389662842e-01,2.682267904132686898e-01,2.617437413870036256e-01,2.551417715299707512e-01,2.505929935202176329e-01,2.472319063994068977e-01,2.446299901738007709e-01,2.408356991049983853e-01,2.374586648111271237e-01,2.346588548998234935e-01,2.318055403949321747e-01
1.757842473247537214e+02,3.144265397917160865e-01,2.961065248118995852e-01,2.853988742976633630e-01,2.780508791442818373e-01,2.725555356389662842e-01,2.682267904132686898e-01,2.617437413870036256e-01,2.551417715299707512e-01,2.505929935202176329e-01,2.472319063994068977e-01,2.446299901738007709e-01,2.408356991049983853e-01,2.374586648111271237e-01,2.346588548998234935e-01,2.318055403949321747e-01
1.769031235983602812e+02,3.144265397917160865e-01,2.961065248118995852e-01,2.853988742976633630e-01,2.780508791442818373e-01,2.725555356389662842e-01,2.682267904132686898e-01,2.617437413870036256e-01,2.551417715299707512e-01,2.505929935202176329e-01,2.472319063994068977e-01,2.446299901738007709e-01,2.408356991049983853e-01,2.374586648111271237e-01,2.346588548998234935e-01,2.318055403949321747e-01
1.780291215801670432e+02,3.144265397917160865e-01,2.961065248118995852e-01,2.853988742976633630e-01,2.780508791442818373e-01,2.725555356389662842e-01,2.682267904132686898e-01,2.617437413870036256e-01,2.551417715299707512e-01,2.505929935202176329e-01,2.472319063994068977e-01,2.446299901738007709e-01,2.408356991049983853e-01,2.374586648111271237e-01,2.346588548998234935e-01,2.318055403949321747e-01
1.791622866002331875e+02,3.144265397917160865e-01,2.961065248118995852e-01,2.853988742976633630e-01,2.780508791442818373e-01,2.725555356389662842e-01,2.682267904132686898e-01,2.617437413870036256e-01,2.551417715299707512e-01,2.505929935202176329e-01,2.472319063994068977e-01,2.446299901738007709e-01,2.408356991049983853e-01,2.374586648111271237e-01,2.346588548998234935e-01,2.318055403949321747e-01
1.803026642771461638e+02,3.144265397917160865e-01,2.961065248118995852e-01,2.853988742976633630e-01,2.780508791442818373e-01,2.725555356389662842e-01,2.682267904132686898e-01,2.617437413870036256e-01,2.551417715299707512e-01,2.505929935202176329e-01,2.472319063994068977e-01,2.446299901738007709e-01,2.408356991049983853e-01,2.374586648111271237e-01,2.346588548998234935e-01,2.318055403949321747e-01
1.814503005198580183e+02,3.144265397917160865e-01,2.961065248118995852e-01,2.853988742976633630e-01,2.780508791442818373e-01,2.725555356389662842e-01,2.682267904132686898e-01,2.617437413870036256e-01,2.551417715299707512e-01,2.505929935202176329e-01,2.472319063994068977e-01,2.446299901738007709e-01,2.408356991049983853e-01,2.374586648111271237e-01,2.346588548998234935e-01,2.318055403949321747e-01
1.826052415295343678e+02,3.144265397917160865e-01,2.961065248118995852e-01,2.853988742976633630e-01,2.780508791442818373e-01,2.725555356389662842e-01,2.682267904132686898e-01,2.617437413870036256e-01,2.551417715299707512e-01,2.505929935202176329e-01,2.472319063994068977e-01,2.446299901738007709e-01,2.408356991049983853e-01,2.374586648111271237e-01,2.346588548998234935e-01,2.318055403949321747e-01
1.837675338014131512e+02,3.144265397917160865e-01,2.961065248118995852e-01,2.853988742976633630e-01,2.780508791442818373e-01,2.725555356389662842e-01,2.682267904132686898e-01,2.617437413870036256e-01,2.551417715299707512e-01,2.505929935202176329e-01,2.472319063994068977e-01,2.446299901738007709e-01,2.408356991049983853e-01,2.374586648111271237e-01,2.346588548998234935e-01,2.318055403949321747e-01
1.849372241266772505e+02,3.144265397917160865e-01,2.961065248118995852e-01,2.853988742976633630e-01,2.780508791442818373e-01,2.725555356389662842e-01,2.682267904132686898e-01,2.617437413870036256e-01,2.551417715299707512e-01,2.505929935202176329e-01,2.472319063994068977e-01,2.446299901738007709e-01,2.408356991049983853e-01,2.374586648111271237e-01,2.346588548998234935e-01,2.318055403949321747e-01
1.861143595943378841e+02,3.144265397917160865e-01,2.961065248118995852e-01,2.853988742976633630e-01,2.780508791442818373e-01,2.725555356389662842e-01,2.682267904132686898e-01,2.617437413870036256e-01,2.551417715299707512e-01,2.505929935202176329e-01,2.472319063994068977e-01,2.446299901738007709e-01,2.408356991049983853e-01,2.374586648111271237e-01,2.346588548998234935e-01,2.318055403949321747e-01
1.872989875931302777e+02,3.144265397917160865e-01,2.961065248118995852e-01,2.853988742976633630e-01,2.780508791442818373e-01,2.725555356389662842e-01,2.682267904132686898e-01,2.617437413870036256e-01,2.551417715299707512e-01,2.505929935202176329e-01,2.472319063994068977e-01,2.446299901738007709e-01,2.408356991049983853e-01,2.374586648111271237e-01,2.346588548998234935e-01,2.318055403949321747e-01
1.884911558134220400e+02,3.144265397917160865e-01,2.961065248118995852e-01,2.853988742976633630e-01,2.780508791442818373e-01,2.725555356389662842e-01,2.682267904132686898e-01,2.617437413870036256e-01,2.551417715299707512e-01,2.505929935202176329e-01,2.472319063994068977e-01,2.446299901738007709e-01,2.408356991049983853e-01,2.374586648111271237e-01,2.346588548998234935e-01,2.318055403949321747e-01
1.896909122491320545e+02,3.144265397917160865e-01,2.961065248118995852e-01,2.853988742976633630e-01,2.780508791442818373e-01,2.725555356389662842e-01,2.682267904132686898e-01,2.617437413870036256e-01,2.551417715299707512e-01,2.505929935202176329e-01,2.472319063994068977e-01,2.446299901738007709e-01,2.408356991049983853e-01,2.374586648111271237e-01,2.346588548998234935e-01,2.318055403949321747e-01
1.908983051996632412e+02,3.144265397917160865e-01,2.961065248118995852e-01,2.853988742976633630e-01,2.780508791442818373e-01,2.725555356389662842e-01,2.682267904132686898e-01,2.617437413870036256e-01,2.551417715299707512e-01,2.505929935202176329e-01,2.472319063994068977e-01,2.446299901738007709e-01,2.408356991049983853e-01,2.374586648111271237e-01,2.346588548998234935e-01,2.318055403949321747e-01
1.921133832718468284e+02,3.144265397917160865e-01,2.961065248118995852e-01,2.853988742976633630e-01,2.780508791442818373e-01,2.725555356389662842e-01,2.682267904132686898e-01,2.617437413870036256e-01,2.551417715299707512e-01,2.505929935202176329e-01,2.472319063994068977e-01,2.446299901738007709e-01,2.408356991049983853e-01,2.374586648111271237e-01,2.346588548998234935e-01,2.318055403949321747e-01
1.933361953818990173e+02,3.144265397917160865e-01,2.961065248118995852e-01,2.853988742976633630e-01,2.780508791442818373e-01,2.725555356389662842e-01,2.682267904132686898e-01,2.617437413870036256e-01,2.551417715299707512e-01,2.505929935202176329e-01,2.472319063994068977e-01,2.446299901738007709e-01,2.408356991049983853e-01,2.374586648111271237e-01,2.346588548998234935e-01,2.318055403949321747e-01
1.945667907573909190e+02,3.144265397917160865e-01,2.961065248118995852e-01,2.853988742976633630e-01,2.780508791442818373e-01,2.725555356389662842e-01,2.682267904132686898e-01,2.617437413870036256e-01,2.551417715299707512e-01,2.505929935202176329e-01,2.472319063994068977e-01,2.446299901738007709e-01,2.408356991049983853e-01,2.374586648111271237e-01,2.346588548998234935e-01,2.318055403949321747e-01
1.958052189392292632e+02,3.144265397917160865e-01,2.961065248118995852e-01,2.853988742976633630e-01,2.780508791442818373e-01,2.725555356389662842e-01,2.682267904132686898e-01,2.617437413870036256e-01,2.551417715299707512e-01,2.505929935202176329e-01,2.472319063994068977e-01,2.446299901738007709e-01,2.408356991049983853e-01,2.374586648111271237e-01,2.346588548998234935e-01,2.318055403949321747e-01
1.970515297836514890e+02,3.144265397917160865e-01,2.961065248118995852e-01,2.853988742976633630e-01,2.780508791442818373e-01,2.725555356389662842e-01,2.682267904132686898e-01,2.617437413870036256e-01,2.551417715299707512e-01,2.505929935202176329e-01,2.472319063994068977e-01,2.446299901738007709e-01,2.408356991049983853e-01,2.374586648111271237e-01,2.346588548998234935e-01,2.318055403949321747e-01
1.983057734642327432e+02,3.144265397917160865e-01,2.961065248118995852e-01,2.853988742976633630e-01,2.780508791442818373e-01,2.725555356389662842e-01,2.682267904132686898e-01,2.617437413870036256e-01,2.551417715299707512e-01,2.505929935202176329e-01,2.472319063994068977e-01,2.446299901738007709e-01,2.408356991049983853e-01,2.374586648111271237e-01,2.346588548998234935e-01,2.318055403949321747e-01
1.995680004739056415e+02,3.144265397917160865e-01,2.961065248118995852e-01,2.853988742976633630e-01,2.780508791442818373e-01,2.725555356389662842e-01,2.682267904132686898e-01,2.617437413870036256e-01,2.551417715299707512e-01,2.505929935202176329e-01,2.472319063994068977e-01,2.446299901738007709e-01,2.408356991049983853e-01,2.374586648111271237e-01,2.346588548998234935e-01,2.318055403949321747e-01
2.008382616269929031e+02,3.144265397917160865e-01,2.961065248118995852e-01,2.853988742976633630e-01,2.780508791442818373e-01,2.725555356389662842e-01,2.682267904132686898e-01,2.617437413870036256e-01,2.551417715299707512e-01,2.505929935202176329e-01,2.472319063994068977e-01,2.446299901738007709e-01,2.408356991049983853e-01,2.374586648111271237e-01,2.346588548998234935e-01,2.318055403949321747e-01
2.021166080612537712e+02,3.144265397917160865e-01,2.961065248118995852e-01,2.853988742976633630e-01,2.780508791442818373e-01,2.725555356389662842e-01,2.682267904132686898e-01,2.617437413870036256e-01,2.551417715299707512e-01,2.505929935202176329e-01,2.472319063994068977e-01,2.446299901738007709e-01,2.408356991049983853e-01,2.374586648111271237e-01,2.346588548998234935e-01,2.318055403949321747e-01
2.034030912399414603e+02,3.144265397917160865e-01,2.961065248118995852e-01,2.853988742976633630e-01,2.780508791442818373e-01,2.725555356389662842e-01,2.682267904132686898e-01,2.617437413870036256e-01,2.551417715299707512e-01,2.505929935202176329e-01,2.472319063994068977e-01,2.446299901738007709e-01,2.408356991049983853e-01,2.374586648111271237e-01,2.346588548998234935e-01,2.318055403949321747e-01
2.046977629538758094e+02,3.144265397917160865e-01,2.961065248118995852e-01,2.853988742976633630e-01,2.780508791442818373e-01,2.725555356389662842e-01,2.682267904132686898e-01,2.617437413870036256e-01,2.551417715299707512e-01,2.505929935202176329e-01,2.472319063994068977e-01,2.446299901738007709e-01,2.408356991049983853e-01,2.374586648111271237e-01,2.346588548998234935e-01,2.318055403949321747e-01
2.060006753235280712e+02,3.144265397917160865e-01,2.961065248118995852e-01,2.853988742976633630e-01,2.780508791442818373e-01,2.725555356389662842e-01,2.682267904132686898e-01,2.617437413870036256e-01,2.551417715299707512e-01,2.505929935202176329e-01,2.472319063994068977e-01,2.446299901738007709e-01,2.408356991049983853e-01,2.374586648111271237e-01,2.346588548998234935e-01,2.318055403949321747e-01
2.073118808011188321e+02,3.144265397917160865e-01,2.961065248118995852e-01,2.853988742976633630e-01,2.780508791442818373e-01,2.725555356389662842e-01,2.682267904132686898e-01,2.617437413870036256e-01,2.551417715299707512e-01,2.505929935202176329e-01,2.472319063994068977e-01,2.446299901738007709e-01,2.408356991049983853e-01,2.374586648111271237e-01,2.346588548998234935e-01,2.318055403949321747e-01
2.086314321727305980e+02,3.144265397917160865e-01,2.961065248118995852e-01,2.853988742976633630e-01,2.780508791442818373e-01,2.725555356389662842e-01,2.682267904132686898e-01,2.617437413870036256e-01,2.551417715299707512e-01,2.505929935202176329e-01,2.472319063994068977e-01,2.446299901738007709e-01,2.408356991049983853e-01,2.374586648111271237e-01,2.346588548998234935e-01,2.318055403949321747e-01
2.099593825604315214e+02,3.144265397917160865e-01,2.961065248118995852e-01,2.853988742976633630e-01,2.780508791442818373e-01,2.725555356389662842e-01,2.682267904132686898e-01,2.617437413870036256e-01,2.551417715299707512e-01,2.505929935202176329e-01,2.472319063994068977e-01,2.446299901738007709e-01,2.408356991049983853e-01,2.374586648111271237e-01,2.346588548998234935e-01,2.318055403949321747e-01
2.112957854244148166e+02,3.144265397917160865e-01,2.961065248118995852e-01,2.853988742976633630e-01,2.780508791442818373e-01,2.725555356389662842e-01,2.682267904132686898e-01,2.617437413870036256e-01,2.551417715299707512e-01,2.505929935202176329e-01,2.472319063994068977e-01,2.446299901738007709e-01,2.408356991049983853e-01,2.374586648111271237e-01,2.346588548998234935e-01,2.318055403949321747e-01
2.126406945651507101e+02,3.144265397917160865e-01,2.961065248118995852e-01,2.853988742976633630e-01,2.780508791442818373e-01,2.725555356389662842e-01,2.682267904132686898e-01,2.617437413870036256e-01,2.551417715299707512e-01,2.505929935202176329e-01,2.472319063994068977e-01,2.446299901738007709e-01,2.408356991049983853e-01,2.374586648111271237e-01,2.346588548998234935e-01,2.318055403949321747e-01
2.139941641255523450e+02,3.144265397917160865e-01,2.961065248118995852e-01,2.853988742976633630e-01,2.780508791442818373e-01,2.725555356389662842e-01,2.682267904132686898e-01,2.617437413870036256e-01,2.551417715299707512e-01,2.505929935202176329e-01,2.472319063994068977e-01,2.446299901738007709e-01,2.408356991049983853e-01,2.374586648111271237e-01,2.346588548998234935e-01,2.318055403949321747e-01
2.153562485931552146e+02,3.144265397917160865e-01,2.961065248118995852e-01,2.853988742976633630e-01,2.780508791442818373e-01,2.725555356389662842e-01,2.682267904132686898e-01,2.617437413870036256e-01,2.551417715299707512e-01,2.505929935202176329e-01,2.472319063994068977e-01,2.446299901738007709e-01,2.408356991049983853e-01,2.374586648111271237e-01,2.346588548998234935e-01,2.318055403949321747e-01
2.167270028023116026e+02,3.144265397917160865e-01,2.961065248118995852e-01,2.853988742976633630e-01,2.780508791442818373e-01,2.725555356389662842e-01,2.682267904132686898e-01,2.617437413870036256e-01,2.551417715299707512e-01,2.505929935202176329e-01,2.472319063994068977e-01,2.446299901738007709e-01,2.408356991049983853e-01,2.374586648111271237e-01,2.346588548998234935e-01,2.318055403949321747e-01
2.181064819363967899e+02,3.144265397917160865e-01,2.961065248118995852e-01,2.853988742976633630e-01,2.780508791442818373e-01,2.725555356389662842e-01,2.682267904132686898e-01,2.617437413870036256e-01,2.551417715299707512e-01,2.505929935202176329e-01,2.472319063994068977e-01,2.446299901738007709e-01,2.408356991049983853e-01,2.374586648111271237e-01,2.346588548998234935e-01,2.318055403949321747e-01
2.194947415300314333e+02,3.144265397917160865e-01,2.961065248118995852e-01,2.853988742976633630e-01,2.780508791442818373e-01,2.725555356389662842e-01,2.682267904132686898e-01,2.617437413870036256e-01,2.551417715299707512e-01,2.505929935202176329e-01,2.472319063994068977e-01,2.446299901738007709e-01,2.408356991049983853e-01,2.374586648111271237e-01,2.346588548998234935e-01,2.318055403949321747e-01
2.208918374713170181e+02,3.144265397917160865e-01,2.961065248118995852e-01,2.853988742976633630e-01,2.780508791442818373e-01,2.725555356389662842e-01,2.682267904132686898e-01,2.617437413870036256e-01,2.551417715299707512e-01,2.505929935202176329e-01,2.472319063994068977e-01,2.446299901738007709e-01,2.408356991049983853e-01,2.374586648111271237e-01,2.346588548998234935e-01,2.318055403949321747e-01
2.222978260040856640e+02,3.144265397917160865e-01,2.961065248118995852e-01,2.853988742976633630e-01,2.780508791442818373e-01,2.725555356389662842e-01,2.682267904132686898e-01,2.617437413870036256e-01,2.551417715299707512e-01,2.505929935202176329e-01,2.472319063994068977e-01,2.446299901738007709e-01,2.408356991049983853e-01,2.374586648111271237e-01,2.346588548998234935e-01,2.318055403949321747e-01
2.237127637301651930e+02,3.144265397917160865e-01,2.961065248118995852e-01,2.853988742976633630e-01,2.780508791442818373e-01,2.725555356389662842e-01,2.682267904132686898e-01,2.617437413870036256e-01,2.551417715299707512e-01,2.505929935202176329e-01,2.472319063994068977e-01,2.446299901738007709e-01,2.408356991049983853e-01,2.374586648111271237e-01,2.346588548998234935e-01,2.318055403949321747e-01
2.251367076116564760e+02,3.144265397917160865e-01,2.961065248118995852e-01,2.853988742976633630e-01,2.780508791442818373e-01,2.725555356389662842e-01,2.682267904132686898e-01,2.617437413870036256e-01,2.551417715299707512e-01,2.505929935202176329e-01,2.472319063994068977e-01,2.446299901738007709e-01,2.408356991049983853e-01,2.374586648111271237e-01,2.346588548998234935e-01,2.318055403949321747e-01
2.265697149732274056e+02,3.144265397917160865e-01,2.961065248118995852e-01,2.853988742976633630e-01,2.780508791442818373e-01,2.725555356389662842e-01,2.682267904132686898e-01,2.617437413870036256e-01,2.551417715299707512e-01,2.505929935202176329e-01,2.472319063994068977e-01,2.446299901738007709e-01,2.408356991049983853e-01,2.374586648111271237e-01,2.346588548998234935e-01,2.318055403949321747e-01
2.280118435044205683e+02,3.144265397917160865e-01,2.961065248118995852e-01,2.853988742976633630e-01,2.780508791442818373e-01,2.725555356389662842e-01,2.682267904132686898e-01,2.617437413870036256e-01,2.551417715299707512e-01,2.505929935202176329e-01,2.472319063994068977e-01,2.446299901738007709e-01,2.408356991049983853e-01,2.374586648111271237e-01,2.346588548998234935e-01,2.318055403949321747e-01
2.294631512619753835e+02,3.144265397917160865e-01,2.961065248118995852e-01,2.853988742976633630e-01,2.780508791442818373e-01,2.725555356389662842e-01,2.682267904132686898e-01,2.617437413870036256e-01,2.551417715299707512e-01,2.505929935202176329e-01,2.472319063994068977e-01,2.446299901738007709e-01,2.408356991049983853e-01,2.374586648111271237e-01,2.346588548998234935e-01,2.318055403949321747e-01
2.309236966721661872e+02,3.144265397917160865e-01,2.961065248118995852e-01,2.853988742976633630e-01,2.780508791442818373e-01,2.725555356389662842e-01,2.682267904132686898e-01,2.617437413870036256e-01,2.551417715299707512e-01,2.505929935202176329e-01,2.472319063994068977e-01,2.446299901738007709e-01,2.408356991049983853e-01,2.374586648111271237e-01,2.346588548998234935e-01,2.318055403949321747e-01
2.323935385331531336e+02,3.144265397917160865e-01,2.961065248118995852e-01,2.853988742976633630e-01,2.780508791442818373e-01,2.725555356389662842e-01,2.682267904132686898e-01,2.617437413870036256e-01,2.551417715299707512e-01,2.505929935202176329e-01,2.472319063994068977e-01,2.446299901738007709e-01,2.408356991049983853e-01,2.374586648111271237e-01,2.346588548998234935e-01,2.318055403949321747e-01
2.338727360173499790e+02,3.144265397917160865e-01,2.961065248118995852e-01,2.853988742976633630e-01,2.780508791442818373e-01,2.725555356389662842e-01,2.682267904132686898e-01,2.617437413870036256e-01,2.551417715299707512e-01,2.505929935202176329e-01,2.472319063994068977e-01,2.446299901738007709e-01,2.408356991049983853e-01,2.374586648111271237e-01,2.346588548998234935e-01,2.318055403949321747e-01
2.353613486738062193e+02,3.144265397917160865e-01,2.961065248118995852e-01,2.853988742976633630e-01,2.780508791442818373e-01,2.725555356389662842e-01,2.682267904132686898e-01,2.617437413870036256e-01,2.551417715299707512e-01,2.505929935202176329e-01,2.472319063994068977e-01,2.446299901738007709e-01,2.408356991049983853e-01,2.374586648111271237e-01,2.346588548998234935e-01,2.318055403949321747e-01
2.368594364306039779e+02,3.144265397917160865e-01,2.961065248118995852e-01,2.853988742976633630e-01,2.780508791442818373e-01,2.725555356389662842e-01,2.682267904132686898e-01,2.617437413870036256e-01,2.551417715299707512e-01,2.505929935202176329e-01,2.472319063994068977e-01,2.446299901738007709e-01,2.408356991049983853e-01,2.374586648111271237e-01,2.346588548998234935e-01,2.318055403949321747e-01
2.383670595972715489e+02,3.144265397917160865e-01,2.961065248118995852e-01,2.853988742976633630e-01,2.780508791442818373e-01,2.725555356389662842e-01,2.682267904132686898e-01,2.617437413870036256e-01,2.551417715299707512e-01,2.505929935202176329e-01,2.472319063994068977e-01,2.446299901738007709e-01,2.408356991049983853e-01,2.374586648111271237e-01,2.346588548998234935e-01,2.318055403949321747e-01
2.398842788672100141e+02,3.144265397917160865e-01,2.961065248118995852e-01,2.853988742976633630e-01,2.780508791442818373e-01,2.725555356389662842e-01,2.682267904132686898e-01,2.617437413870036256e-01,2.551417715299707512e-01,2.505929935202176329e-01,2.472319063994068977e-01,2.446299901738007709e-01,2.408356991049983853e-01,2.374586648111271237e-01,2.346588548998234935e-01,2.318055403949321747e-01
2.414111553201374534e+02,3.144265397917160865e-01,2.961065248118995852e-01,2.853988742976633630e-01,2.780508791442818373e-01,2.725555356389662842e-01,2.682267904132686898e-01,2.617437413870036256e-01,2.551417715299707512e-01,2.505929935202176329e-01,2.472319063994068977e-01,2.446299901738007709e-01,2.408356991049983853e-01,2.374586648111271237e-01,2.346588548998234935e-01,2.318055403949321747e-01
2.429477504245476496e+02,3.144265397917160865e-01,2.961065248118995852e-01,2.853988742976633630e-01,2.780508791442818373e-01,2.725555356389662842e-01,2.682267904132686898e-01,2.617437413870036256e-01,2.551417715299707512e-01,2.505929935202176329e-01,2.472319063994068977e-01,2.446299901738007709e-01,2.408356991049983853e-01,2.374586648111271237e-01,2.346588548998234935e-01,2.318055403949321747e-01
2.444941260401847103e+02,3.144265397917160865e-01,2.961065248118995852e-01,2.853988742976633630e-01,2.780508791442818373e-01,2.725555356389662842e-01,2.682267904132686898e-01,2.617437413870036256e-01,2.551417715299707512e-01,2.505929935202176329e-01,2.472319063994068977e-01,2.446299901738007709e-01,2.408356991049983853e-01,2.374586648111271237e-01,2.346588548998234935e-01,2.318055403949321747e-01
2.460503444205331220e+02,3.144265397917160865e-01,2.961065248118995852e-01,2.853988742976633630e-01,2.780508791442818373e-01,2.725555356389662842e-01,2.682267904132686898e-01,2.617437413870036256e-01,2.551417715299707512e-01,2.505929935202176329e-01,2.472319063994068977e-01,2.446299901738007709e-01,2.408356991049983853e-01,2.374586648111271237e-01,2.346588548998234935e-01,2.318055403949321747e-01
2.476164682153248577e+02,3.144265397917160865e-01,2.961065248118995852e-01,2.853988742976633630e-01,2.780508791442818373e-01,2.725555356389662842e-01,2.682267904132686898e-01,2.617437413870036256e-01,2.551417715299707512e-01,2.505929935202176329e-01,2.472319063994068977e-01,2.446299901738007709e-01,2.408356991049983853e-01,2.374586648111271237e-01,2.346588548998234935e-01,2.318055403949321747e-01
2.491925604730602117e+02,3.144265397917160865e-01,2.961065248118995852e-01,2.853988742976633630e-01,2.780508791442818373e-01,2.725555356389662842e-01,2.682267904132686898e-01,2.617437413870036256e-01,2.551417715299707512e-01,2.505929935202176329e-01,2.472319063994068977e-01,2.446299901738007709e-01,2.408356991049983853e-01,2.374586648111271237e-01,2.346588548998234935e-01,2.318055403949321747e-01
2.507786846435467396e+02,3.144265397917160865e-01,2.961065248118995852e-01,2.853988742976633630e-01,2.780508791442818373e-01,2.725555356389662842e-01,2.682267904132686898e-01,2.617437413870036256e-01,2.551417715299707512e-01,2.505929935202176329e-01,2.472319063994068977e-01,2.446299901738007709e-01,2.408356991049983853e-01,2.374586648111271237e-01,2.346588548998234935e-01,2.318055403949321747e-01
2.523749045804535172e+02,3.144265397917160865e-01,2.961065248118995852e-01,2.853988742976633630e-01,2.780508791442818373e-01,2.725555356389662842e-01,2.682267904132686898e-01,2.617437413870036256e-01,2.551417715299707512e-01,2.505929935202176329e-01,2.472319063994068977e-01,2.446299901738007709e-01,2.408356991049983853e-01,2.374586648111271237e-01,2.346588548998234935e-01,2.318055403949321747e-01
2.539812845438814293e+02,3.144265397917160865e-01,2.961065248118995852e-01,2.853988742976633630e-01,2.780508791442818373e-01,2.725555356389662842e-01,2.682267904132686898e-01,2.617437413870036256e-01,2.551417715299707512e-01,2.505929935202176329e-01,2.472319063994068977e-01,2.446299901738007709e-01,2.408356991049983853e-01,2.374586648111271237e-01,2.346588548998234935e-01,2.318055403949321747e-01
2.555978892029511655e+02,3.144265397917160865e-01,2.961065248118995852e-01,2.853988742976633630e-01,2.780508791442818373e-01,2.725555356389662842e-01,2.682267904132686898e-01,2.617437413870036256e-01,2.551417715299707512e-01,2.505929935202176329e-01,2.472319063994068977e-01,2.446299901738007709e-01,2.408356991049983853e-01,2.374586648111271237e-01,2.346588548998234935e-01,2.318055403949321747e-01
2.572247836384050856e+02,3.144265397917160865e-01,2.961065248118995852e-01,2.853988742976633630e-01,2.780508791442818373e-01,2.725555356389662842e-01,2.682267904132686898e-01,2.617437413870036256e-01,2.551417715299707512e-01,2.505929935202176329e-01,2.472319063994068977e-01,2.446299901738007709e-01,2.408356991049983853e-01,2.374586648111271237e-01,2.346588548998234935e-01,2.318055403949321747e-01
2.588620333452283262e+02,3.144265397917160865e-01,2.961065248118995852e-01,2.853988742976633630e-01,2.780508791442818373e-01,2.725555356389662842e-01,2.682267904132686898e-01,2.617437413870036256e-01,2.551417715299707512e-01,2.505929935202176329e-01,2.472319063994068977e-01,2.446299901738007709e-01,2.408356991049983853e-01,2.374586648111271237e-01,2.346588548998234935e-01,2.318055403949321747e-01
2.605097042352850281e+02,3.144265397917160865e-01,2.961065248118995852e-01,2.853988742976633630e-01,2.780508791442818373e-01,2.725555356389662842e-01,2.682267904132686898e-01,2.617437413870036256e-01,2.551417715299707512e-01,2.505929935202176329e-01,2.472319063994068977e-01,2.446299901738007709e-01,2.408356991049983853e-01,2.374586648111271237e-01,2.346588548998234935e-01,2.318055403949321747e-01
2.621678626399720429e+02,3.144265397917160865e-01,2.961065248118995852e-01,2.853988742976633630e-01,2.780508791442818373e-01,2.725555356389662842e-01,2.682267904132686898e-01,2.617437413870036256e-01,2.551417715299707512e-01,2.505929935202176329e-01,2.472319063994068977e-01,2.446299901738007709e-01,2.408356991049983853e-01,2.374586648111271237e-01,2.346588548998234935e-01,2.318055403949321747e-01
2.638365753128888400e+02,3.144265397917160865e-01,2.961065248118995852e-01,2.853988742976633630e-01,2.780508791442818373e-01,2.725555356389662842e-01,2.682267904132686898e-01,2.617437413870036256e-01,2.551417715299707512e-01,2.505929935202176329e-01,2.472319063994068977e-01,2.446299901738007709e-01,2.408356991049983853e-01,2.374586648111271237e-01,2.346588548998234935e-01,2.318055403949321747e-01
2.655159094325260298e+02,3.144265397917160865e-01,2.961065248118995852e-01,2.853988742976633630e-01,2.780508791442818373e-01,2.725555356389662842e-01,2.682267904132686898e-01,2.617437413870036256e-01,2.551417715299707512e-01,2.505929935202176329e-01,2.472319063994068977e-01,2.446299901738007709e-01,2.408356991049983853e-01,2.374586648111271237e-01,2.346588548998234935e-01,2.318055403949321747e-01
2.672059326049680976e+02,3.144265397917160865e-01,2.961065248118995852e-01,2.853988742976633630e-01,2.780508791442818373e-01,2.725555356389662842e-01,2.682267904132686898e-01,2.617437413870036256e-01,2.551417715299707512e-01,2.505929935202176329e-01,2.472319063994068977e-01,2.446299901738007709e-01,2.408356991049983853e-01,2.374586648111271237e-01,2.346588548998234935e-01,2.318055403949321747e-01
2.689067128666162034e+02,3.144265397917160865e-01,2.961065248118995852e-01,2.853988742976633630e-01,2.780508791442818373e-01,2.725555356389662842e-01,2.682267904132686898e-01,2.617437413870036256e-01,2.551417715299707512e-01,2.505929935202176329e-01,2.472319063994068977e-01,2.446299901738007709e-01,2.408356991049983853e-01,2.374586648111271237e-01,2.346588548998234935e-01,2.318055403949321747e-01
2.706183186869266137e+02,3.144265397917160865e-01,2.961065248118995852e-01,2.853988742976633630e-01,2.780508791442818373e-01,2.725555356389662842e-01,2.682267904132686898e-01,2.617437413870036256e-01,2.551417715299707512e-01,2.505929935202176329e-01,2.472319063994068977e-01,2.446299901738007709e-01,2.408356991049983853e-01,2.374586648111271237e-01,2.346588548998234935e-01,2.318055403949321747e-01
2.723408189711683463e+02,3.144265397917160865e-01,2.961065248118995852e-01,2.853988742976633630e-01,2.780508791442818373e-01,2.725555356389662842e-01,2.682267904132686898e-01,2.617437413870036256e-01,2.551417715299707512e-01,2.505929935202176329e-01,2.472319063994068977e-01,2.446299901738007709e-01,2.408356991049983853e-01,2.374586648111271237e-01,2.346588548998234935e-01,2.318055403949321747e-01
2.740742830631951392e+02,3.144265397917160865e-01,2.961065248118995852e-01,2.853988742976633630e-01,2.780508791442818373e-01,2.725555356389662842e-01,2.682267904132686898e-01,2.617437413870036256e-01,2.551417715299707512e-01,2.505929935202176329e-01,2.472319063994068977e-01,2.446299901738007709e-01,2.408356991049983853e-01,2.374586648111271237e-01,2.346588548998234935e-01,2.318055403949321747e-01
2.758187807482385665e+02,3.144265397917160865e-01,2.961065248118995852e-01,2.853988742976633630e-01,2.780508791442818373e-01,2.725555356389662842e-01,2.682267904132686898e-01,2.617437413870036256e-01,2.551417715299707512e-01,2.505929935202176329e-01,2.472319063994068977e-01,2.446299901738007709e-01,2.408356991049983853e-01,2.374586648111271237e-01,2.346588548998234935e-01,2.318055403949321747e-01
2.775743822557169551e+02,3.144265397917160865e-01,2.961065248118995852e-01,2.853988742976633630e-01,2.780508791442818373e-01,2.725555356389662842e-01,2.682267904132686898e-01,2.617437413870036256e-01,2.551417715299707512e-01,2.505929935202176329e-01,2.472319063994068977e-01,2.446299901738007709e-01,2.408356991049983853e-01,2.374586648111271237e-01,2.346588548998234935e-01,2.318055403949321747e-01
2.793411582620626632e+02,3.144265397917160865e-01,2.961065248118995852e-01,2.853988742976633630e-01,2.780508791442818373e-01,2.725555356389662842e-01,2.682267904132686898e-01,2.617437413870036256e-01,2.551417715299707512e-01,2.505929935202176329e-01,2.472319063994068977e-01,2.446299901738007709e-01,2.408356991049983853e-01,2.374586648111271237e-01,2.346588548998234935e-01,2.318055403949321747e-01
2.811191798935674342e+02,3.144265397917160865e-01,2.961065248118995852e-01,2.853988742976633630e-01,2.780508791442818373e-01,2.725555356389662842e-01,2.682267904132686898e-01,2.617437413870036256e-01,2.551417715299707512e-01,2.505929935202176329e-01,2.472319063994068977e-01,2.446299901738007709e-01,2.408356991049983853e-01,2.374586648111271237e-01,2.346588548998234935e-01,2.318055403949321747e-01
2.829085187292453725e+02,3.144265397917160865e-01,2.961065248118995852e-01,2.853988742976633630e-01,2.780508791442818373e-01,2.725555356389662842e-01,2.682267904132686898e-01,2.617437413870036256e-01,2.551417715299707512e-01,2.505929935202176329e-01,2.472319063994068977e-01,2.446299901738007709e-01,2.408356991049983853e-01,2.374586648111271237e-01,2.346588548998234935e-01,2.318055403949321747e-01
2.847092468037157573e+02,3.144265397917160865e-01,2.961065248118995852e-01,2.853988742976633630e-01,2.780508791442818373e-01,2.725555356389662842e-01,2.682267904132686898e-01,2.617437413870036256e-01,2.551417715299707512e-01,2.505929935202176329e-01,2.472319063994068977e-01,2.446299901738007709e-01,2.408356991049983853e-01,2.374586648111271237e-01,2.346588548998234935e-01,2.318055403949321747e-01
2.865214366101012615e+02,3.144265397917160865e-01,2.961065248118995852e-01,2.853988742976633630e-01,2.780508791442818373e-01,2.725555356389662842e-01,2.682267904132686898e-01,2.617437413870036256e-01,2.551417715299707512e-01,2.505929935202176329e-01,2.472319063994068977e-01,2.446299901738007709e-01,2.408356991049983853e-01,2.374586648111271237e-01,2.346588548998234935e-01,2.318055403949321747e-01
2.883451611029475998e+02,3.144265397917160865e-01,2.961065248118995852e-01,2.853988742976633630e-01,2.780508791442818373e-01,2.725555356389662842e-01,2.682267904132686898e-01,2.617437413870036256e-01,2.551417715299707512e-01,2.505929935202176329e-01,2.472319063994068977e-01,2.446299901738007709e-01,2.408356991049983853e-01,2.374586648111271237e-01,2.346588548998234935e-01,2.318055403949321747e-01
2.901804937011596621e+02,3.144265397917160865e-01,2.961065248118995852e-01,2.853988742976633630e-01,2.780508791442818373e-01,2.725555356389662842e-01,2.682267904132686898e-01,2.617437413870036256e-01,2.551417715299707512e-01,2.505929935202176329e-01,2.472319063994068977e-01,2.446299901738007709e-01,2.408356991049983853e-01,2.374586648111271237e-01,2.346588548998234935e-01,2.318055403949321747e-01
2.920275082909586786e+02,3.144265397917160865e-01,2.961065248118995852e-01,2.853988742976633630e-01,2.780508791442818373e-01,2.725555356389662842e-01,2.682267904132686898e-01,2.617437413870036256e-01,2.551417715299707512e-01,2.505929935202176329e-01,2.472319063994068977e-01,2.446299901738007709e-01,2.408356991049983853e-01,2.374586648111271237e-01,2.346588548998234935e-01,2.318055403949321747e-01
2.938862792288548462e+02,3.144265397917160865e-01,2.961065248118995852e-01,2.853988742976633630e-01,2.780508791442818373e-01,2.725555356389662842e-01,2.682267904132686898e-01,2.617437413870036256e-01,2.551417715299707512e-01,2.505929935202176329e-01,2.472319063994068977e-01,2.446299901738007709e-01,2.408356991049983853e-01,2.374586648111271237e-01,2.346588548998234935e-01,2.318055403949321747e-01
2.957568813446416129e+02,3.144265397917160865e-01,2.961065248118995852e-01,2.853988742976633630e-01,2.780508791442818373e-01,2.725555356389662842e-01,2.682267904132686898e-01,2.617437413870036256e-01,2.551417715299707512e-01,2.505929935202176329e-01,2.472319063994068977e-01,2.446299901738007709e-01,2.408356991049983853e-01,2.374586648111271237e-01,2.346588548998234935e-01,2.318055403949321747e-01
2.976393899444084354e+02,3.144265397917160865e-01,2.961065248118995852e-01,2.853988742976633630e-01,2.780508791442818373e-01,2.725555356389662842e-01,2.682267904132686898e-01,2.617437413870036256e-01,2.551417715299707512e-01,2.505929935202176329e-01,2.472319063994068977e-01,2.446299901738007709e-01,2.408356991049983853e-01,2.374586648111271237e-01,2.346588548998234935e-01,2.318055403949321747e-01
2.995338808135719546e+02,3.144265397917160865e-01,2.961065248118995852e-01,2.853988742976633630e-01,2.780508791442818373e-01,2.725555356389662842e-01,2.682267904132686898e-01,2.617437413870036256e-01,2.551417715299707512e-01,2.505929935202176329e-01,2.472319063994068977e-01,2.446299901738007709e-01,2.408356991049983853e-01,2.374586648111271237e-01,2.346588548998234935e-01,2.318055403949321747e-01
3.014404302199268386e+02,3.144265397917160865e-01,2.961065248118995852e-01,2.853988742976633630e-01,2.780508791442818373e-01,2.725555356389662842e-01,2.682267904132686898e-01,2.617437413870036256e-01,2.551417715299707512e-01,2.505929935202176329e-01,2.472319063994068977e-01,2.446299901738007709e-01,2.408356991049983853e-01,2.374586648111271237e-01,2.346588548998234935e-01,2.318055403949321747e-01
3.033591149167172603e+02,3.144265397917160865e-01,2.961065248118995852e-01,2.853988742976633630e-01,2.780508791442818373e-01,2.725555356389662842e-01,2.682267904132686898e-01,2.617437413870036256e-01,2.551417715299707512e-01,2.505929935202176329e-01,2.472319063994068977e-01,2.446299901738007709e-01,2.408356991049983853e-01,2.374586648111271237e-01,2.346588548998234935e-01,2.318055403949321747e-01
3.052900121457251430e+02,3.144265397917160865e-01,2.961065248118995852e-01,2.853988742976633630e-01,2.780508791442818373e-01,2.725555356389662842e-01,2.682267904132686898e-01,2.617437413870036256e-01,2.551417715299707512e-01,2.505929935202176329e-01,2.472319063994068977e-01,2.446299901738007709e-01,2.408356991049983853e-01,2.374586648111271237e-01,2.346588548998234935e-01,2.318055403949321747e-01
3.072331996403807466e+02,3.144265397917160865e-01,2.961065248118995852e-01,2.853988742976633630e-01,2.780508791442818373e-01,2.725555356389662842e-01,2.682267904132686898e-01,2.617437413870036256e-01,2.551417715299707512e-01,2.505929935202176329e-01,2.472319063994068977e-01,2.446299901738007709e-01,2.408356991049983853e-01,2.374586648111271237e-01,2.346588548998234935e-01,2.318055403949321747e-01
3.091887556288918972e+02,3.144265397917160865e-01,2.961065248118995852e-01,2.853988742976633630e-01,2.780508791442818373e-01,2.725555356389662842e-01,2.682267904132686898e-01,2.617437413870036256e-01,2.551417715299707512e-01,2.505929935202176329e-01,2.472319063994068977e-01,2.446299901738007709e-01,2.408356991049983853e-01,2.374586648111271237e-01,2.346588548998234935e-01,2.318055403949321747e-01
3.111567588373928857e+02,3.144265397917160865e-01,2.961065248118995852e-01,2.853988742976633630e-01,2.780508791442818373e-01,2.725555356389662842e-01,2.682267904132686898e-01,2.617437413870036256e-01,2.551417715299707512e-01,2.505929935202176329e-01,2.472319063994068977e-01,2.446299901738007709e-01,2.408356991049983853e-01,2.374586648111271237e-01,2.346588548998234935e-01,2.318055403949321747e-01
3.131372884931150224e+02,3.144265397917160865e-01,2.961065248118995852e-01,2.853988742976633630e-01,2.780508791442818373e-01,2.725555356389662842e-01,2.682267904132686898e-01,2.617437413870036256e-01,2.551417715299707512e-01,2.505929935202176329e-01,2.472319063994068977e-01,2.446299901738007709e-01,2.408356991049983853e-01,2.374586648111271237e-01,2.346588548998234935e-01,2.318055403949321747e-01
3.151304243275744170e+02,3.144265397917160865e-01,2.961065248118995852e-01,2.853988742976633630e-01,2.780508791442818373e-01,2.725555356389662842e-01,2.682267904132686898e-01,2.617437413870036256e-01,2.551417715299707512e-01,2.505929935202176329e-01,2.472319063994068977e-01,2.446299901738007709e-01,2.408356991049983853e-01,2.374586648111271237e-01,2.346588548998234935e-01,2.318055403949321747e-01
3.171362465797827781e+02,3.144265397917160865e-01,2.961065248118995852e-01,2.853988742976633630e-01,2.780508791442818373e-01,2.725555356389662842e-01,2.682267904132686898e-01,2.617437413870036256e-01,2.551417715299707512e-01,2.505929935202176329e-01,2.472319063994068977e-01,2.446299901738007709e-01,2.408356991049983853e-01,2.374586648111271237e-01,2.346588548998234935e-01,2.318055403949321747e-01
3.191548359994775410e+02,3.144265397917160865e-01,2.961065248118995852e-01,2.853988742976633630e-01,2.780508791442818373e-01,2.725555356389662842e-01,2.682267904132686898e-01,2.617437413870036256e-01,2.551417715299707512e-01,2.505929935202176329e-01,2.472319063994068977e-01,2.446299901738007709e-01,2.408356991049983853e-01,2.374586648111271237e-01,2.346588548998234935e-01,2.318055403949321747e-01
3.211862738503726291e+02,3.144265397917160865e-01,2.961065248118995852e-01,2.853988742976633630e-01,2.780508791442818373e-01,2.725555356389662842e-01,2.682267904132686898e-01,2.617437413870036256e-01,2.551417715299707512e-01,2.505929935202176329e-01,2.472319063994068977e-01,2.446299901738007709e-01,2.408356991049983853e-01,2.374586648111271237e-01,2.346588548998234935e-01,2.318055403949321747e-01
3.232306419134295083e+02,3.144265397917160865e-01,2.961065248118995852e-01,2.853988742976633630e-01,2.780508791442818373e-01,2.725555356389662842e-01,2.682267904132686898e-01,2.617437413870036256e-01,2.551417715299707512e-01,2.505929935202176329e-01,2.472319063994068977e-01,2.446299901738007709e-01,2.408356991049983853e-01,2.374586648111271237e-01,2.346588548998234935e-01,2.318055403949321747e-01
3.252880224901509791e+02,3.144265397917160865e-01,2.961065248118995852e-01,2.853988742976633630e-01,2.780508791442818373e-01,2.725555356389662842e-01,2.682267904132686898e-01,2.617437413870036256e-01,2.551417715299707512e-01,2.505929935202176329e-01,2.472319063994068977e-01,2.446299901738007709e-01,2.408356991049983853e-01,2.374586648111271237e-01,2.346588548998234935e-01,2.318055403949321747e-01
3.273584984058923624e+02,3.144265397917160865e-01,2.961065248118995852e-01,2.853988742976633630e-01,2.780508791442818373e-01,2.725555356389662842e-01,2.682267904132686898e-01,2.617437413870036256e-01,2.551417715299707512e-01,2.505929935202176329e-01,2.472319063994068977e-01,2.446299901738007709e-01,2.408356991049983853e-01,2.374586648111271237e-01,2.346588548998234935e-01,2.318055403949321747e-01
3.294421530131971281e+02,3.144265397917160865e-01,2.961065248118995852e-01,2.853988742976633630e-01,2.780508791442818373e-01,2.725555356389662842e-01,2.682267904132686898e-01,2.617437413870036256e-01,2.551417715299707512e-01,2.505929935202176329e-01,2.472319063994068977e-01,2.446299901738007709e-01,2.408356991049983853e-01,2.374586648111271237e-01,2.346588548998234935e-01,2.318055403949321747e-01
3.315390701951519077e+02,3.144265397917160865e-01,2.961065248118995852e-01,2.853988742976633630e-01,2.780508791442818373e-01,2.725555356389662842e-01,2.682267904132686898e-01,2.617437413870036256e-01,2.551417715299707512e-01,2.505929935202176329e-01,2.472319063994068977e-01,2.446299901738007709e-01,2.408356991049983853e-01,2.374586648111271237e-01,2.346588548998234935e-01,2.318055403949321747e-01
3.336493343687648121e+02,3.144265397917160865e-01,2.961065248118995852e-01,2.853988742976633630e-01,2.780508791442818373e-01,2.725555356389662842e-01,2.682267904132686898e-01,2.617437413870036256e-01,2.551417715299707512e-01,2.505929935202176329e-01,2.472319063994068977e-01,2.446299901738007709e-01,2.408356991049983853e-01,2.374586648111271237e-01,2.346588548998234935e-01,2.318055403949321747e-01
3.357730304883616554e+02,3.144265397917160865e-01,2.961065248118995852e-01,2.853988742976633630e-01,2.780508791442818373e-01,2.725555356389662842e-01,2.682267904132686898e-01,2.617437413870036256e-01,2.551417715299707512e-01,2.505929935202176329e-01,2.472319063994068977e-01,2.446299901738007709e-01,2.408356991049983853e-01,2.374586648111271237e-01,2.346588548998234935e-01,2.318055403949321747e-01
3.379102440490075310e+02,3.144265397917160865e-01,2.961065248118995852e-01,2.853988742976633630e-01,2.780508791442818373e-01,2.725555356389662842e-01,2.682267904132686898e-01,2.617437413870036256e-01,2.551417715299707512e-01,2.505929935202176329e-01,2.472319063994068977e-01,2.446299901738007709e-01,2.408356991049983853e-01,2.374586648111271237e-01,2.346588548998234935e-01,2.318055403949321747e-01
3.400610610899483390e+02,3.144265397917160865e-01,2.961065248118995852e-01,2.853988742976633630e-01,2.780508791442818373e-01,2.725555356389662842e-01,2.682267904132686898e-01,2.617437413870036256e-01,2.551417715299707512e-01,2.505929935202176329e-01,2.472319063994068977e-01,2.446299901738007709e-01,2.408356991049983853e-01,2.374586648111271237e-01,2.346588548998234935e-01,2.318055403949321747e-01
3.422255681980743702e+02,3.144265397917160865e-01,2.961065248118995852e-01,2.853988742976633630e-01,2.780508791442818373e-01,2.725555356389662842e-01,2.682267904132686898e-01,2.617437413870036256e-01,2.551417715299707512e-01,2.505929935202176329e-01,2.472319063994068977e-01,2.446299901738007709e-01,2.408356991049983853e-01,2.374586648111271237e-01,2.346588548998234935e-01,2.318055403949321747e-01
3.444038525114061713e+02,3.144265397917160865e-01,2.961065248118995852e-01,2.853988742976633630e-01,2.780508791442818373e-01,2.725555356389662842e-01,2.682267904132686898e-01,2.617437413870036256e-01,2.551417715299707512e-01,2.505929935202176329e-01,2.472319063994068977e-01,2.446299901738007709e-01,2.408356991049983853e-01,2.374586648111271237e-01,2.346588548998234935e-01,2.318055403949321747e-01
3.465960017226021819e+02,3.144265397917160865e-01,2.961065248118995852e-01,2.853988742976633630e-01,2.780508791442818373e-01,2.725555356389662842e-01,2.682267904132686898e-01,2.617437413870036256e-01,2.551417715299707512e-01,2.505929935202176329e-01,2.472319063994068977e-01,2.446299901738007709e-01,2.408356991049983853e-01,2.374586648111271237e-01,2.346588548998234935e-01,2.318055403949321747e-01
3.488021040824904162e+02,3.144265397917160865e-01,2.961065248118995852e-01,2.853988742976633630e-01,2.780508791442818373e-01,2.725555356389662842e-01,2.682267904132686898e-01,2.617437413870036256e-01,2.551417715299707512e-01,2.505929935202176329e-01,2.472319063994068977e-01,2.446299901738007709e-01,2.408356991049983853e-01,2.374586648111271237e-01,2.346588548998234935e-01,2.318055403949321747e-01
3.510222484036191872e+02,3.144265397917160865e-01,2.961065248118995852e-01,2.853988742976633630e-01,2.780508791442818373e-01,2.725555356389662842e-01,2.682267904132686898e-01,2.617437413870036256e-01,2.551417715299707512e-01,2.505929935202176329e-01,2.472319063994068977e-01,2.446299901738007709e-01,2.408356991049983853e-01,2.374586648111271237e-01,2.346588548998234935e-01,2.318055403949321747e-01
3.532565240638337514e+02,3.144265397917160865e-01,2.961065248118995852e-01,2.853988742976633630e-01,2.780508791442818373e-01,2.725555356389662842e-01,2.682267904132686898e-01,2.617437413870036256e-01,2.551417715299707512e-01,2.505929935202176329e-01,2.472319063994068977e-01,2.446299901738007709e-01,2.408356991049983853e-01,2.374586648111271237e-01,2.346588548998234935e-01,2.318055403949321747e-01
3.555050210098739285e+02,3.144265397917160865e-01,2.961065248118995852e-01,2.853988742976633630e-01,2.780508791442818373e-01,2.725555356389662842e-01,2.682267904132686898e-01,2.617437413870036256e-01,2.551417715299707512e-01,2.505929935202176329e-01,2.472319063994068977e-01,2.446299901738007709e-01,2.408356991049983853e-01,2.374586648111271237e-01,2.346588548998234935e-01,2.318055403949321747e-01
3.577678297609965057e+02,3.144265397917160865e-01,2.961065248118995852e-01,2.853988742976633630e-01,2.780508791442818373e-01,2.725555356389662842e-01,2.682267904132686898e-01,2.617437413870036256e-01,2.551417715299707512e-01,2.505929935202176329e-01,2.472319063994068977e-01,2.446299901738007709e-01,2.408356991049983853e-01,2.374586648111271237e-01,2.346588548998234935e-01,2.318055403949321747e-01
3.600450414126170813e+02,3.144265397917160865e-01,2.961065248118995852e-01,2.853988742976633630e-01,2.780508791442818373e-01,2.725555356389662842e-01,2.682267904132686898e-01,2.617437413870036256e-01,2.551417715299707512e-01,2.505929935202176329e-01,2.472319063994068977e-01,2.446299901738007709e-01,2.408356991049983853e-01,2.374586648111271237e-01,2.346588548998234935e-01,2.318055403949321747e-01
3.623367476399790235e+02,3.144265397917160865e-01,2.961065248118995852e-01,2.853988742976633630e-01,2.780508791442818373e-01,2.725555356389662842e-01,2.682267904132686898e-01,2.617437413870036256e-01,2.551417715299707512e-01,2.505929935202176329e-01,2.472319063994068977e-01,2.446299901738007709e-01,2.408356991049983853e-01,2.374586648111271237e-01,2.346588548998234935e-01,2.318055403949321747e-01
3.646430407018434607e+02,3.144265397917160865e-01,2.961065248118995852e-01,2.853988742976633630e-01,2.780508791442818373e-01,2.725555356389662842e-01,2.682267904132686898e-01,2.617437413870036256e-01,2.551417715299707512e-01,2.505929935202176329e-01,2.472319063994068977e-01,2.446299901738007709e-01,2.408356991049983853e-01,2.374586648111271237e-01,2.346588548998234935e-01,2.318055403949321747e-01
3.669640134442035446e+02,3.144265397917160865e-01,2.961065248118995852e-01,2.853988742976633630e-01,2.780508791442818373e-01,2.725555356389662842e-01,2.682267904132686898e-01,2.617437413870036256e-01,2.551417715299707512e-01,2.505929935202176329e-01,2.472319063994068977e-01,2.446299901738007709e-01,2.408356991049983853e-01,2.374586648111271237e-01,2.346588548998234935e-01,2.318055403949321747e-01
3.692997593040219613e+02,3.144265397917160865e-01,2.961065248118995852e-01,2.853988742976633630e-01,2.780508791442818373e-01,2.725555356389662842e-01,2.682267904132686898e-01,2.617437413870036256e-01,2.551417715299707512e-01,2.505929935202176329e-01,2.472319063994068977e-01,2.446299901738007709e-01,2.408356991049983853e-01,2.374586648111271237e-01,2.346588548998234935e-01,2.318055403949321747e-01
3.716503723129937953e+02,3.144265397917160865e-01,2.961065248118995852e-01,2.853988742976633630e-01,2.780508791442818373e-01,2.725555356389662842e-01,2.682267904132686898e-01,2.617437413870036256e-01,2.551417715299707512e-01,2.505929935202176329e-01,2.472319063994068977e-01,2.446299901738007709e-01,2.408356991049983853e-01,2.374586648111271237e-01,2.346588548998234935e-01,2.318055403949321747e-01
3.740159471013297434e+02,3.144265397917160865e-01,2.961065248118995852e-01,2.853988742976633630e-01,2.780508791442818373e-01,2.725555356389662842e-01,2.682267904132686898e-01,2.617437413870036256e-01,2.551417715299707512e-01,2.505929935202176329e-01,2.472319063994068977e-01,2.446299901738007709e-01,2.408356991049983853e-01,2.374586648111271237e-01,2.346588548998234935e-01,2.318055403949321747e-01
3.763965789015674659e+02,3.144265397917160865e-01,2.961065248118995852e-01,2.853988742976633630e-01,2.780508791442818373e-01,2.725555356389662842e-01,2.682267904132686898e-01,2.617437413870036256e-01,2.551417715299707512e-01,2.505929935202176329e-01,2.472319063994068977e-01,2.446299901738007709e-01,2.408356991049983853e-01,2.374586648111271237e-01,2.346588548998234935e-01,2.318055403949321747e-01
3.787923635524048223e+02,3.144265397917160865e-01,2.961065248118995852e-01,2.853988742976633630e-01,2.780508791442818373e-01,2.725555356389662842e-01,2.682267904132686898e-01,2.617437413870036256e-01,2.551417715299707512e-01,2.505929935202176329e-01,2.472319063994068977e-01,2.446299901738007709e-01,2.408356991049983853e-01,2.374586648111271237e-01,2.346588548998234935e-01,2.318055403949321747e-01
3.812033975025577774e+02,3.144265397917160865e-01,2.961065248118995852e-01,2.853988742976633630e-01,2.780508791442818373e-01,2.725555356389662842e-01,2.682267904132686898e-01,2.617437413870036256e-01,2.551417715299707512e-01,2.505929935202176329e-01,2.472319063994068977e-01,2.446299901738007709e-01,2.408356991049983853e-01,2.374586648111271237e-01,2.346588548998234935e-01,2.318055403949321747e-01
3.836297778146447968e+02,3.144265397917160865e-01,2.961065248118995852e-01,2.853988742976633630e-01,2.780508791442818373e-01,2.725555356389662842e-01,2.682267904132686898e-01,2.617437413870036256e-01,2.551417715299707512e-01,2.505929935202176329e-01,2.472319063994068977e-01,2.446299901738007709e-01,2.408356991049983853e-01,2.374586648111271237e-01,2.346588548998234935e-01,2.318055403949321747e-01
3.860716021690920456e+02,3.144265397917160865e-01,2.961065248118995852e-01,2.853988742976633630e-01,2.780508791442818373e-01,2.725555356389662842e-01,2.682267904132686898e-01,2.617437413870036256e-01,2.551417715299707512e-01,2.505929935202176329e-01,2.472319063994068977e-01,2.446299901738007709e-01,2.408356991049983853e-01,2.374586648111271237e-01,2.346588548998234935e-01,2.318055403949321747e-01
3.885289688680672384e+02,3.144265397917160865e-01,2.961065248118995852e-01,2.853988742976633630e-01,2.780508791442818373e-01,2.725555356389662842e-01,2.682267904132686898e-01,2.617437413870036256e-01,2.551417715299707512e-01,2.505929935202176329e-01,2.472319063994068977e-01,2.446299901738007709e-01,2.408356991049983853e-01,2.374586648111271237e-01,2.346588548998234935e-01,2.318055403949321747e-01
3.910019768394366793e+02,3.144265397917160865e-01,2.961065248118995852e-01,2.853988742976633630e-01,2.780508791442818373e-01,2.725555356389662842e-01,2.682267904132686898e-01,2.617437413870036256e-01,2.551417715299707512e-01,2.505929935202176329e-01,2.472319063994068977e-01,2.446299901738007709e-01,2.408356991049983853e-01,2.374586648111271237e-01,2.346588548998234935e-01,2.318055403949321747e-01
3.934907256407481100e+02,3.144265397917160865e-01,2.961065248118995852e-01,2.853988742976633630e-01,2.780508791442818373e-01,2.725555356389662842e-01,2.682267904132686898e-01,2.617437413870036256e-01,2.551417715299707512e-01,2.505929935202176329e-01,2.472319063994068977e-01,2.446299901738007709e-01,2.408356991049983853e-01,2.374586648111271237e-01,2.346588548998234935e-01,2.318055403949321747e-01
3.959953154632377732e+02,3.144265397917160865e-01,2.961065248118995852e-01,2.853988742976633630e-01,2.780508791442818373e-01,2.725555356389662842e-01,2.682267904132686898e-01,2.617437413870036256e-01,2.551417715299707512e-01,2.505929935202176329e-01,2.472319063994068977e-01,2.446299901738007709e-01,2.408356991049983853e-01,2.374586648111271237e-01,2.346588548998234935e-01,2.318055403949321747e-01
3.985158471358660108e+02,3.144265397917160865e-01,2.961065248118995852e-01,2.853988742976633630e-01,2.780508791442818373e-01,2.725555356389662842e-01,2.682267904132686898e-01,2.617437413870036256e-01,2.551417715299707512e-01,2.505929935202176329e-01,2.472319063994068977e-01,2.446299901738007709e-01,2.408356991049983853e-01,2.374586648111271237e-01,2.346588548998234935e-01,2.318055403949321747e-01
4.010524221293736673e+02,3.144265397917160865e-01,2.961065248118995852e-01,2.853988742976633630e-01,2.780508791442818373e-01,2.725555356389662842e-01,2.682267904132686898e-01,2.617437413870036256e-01,2.551417715299707512e-01,2.505929935202176329e-01,2.472319063994068977e-01,2.446299901738007709e-01,2.408356991049983853e-01,2.374586648111271237e-01,2.346588548998234935e-01,2.318055403949321747e-01
4.036051425603687903e+02,3.144265397917160865e-01,2.961065248118995852e-01,2.853988742976633630e-01,2.780508791442818373e-01,2.725555356389662842e-01,2.682267904132686898e-01,2.617437413870036256e-01,2.551417715299707512e-01,2.505929935202176329e-01,2.472319063994068977e-01,2.446299901738007709e-01,2.408356991049983853e-01,2.374586648111271237e-01,2.346588548998234935e-01,2.318055403949321747e-01
4.061741111954367511e+02,3.144265397917160865e-01,2.961065248118995852e-01,2.853988742976633630e-01,2.780508791442818373e-01,2.725555356389662842e-01,2.682267904132686898e-01,2.617437413870036256e-01,2.551417715299707512e-01,2.505929935202176329e-01,2.472319063994068977e-01,2.446299901738007709e-01,2.408356991049983853e-01,2.374586648111271237e-01,2.346588548998234935e-01,2.318055403949321747e-01
4.087594314552789569e+02,3.144265397917160865e-01,2.961065248118995852e-01,2.853988742976633630e-01,2.780508791442818373e-01,2.725555356389662842e-01,2.682267904132686898e-01,2.617437413870036256e-01,2.551417715299707512e-01,2.505929935202176329e-01,2.472319063994068977e-01,2.446299901738007709e-01,2.408356991049983853e-01,2.374586648111271237e-01,2.346588548998234935e-01,2.318055403949321747e-01
4.113612074188741303e+02,3.144265397917160865e-01,2.961065248118995852e-01,2.853988742976633630e-01,2.780508791442818373e-01,2.725555356389662842e-01,2.682267904132686898e-01,2.617437413870036256e-01,2.551417715299707512e-01,2.505929935202176329e-01,2.472319063994068977e-01,2.446299901738007709e-01,2.408356991049983853e-01,2.374586648111271237e-01,2.346588548998234935e-01,2.318055403949321747e-01
4.139795438276697155e+02,3.144265397917160865e-01,2.961065248118995852e-01,2.853988742976633630e-01,2.780508791442818373e-01,2.725555356389662842e-01,2.682267904132686898e-01,2.617437413870036256e-01,2.551417715299707512e-01,2.505929935202176329e-01,2.472319063994068977e-01,2.446299901738007709e-01,2.408356991049983853e-01,2.374586648111271237e-01,2.346588548998234935e-01,2.318055403949321747e-01
4.166145460897979547e+02,3.144265397917160865e-01,2.961065248118995852e-01,2.853988742976633630e-01,2.780508791442818373e-01,2.725555356389662842e-01,2.682267904132686898e-01,2.617437413870036256e-01,2.551417715299707512e-01,2.505929935202176329e-01,2.472319063994068977e-01,2.446299901738007709e-01,2.408356991049983853e-01,2.374586648111271237e-01,2.346588548998234935e-01,2.318055403949321747e-01
4.192663202843198746e+02,3.144265397917160865e-01,2.961065248118995852e-01,2.853988742976633630e-01,2.780508791442818373e-01,2.725555356389662842e-01,2.682267904132686898e-01,2.617437413870036256e-01,2.551417715299707512e-01,2.505929935202176329e-01,2.472319063994068977e-01,2.446299901738007709e-01,2.408356991049983853e-01,2.374586648111271237e-01,2.346588548998234935e-01,2.318055403949321747e-01
4.219349731654953075e+02,3.144265397917160865e-01,2.961065248118995852e-01,2.853988742976633630e-01,2.780508791442818373e-01,2.725555356389662842e-01,2.682267904132686898e-01,2.617437413870036256e-01,2.551417715299707512e-01,2.505929935202176329e-01,2.472319063994068977e-01,2.446299901738007709e-01,2.408356991049983853e-01,2.374586648111271237e-01,2.346588548998234935e-01,2.318055403949321747e-01
4.246206121670802531e+02,3.144265397917160865e-01,2.961065248118995852e-01,2.853988742976633630e-01,2.780508791442818373e-01,2.725555356389662842e-01,2.682267904132686898e-01,2.617437413870036256e-01,2.551417715299707512e-01,2.505929935202176329e-01,2.472319063994068977e-01,2.446299901738007709e-01,2.408356991049983853e-01,2.374586648111271237e-01,2.346588548998234935e-01,2.318055403949321747e-01
4.273233454066538570e+02,3.144265397917160865e-01,2.961065248118995852e-01,2.853988742976633630e-01,2.780508791442818373e-01,2.725555356389662842e-01,2.682267904132686898e-01,2.617437413870036256e-01,2.551417715299707512e-01,2.505929935202176329e-01,2.472319063994068977e-01,2.446299901738007709e-01,2.408356991049983853e-01,2.374586648111271237e-01,2.346588548998234935e-01,2.318055403949321747e-01
4.300432816899680688e+02,3.144265397917160865e-01,2.961065248118995852e-01,2.853988742976633630e-01,2.780508791442818373e-01,2.725555356389662842e-01,2.682267904132686898e-01,2.617437413870036256e-01,2.551417715299707512e-01,2.505929935202176329e-01,2.472319063994068977e-01,2.446299901738007709e-01,2.408356991049983853e-01,2.374586648111271237e-01,2.346588548998234935e-01,2.318055403949321747e-01
4.327805305153299855e+02,3.144265397917160865e-01,2.961065248118995852e-01,2.853988742976633630e-01,2.780508791442818373e-01,2.725555356389662842e-01,2.682267904132686898e-01,2.617437413870036256e-01,2.551417715299707512e-01,2.505929935202176329e-01,2.472319063994068977e-01,2.446299901738007709e-01,2.408356991049983853e-01,2.374586648111271237e-01,2.346588548998234935e-01,2.318055403949321747e-01
4.355352020780086946e+02,3.144265397917160865e-01,2.961065248118995852e-01,2.853988742976633630e-01,2.780508791442818373e-01,2.725555356389662842e-01,2.682267904132686898e-01,2.617437413870036256e-01,2.551417715299707512e-01,2.505929935202176329e-01,2.472319063994068977e-01,2.446299901738007709e-01,2.408356991049983853e-01,2.374586648111271237e-01,2.346588548998234935e-01,2.318055403949321747e-01
4.383074072746736647e+02,3.144265397917160865e-01,2.961065248118995852e-01,2.853988742976633630e-01,2.780508791442818373e-01,2.725555356389662842e-01,2.682267904132686898e-01,2.617437413870036256e-01,2.551417715299707512e-01,2.505929935202176329e-01,2.472319063994068977e-01,2.446299901738007709e-01,2.408356991049983853e-01,2.374586648111271237e-01,2.346588548998234935e-01,2.318055403949321747e-01
4.410972577078562153e+02,3.144265397917160865e-01,2.961065248118995852e-01,2.853988742976633630e-01,2.780508791442818373e-01,2.725555356389662842e-01,2.682267904132686898e-01,2.617437413870036256e-01,2.551417715299707512e-01,2.505929935202176329e-01,2.472319063994068977e-01,2.446299901738007709e-01,2.408356991049983853e-01,2.374586648111271237e-01,2.346588548998234935e-01,2.318055403949321747e-01
4.439048656904444101e+02,3.144265397917160865e-01,2.961065248118995852e-01,2.853988742976633630e-01,2.780508791442818373e-01,2.725555356389662842e-01,2.682267904132686898e-01,2.617437413870036256e-01,2.551417715299707512e-01,2.505929935202176329e-01,2.472319063994068977e-01,2.446299901738007709e-01,2.408356991049983853e-01,2.374586648111271237e-01,2.346588548998234935e-01,2.318055403949321747e-01
4.467303442502038706e+02,3.144265397917160865e-01,2.961065248118995852e-01,2.853988742976633630e-01,2.780508791442818373e-01,2.725555356389662842e-01,2.682267904132686898e-01,2.617437413870036256e-01,2.551417715299707512e-01,2.505929935202176329e-01,2.472319063994068977e-01,2.446299901738007709e-01,2.408356991049983853e-01,2.374586648111271237e-01,2.346588548998234935e-01,2.318055403949321747e-01
4.495738071343280353e+02,3.144265397917160865e-01,2.961065248118995852e-01,2.853988742976633630e-01,2.780508791442818373e-01,2.725555356389662842e-01,2.682267904132686898e-01,2.617437413870036256e-01,2.551417715299707512e-01,2.505929935202176329e-01,2.472319063994068977e-01,2.446299901738007709e-01,2.408356991049983853e-01,2.374586648111271237e-01,2.346588548998234935e-01,2.318055403949321747e-01
4.524353688140170107e+02,3.144265397917160865e-01,2.961065248118995852e-01,2.853988742976633630e-01,2.780508791442818373e-01,2.725555356389662842e-01,2.682267904132686898e-01,2.617437413870036256e-01,2.551417715299707512e-01,2.505929935202176329e-01,2.472319063994068977e-01,2.446299901738007709e-01,2.408356991049983853e-01,2.374586648111271237e-01,2.346588548998234935e-01,2.318055403949321747e-01
4.553151444890876860e+02,3.144265397917160865e-01,2.961065248118995852e-01,2.853988742976633630e-01,2.780508791442818373e-01,2.725555356389662842e-01,2.682267904132686898e-01,2.617437413870036256e-01,2.551417715299707512e-01,2.505929935202176329e-01,2.472319063994068977e-01,2.446299901738007709e-01,2.408356991049983853e-01,2.374586648111271237e-01,2.346588548998234935e-01,2.318055403949321747e-01
4.582132500926086323e+02,3.144265397917160865e-01,2.961065248118995852e-01,2.853988742976633630e-01,2.780508791442818373e-01,2.725555356389662842e-01,2.682267904132686898e-01,2.617437413870036256e-01,2.551417715299707512e-01,2.505929935202176329e-01,2.472319063994068977e-01,2.446299901738007709e-01,2.408356991049983853e-01,2.374586648111271237e-01,2.346588548998234935e-01,2.318055403949321747e-01
4.611298022955691636e+02,3.144265397917160865e-01,2.961065248118995852e-01,2.853988742976633630e-01,2.780508791442818373e-01,2.725555356389662842e-01,2.682267904132686898e-01,2.617437413870036256e-01,2.551417715299707512e-01,2.505929935202176329e-01,2.472319063994068977e-01,2.446299901738007709e-01,2.408356991049983853e-01,2.374586648111271237e-01,2.346588548998234935e-01,2.318055403949321747e-01
4.640649185115757405e+02,3.144265397917160865e-01,2.961065248118995852e-01,2.853988742976633630e-01,2.780508791442818373e-01,2.725555356389662842e-01,2.682267904132686898e-01,2.617437413870036256e-01,2.551417715299707512e-01,2.505929935202176329e-01,2.472319063994068977e-01,2.446299901738007709e-01,2.408356991049983853e-01,2.374586648111271237e-01,2.346588548998234935e-01,2.318055403949321747e-01
4.670187169015783297e+02,3.144265397917160865e-01,2.961065248118995852e-01,2.853988742976633630e-01,2.780508791442818373e-01,2.725555356389662842e-01,2.682267904132686898e-01,2.617437413870036256e-01,2.551417715299707512e-01,2.505929935202176329e-01,2.472319063994068977e-01,2.446299901738007709e-01,2.408356991049983853e-01,2.374586648111271237e-01,2.346588548998234935e-01,2.318055403949321747e-01
4.699913163786292785e+02,3.144265397917160865e-01,2.961065248118995852e-01,2.853988742976633630e-01,2.780508791442818373e-01,2.725555356389662842e-01,2.682267904132686898e-01,2.617437413870036256e-01,2.551417715299707512e-01,2.505929935202176329e-01,2.472319063994068977e-01,2.446299901738007709e-01,2.408356991049983853e-01,2.374586648111271237e-01,2.346588548998234935e-01,2.318055403949321747e-01
4.729828366126673700e+02,3.144265397917160865e-01,2.961065248118995852e-01,2.853988742976633630e-01,2.780508791442818373e-01,2.725555356389662842e-01,2.682267904132686898e-01,2.617437413870036256e-01,2.551417715299707512e-01,2.505929935202176329e-01,2.472319063994068977e-01,2.446299901738007709e-01,2.408356991049983853e-01,2.374586648111271237e-01,2.346588548998234935e-01,2.318055403949321747e-01
4.759933980353376910e+02,3.144265397917160865e-01,2.961065248118995852e-01,2.853988742976633630e-01,2.780508791442818373e-01,2.725555356389662842e-01,2.682267904132686898e-01,2.617437413870036256e-01,2.551417715299707512e-01,2.505929935202176329e-01,2.472319063994068977e-01,2.446299901738007709e-01,2.408356991049983853e-01,2.374586648111271237e-01,2.346588548998234935e-01,2.318055403949321747e-01
4.790231218448391246e+02,3.144265397917160865e-01,2.961065248118995852e-01,2.853988742976633630e-01,2.780508791442818373e-01,2.725555356389662842e-01,2.682267904132686898e-01,2.617437413870036256e-01,2.551417715299707512e-01,2.505929935202176329e-01,2.472319063994068977e-01,2.446299901738007709e-01,2.408356991049983853e-01,2.374586648111271237e-01,2.346588548998234935e-01,2.318055403949321747e-01
4.820721300108038463e+02,3.144265397917160865e-01,2.961065248118995852e-01,2.853988742976633630e-01,2.780508791442818373e-01,2.725555356389662842e-01,2.682267904132686898e-01,2.617437413870036256e-01,2.551417715299707512e-01,2.505929935202176329e-01,2.472319063994068977e-01,2.446299901738007709e-01,2.408356991049983853e-01,2.374586648111271237e-01,2.346588548998234935e-01,2.318055403949321747e-01
4.851405452792066626e+02,3.144265397917160865e-01,2.961065248118995852e-01,2.853988742976633630e-01,2.780508791442818373e-01,2.725555356389662842e-01,2.682267904132686898e-01,2.617437413870036256e-01,2.551417715299707512e-01,2.505929935202176329e-01,2.472319063994068977e-01,2.446299901738007709e-01,2.408356991049983853e-01,2.374586648111271237e-01,2.346588548998234935e-01,2.318055403949321747e-01
4.882284911773088538e+02,3.144265397917160865e-01,2.961065248118995852e-01,2.853988742976633630e-01,2.780508791442818373e-01,2.725555356389662842e-01,2.682267904132686898e-01,2.617437413870036256e-01,2.551417715299707512e-01,2.505929935202176329e-01,2.472319063994068977e-01,2.446299901738007709e-01,2.408356991049983853e-01,2.374586648111271237e-01,2.346588548998234935e-01,2.318055403949321747e-01
4.913360920186277667e+02,3.144265397917160865e-01,2.961065248118995852e-01,2.853988742976633630e-01,2.780508791442818373e-01,2.725555356389662842e-01,2.682267904132686898e-01,2.617437413870036256e-01,2.551417715299707512e-01,2.505929935202176329e-01,2.472319063994068977e-01,2.446299901738007709e-01,2.408356991049983853e-01,2.374586648111271237e-01,2.346588548998234935e-01,2.318055403949321747e-01
4.944634729079436397e+02,3.144265397917160865e-01,2.961065248118995852e-01,2.853988742976633630e-01,2.780508791442818373e-01,2.725555356389662842e-01,2.682267904132686898e-01,2.617437413870036256e-01,2.551417715299707512e-01,2.505929935202176329e-01,2.472319063994068977e-01,2.446299901738007709e-01,2.408356991049983853e-01,2.374586648111271237e-01,2.346588548998234935e-01,2.318055403949321747e-01
4.976107597463348498e+02,3.144265397917160865e-01,2.961065248118995852e-01,2.853988742976633630e-01,2.780508791442818373e-01,2.725555356389662842e-01,2.682267904132686898e-01,2.617437413870036256e-01,2.551417715299707512e-01,2.505929935202176329e-01,2.472319063994068977e-01,2.446299901738007709e-01,2.408356991049983853e-01,2.374586648111271237e-01,2.346588548998234935e-01,2.318055403949321747e-01
5.007780792362485727e+02,3.144265397917160865e-01,2.961065248118995852e-01,2.853988742976633630e-01,2.780508791442818373e-01,2.725555356389662842e-01,2.682267904132686898e-01,2.617437413870036256e-01,2.551417715299707512e-01,2.505929935202176329e-01,2.472319063994068977e-01,2.446299901738007709e-01,2.408356991049983853e-01,2.374586648111271237e-01,2.346588548998234935e-01,2.318055403949321747e-01
5.039655588865983304e+02,3.144265397917160865e-01,2.961065248118995852e-01,2.853988742976633630e-01,2.780508791442818373e-01,2.725555356389662842e-01,2.682267904132686898e-01,2.617437413870036256e-01,2.551417715299707512e-01,2.505929935202176329e-01,2.472319063994068977e-01,2.446299901738007709e-01,2.408356991049983853e-01,2.374586648111271237e-01,2.346588548998234935e-01,2.318055403949321747e-01
5.071733270178993962e+02,3.144265397917160865e-01,2.961065248118995852e-01,2.853988742976633630e-01,2.780508791442818373e-01,2.725555356389662842e-01,2.682267904132686898e-01,2.617437413870036256e-01,2.551417715299707512e-01,2.505929935202176329e-01,2.472319063994068977e-01,2.446299901738007709e-01,2.408356991049983853e-01,2.374586648111271237e-01,2.346588548998234935e-01,2.318055403949321747e-01
5.104015127674339283e+02,3.144265397917160865e-01,2.961065248118995852e-01,2.853988742976633630e-01,2.780508791442818373e-01,2.725555356389662842e-01,2.682267904132686898e-01,2.617437413870036256e-01,2.551417715299707512e-01,2.505929935202176329e-01,2.472319063994068977e-01,2.446299901738007709e-01,2.408356991049983853e-01,2.374586648111271237e-01,2.346588548998234935e-01,2.318055403949321747e-01
5.136502460944500399e+02,3.144265397917160865e-01,2.961065248118995852e-01,2.853988742976633630e-01,2.780508791442818373e-01,2.725555356389662842e-01,2.682267904132686898e-01,2.617437413870036256e-01,2.551417715299707512e-01,2.505929935202176329e-01,2.472319063994068977e-01,2.446299901738007709e-01,2.408356991049983853e-01,2.374586648111271237e-01,2.346588548998234935e-01,2.318055403949321747e-01
5.169196577853934969e+02,3.144265397917160865e-01,2.961065248118995852e-01,2.853988742976633630e-01,2.780508791442818373e-01,2.725555356389662842e-01,2.682267904132686898e-01,2.617437413870036256e-01,2.551417715299707512e-01,2.505929935202176329e-01,2.472319063994068977e-01,2.446299901738007709e-01,2.408356991049983853e-01,2.374586648111271237e-01,2.346588548998234935e-01,2.318055403949321747e-01
5.202098794591723845e+02,3.144265397917160865e-01,2.961065248118995852e-01,2.853988742976633630e-01,2.780508791442818373e-01,2.725555356389662842e-01,2.682267904132686898e-01,2.617437413870036256e-01,2.551417715299707512e-01,2.505929935202176329e-01,2.472319063994068977e-01,2.446299901738007709e-01,2.408356991049983853e-01,2.374586648111271237e-01,2.346588548998234935e-01,2.318055403949321747e-01
5.235210435724576428e+02,3.144265397917160865e-01,2.961065248118995852e-01,2.853988742976633630e-01,2.780508791442818373e-01,2.725555356389662842e-01,2.682267904132686898e-01,2.617437413870036256e-01,2.551417715299707512e-01,2.505929935202176329e-01,2.472319063994068977e-01,2.446299901738007709e-01,2.408356991049983853e-01,2.374586648111271237e-01,2.346588548998234935e-01,2.318055403949321747e-01
5.268532834250129326e+02,3.144265397917160865e-01,2.961065248118995852e-01,2.853988742976633630e-01,2.780508791442818373e-01,2.725555356389662842e-01,2.682267904132686898e-01,2.617437413870036256e-01,2.551417715299707512e-01,2.505929935202176329e-01,2.472319063994068977e-01,2.446299901738007709e-01,2.408356991049983853e-01,2.374586648111271237e-01,2.346588548998234935e-01,2.318055403949321747e-01
5.302067331650621327e+02,3.144265397917160865e-01,2.961065248118995852e-01,2.853988742976633630e-01,2.780508791442818373e-01,2.725555356389662842e-01,2.682267904132686898e-01,2.617437413870036256e-01,2.551417715299707512e-01,2.505929935202176329e-01,2.472319063994068977e-01,2.446299901738007709e-01,2.408356991049983853e-01,2.374586648111271237e-01,2.346588548998234935e-01,2.318055403949321747e-01
5.335815277946899187e+02,3.144265397917160865e-01,2.961065248118995852e-01,2.853988742976633630e-01,2.780508791442818373e-01,2.725555356389662842e-01,2.682267904132686898e-01,2.617437413870036256e-01,2.551417715299707512e-01,2.505929935202176329e-01,2.472319063994068977e-01,2.446299901738007709e-01,2.408356991049983853e-01,2.374586648111271237e-01,2.346588548998234935e-01,2.318055403949321747e-01
5.369778031752776997e+02,3.144265397917160865e-01,2.961065248118995852e-01,2.853988742976633630e-01,2.780508791442818373e-01,2.725555356389662842e-01,2.682267904132686898e-01,2.617437413870036256e-01,2.551417715299707512e-01,2.505929935202176329e-01,2.472319063994068977e-01,2.446299901738007709e-01,2.408356991049983853e-01,2.374586648111271237e-01,2.346588548998234935e-01,2.318055403949321747e-01
5.403956960329705907e+02,3.144265397917160865e-01,2.961065248118995852e-01,2.853988742976633630e-01,2.780508791442818373e-01,2.725555356389662842e-01,2.682267904132686898e-01,2.617437413870036256e-01,2.551417715299707512e-01,2.505929935202176329e-01,2.472319063994068977e-01,2.446299901738007709e-01,2.408356991049983853e-01,2.374586648111271237e-01,2.346588548998234935e-01,2.318055403949321747e-01
5.438353439641833802e+02,3.144265397917160865e-01,2.961065248118995852e-01,2.853988742976633630e-01,2.780508791442818373e-01,2.725555356389662842e-01,2.682267904132686898e-01,2.617437413870036256e-01,2.551417715299707512e-01,2.505929935202176329e-01,2.472319063994068977e-01,2.446299901738007709e-01,2.408356991049983853e-01,2.374586648111271237e-01,2.346588548998234935e-01,2.318055403949321747e-01
5.472968854411396933e+02,3.144265397917160865e-01,2.961065248118995852e-01,2.853988742976633630e-01,2.780508791442818373e-01,2.725555356389662842e-01,2.682267904132686898e-01,2.617437413870036256e-01,2.551417715299707512e-01,2.505929935202176329e-01,2.472319063994068977e-01,2.446299901738007709e-01,2.408356991049983853e-01,2.374586648111271237e-01,2.346588548998234935e-01,2.318055403949321747e-01
5.507804598174462853e+02,3.144265397917160865e-01,2.961065248118995852e-01,2.853988742976633630e-01,2.780508791442818373e-01,2.725555356389662842e-01,2.682267904132686898e-01,2.617437413870036256e-01,2.551417715299707512e-01,2.505929935202176329e-01,2.472319063994068977e-01,2.446299901738007709e-01,2.408356991049983853e-01,2.374586648111271237e-01,2.346588548998234935e-01,2.318055403949321747e-01
5.542862073337032598e+02,3.144265397917160865e-01,2.961065248118995852e-01,2.853988742976633630e-01,2.780508791442818373e-01,2.725555356389662842e-01,2.682267904132686898e-01,2.617437413870036256e-01,2.551417715299707512e-01,2.505929935202176329e-01,2.472319063994068977e-01,2.446299901738007709e-01,2.408356991049983853e-01,2.374586648111271237e-01,2.346588548998234935e-01,2.318055403949321747e-01
5.578142691231489607e+02,3.144265397917160865e-01,2.961065248118995852e-01,2.853988742976633630e-01,2.780508791442818373e-01,2.725555356389662842e-01,2.682267904132686898e-01,2.617437413870036256e-01,2.551417715299707512e-01,2.505929935202176329e-01,2.472319063994068977e-01,2.446299901738007709e-01,2.408356991049983853e-01,2.374586648111271237e-01,2.346588548998234935e-01,2.318055403949321747e-01
5.613647872173444284e+02,3.144265397917160865e-01,2.961065248118995852e-01,2.853988742976633630e-01,2.780508791442818373e-01,2.725555356389662842e-01,2.682267904132686898e-01,2.617437413870036256e-01,2.551417715299707512e-01,2.505929935202176329e-01,2.472319063994068977e-01,2.446299901738007709e-01,2.408356991049983853e-01,2.374586648111271237e-01,2.346588548998234935e-01,2.318055403949321747e-01
5.649379045518875273e+02,3.144265397917160865e-01,2.961065248118995852e-01,2.853988742976633630e-01,2.780508791442818373e-01,2.725555356389662842e-01,2.682267904132686898e-01,2.617437413870036256e-01,2.551417715299707512e-01,2.505929935202176329e-01,2.472319063994068977e-01,2.446299901738007709e-01,2.408356991049983853e-01,2.374586648111271237e-01,2.346588548998234935e-01,2.318055403949321747e-01
5.685337649721686830e+02,3.144265397917160865e-01,2.961065248118995852e-01,2.853988742976633630e-01,2.780508791442818373e-01,2.725555356389662842e-01,2.682267904132686898e-01,2.617437413870036256e-01,2.551417715299707512e-01,2.505929935202176329e-01,2.472319063994068977e-01,2.446299901738007709e-01,2.408356991049983853e-01,2.374586648111271237e-01,2.346588548998234935e-01,2.318055403949321747e-01
5.721525132391642501e+02,3.144265397917160865e-01,2.961065248118995852e-01,2.853988742976633630e-01,2.780508791442818373e-01,2.725555356389662842e-01,2.682267904132686898e-01,2.617437413870036256e-01,2.551417715299707512e-01,2.505929935202176329e-01,2.472319063994068977e-01,2.446299901738007709e-01,2.408356991049983853e-01,2.374586648111271237e-01,2.346588548998234935e-01,2.318055403949321747e-01
5.757942950352598928e+02,3.144265397917160865e-01,2.961065248118995852e-01,2.853988742976633630e-01,2.780508791442818373e-01,2.725555356389662842e-01,2.682267904132686898e-01,2.617437413870036256e-01,2.551417715299707512e-01,2.505929935202176329e-01,2.472319063994068977e-01,2.446299901738007709e-01,2.408356991049983853e-01,2.374586648111271237e-01,2.346588548998234935e-01,2.318055403949321747e-01
5.794592569701183038e+02,3.144265397917160865e-01,2.961065248118995852e-01,2.853988742976633630e-01,2.780508791442818373e-01,2.725555356389662842e-01,2.682267904132686898e-01,2.617437413870036256e-01,2.551417715299707512e-01,2.505929935202176329e-01,2.472319063994068977e-01,2.446299901738007709e-01,2.408356991049983853e-01,2.374586648111271237e-01,2.346588548998234935e-01,2.318055403949321747e-01
5.831475465865808019e+02,3.144265397917160865e-01,2.961065248118995852e-01,2.853988742976633630e-01,2.780508791442818373e-01,2.725555356389662842e-01,2.682267904132686898e-01,2.617437413870036256e-01,2.551417715299707512e-01,2.505929935202176329e-01,2.472319063994068977e-01,2.446299901738007709e-01,2.408356991049983853e-01,2.374586648111271237e-01,2.346588548998234935e-01,2.318055403949321747e-01
5.868593123666064457e+02,3.144265397917160865e-01,2.961065248118995852e-01,2.853988742976633630e-01,2.780508791442818373e-01,2.725555356389662842e-01,2.682267904132686898e-01,2.617437413870036256e-01,2.551417715299707512e-01,2.505929935202176329e-01,2.472319063994068977e-01,2.446299901738007709e-01,2.408356991049983853e-01,2.374586648111271237e-01,2.346588548998234935e-01,2.318055403949321747e-01
5.905947037372505974e+02,3.144265397917160865e-01,2.961065248118995852e-01,2.853988742976633630e-01,2.780508791442818373e-01,2.725555356389662842e-01,2.682267904132686898e-01,2.617437413870036256e-01,2.551417715299707512e-01,2.505929935202176329e-01,2.472319063994068977e-01,2.446299901738007709e-01,2.408356991049983853e-01,2.374586648111271237e-01,2.346588548998234935e-01,2.318055403949321747e-01
5.943538710766788427e+02,3.144265397917160865e-01,2.961065248118995852e-01,2.853988742976633630e-01,2.780508791442818373e-01,2.725555356389662842e-01,2.682267904132686898e-01,2.617437413870036256e-01,2.551417715299707512e-01,2.505929935202176329e-01,2.472319063994068977e-01,2.446299901738007709e-01,2.408356991049983853e-01,2.374586648111271237e-01,2.346588548998234935e-01,2.318055403949321747e-01
5.981369657202241115e+02,3.144265397917160865e-01,2.961065248118995852e-01,2.853988742976633630e-01,2.780508791442818373e-01,2.725555356389662842e-01,2.682267904132686898e-01,2.617437413870036256e-01,2.551417715299707512e-01,2.505929935202176329e-01,2.472319063994068977e-01,2.446299901738007709e-01,2.408356991049983853e-01,2.374586648111271237e-01,2.346588548998234935e-01,2.318055403949321747e-01
6.019441399664748360e+02,3.144265397917160865e-01,2.961065248118995852e-01,2.853988742976633630e-01,2.780508791442818373e-01,2.725555356389662842e-01,2.682267904132686898e-01,2.617437413870036256e-01,2.551417715299707512e-01,2.505929935202176329e-01,2.472319063994068977e-01,2.446299901738007709e-01,2.408356991049983853e-01,2.374586648111271237e-01,2.346588548998234935e-01,2.318055403949321747e-01
6.057755470834090374e+02,3.144265397917160865e-01,2.961065248118995852e-01,2.853988742976633630e-01,2.780508791442818373e-01,2.725555356389662842e-01,2.682267904132686898e-01,2.617437413870036256e-01,2.551417715299707512e-01,2.505929935202176329e-01,2.472319063994068977e-01,2.446299901738007709e-01,2.408356991049983853e-01,2.374586648111271237e-01,2.346588548998234935e-01,2.318055403949321747e-01
6.096313413145632012e+02,3.144265397917160865e-01,2.961065248118995852e-01,2.853988742976633630e-01,2.780508791442818373e-01,2.725555356389662842e-01,2.682267904132686898e-01,2.617437413870036256e-01,2.551417715299707512e-01,2.505929935202176329e-01,2.472319063994068977e-01,2.446299901738007709e-01,2.408356991049983853e-01,2.374586648111271237e-01,2.346588548998234935e-01,2.318055403949321747e-01
6.135116778852437847e+02,3.144265397917160865e-01,2.961065248118995852e-01,2.853988742976633630e-01,2.780508791442818373e-01,2.725555356389662842e-01,2.682267904132686898e-01,2.617437413870036256e-01,2.551417715299707512e-01,2.505929935202176329e-01,2.472319063994068977e-01,2.446299901738007709e-01,2.408356991049983853e-01,2.374586648111271237e-01,2.346588548998234935e-01,2.318055403949321747e-01
6.174167130087731721e+02,3.144265397917160865e-01,2.961065248118995852e-01,2.853988742976633630e-01,2.780508791442818373e-01,2.725555356389662842e-01,2.682267904132686898e-01,2.617437413870036256e-01,2.551417715299707512e-01,2.505929935202176329e-01,2.472319063994068977e-01,2.446299901738007709e-01,2.408356991049983853e-01,2.374586648111271237e-01,2.346588548998234935e-01,2.318055403949321747e-01
6.213466038927806494e+02,3.144265397917160865e-01,2.961065248118995852e-01,2.853988742976633630e-01,2.780508791442818373e-01,2.725555356389662842e-01,2.682267904132686898e-01,2.617437413870036256e-01,2.551417715299707512e-01,2.505929935202176329e-01,2.472319063994068977e-01,2.446299901738007709e-01,2.408356991049983853e-01,2.374586648111271237e-01,2.346588548998234935e-01,2.318055403949321747e-01
6.253015087455304410e+02,3.144265397917160865e-01,2.961065248118995852e-01,2.853988742976633630e-01,2.780508791442818373e-01,2.725555356389662842e-01,2.682267904132686898e-01,2.617437413870036256e-01,2.551417715299707512e-01,2.505929935202176329e-01,2.472319063994068977e-01,2.446299901738007709e-01,2.408356991049983853e-01,2.374586648111271237e-01,2.346588548998234935e-01,2.318055403949321747e-01
6.292815867822911287e+02,3.144265397917160865e-01,2.961065248118995852e-01,2.853988742976633630e-01,2.780508791442818373e-01,2.725555356389662842e-01,2.682267904132686898e-01,2.617437413870036256e-01,2.551417715299707512e-01,2.505929935202176329e-01,2.472319063994068977e-01,2.446299901738007709e-01,2.408356991049983853e-01,2.374586648111271237e-01,2.346588548998234935e-01,2.318055403949321747e-01
6.332869982317449740e+02,3.144265397917160865e-01,2.961065248118995852e-01,2.853988742976633630e-01,2.780508791442818373e-01,2.725555356389662842e-01,2.682267904132686898e-01,2.617437413870036256e-01,2.551417715299707512e-01,2.505929935202176329e-01,2.472319063994068977e-01,2.446299901738007709e-01,2.408356991049983853e-01,2.374586648111271237e-01,2.346588548998234935e-01,2.318055403949321747e-01
6.373179043424378278e+02,3.144265397917160865e-01,2.961065248118995852e-01,2.853988742976633630e-01,2.780508791442818373e-01,2.725555356389662842e-01,2.682267904132686898e-01,2.617437413870036256e-01,2.551417715299707512e-01,2.505929935202176329e-01,2.472319063994068977e-01,2.446299901738007709e-01,2.408356991049983853e-01,2.374586648111271237e-01,2.346588548998234935e-01,2.318055403949321747e-01
6.413744673892733772e+02,3.144265397917160865e-01,2.961065248118995852e-01,2.853988742976633630e-01,2.780508791442818373e-01,2.725555356389662842e-01,2.682267904132686898e-01,2.617437413870036256e-01,2.551417715299707512e-01,2.505929935202176329e-01,2.472319063994068977e-01,2.446299901738007709e-01,2.408356991049983853e-01,2.374586648111271237e-01,2.346588548998234935e-01,2.318055403949321747e-01
6.454568506800419527e+02,3.144265397917160865e-01,2.961065248118995852e-01,2.853988742976633630e-01,2.780508791442818373e-01,2.725555356389662842e-01,2.682267904132686898e-01,2.617437413870036256e-01,2.551417715299707512e-01,2.505929935202176329e-01,2.472319063994068977e-01,2.446299901738007709e-01,2.408356991049983853e-01,2.374586648111271237e-01,2.346588548998234935e-01,2.318055403949321747e-01
6.495652185619973125e+02,3.144265397917160865e-01,2.961065248118995852e-01,2.853988742976633630e-01,2.780508791442818373e-01,2.725555356389662842e-01,2.682267904132686898e-01,2.617437413870036256e-01,2.551417715299707512e-01,2.505929935202176329e-01,2.472319063994068977e-01,2.446299901738007709e-01,2.408356991049983853e-01,2.374586648111271237e-01,2.346588548998234935e-01,2.318055403949321747e-01
6.536997364284717378e+02,3.144265397917160865e-01,2.961065248118995852e-01,2.853988742976633630e-01,2.780508791442818373e-01,2.725555356389662842e-01,2.682267904132686898e-01,2.617437413870036256e-01,2.551417715299707512e-01,2.505929935202176329e-01,2.472319063994068977e-01,2.446299901738007709e-01,2.408356991049983853e-01,2.374586648111271237e-01,2.346588548998234935e-01,2.318055403949321747e-01
6.578605707255371726e+02,3.144265397917160865e-01,2.961065248118995852e-01,2.853988742976633630e-01,2.780508791442818373e-01,2.725555356389662842e-01,2.682267904132686898e-01,2.617437413870036256e-01,2.551417715299707512e-01,2.505929935202176329e-01,2.472319063994068977e-01,2.446299901738007709e-01,2.408356991049983853e-01,2.374586648111271237e-01,2.346588548998234935e-01,2.318055403949321747e-01
6.620478889587018330e+02,3.144265397917160865e-01,2.961065248118995852e-01,2.853988742976633630e-01,2.780508791442818373e-01,2.725555356389662842e-01,2.682267904132686898e-01,2.617437413870036256e-01,2.551417715299707512e-01,2.505929935202176329e-01,2.472319063994068977e-01,2.446299901738007709e-01,2.408356991049983853e-01,2.374586648111271237e-01,2.346588548998234935e-01,2.318055403949321747e-01
6.662618596996562701e+02,3.144265397917160865e-01,2.961065248118995852e-01,2.853988742976633630e-01,2.780508791442818373e-01,2.725555356389662842e-01,2.682267904132686898e-01,2.617437413870036256e-01,2.551417715299707512e-01,2.505929935202176329e-01,2.472319063994068977e-01,2.446299901738007709e-01,2.408356991049983853e-01,2.374586648111271237e-01,2.346588548998234935e-01,2.318055403949321747e-01
6.705026525930587695e+02,3.144265397917160865e-01,2.961065248118995852e-01,2.853988742976633630e-01,2.780508791442818373e-01,2.725555356389662842e-01,2.682267904132686898e-01,2.617437413870036256e-01,2.551417715299707512e-01,2.505929935202176329e-01,2.472319063994068977e-01,2.446299901738007709e-01,2.408356991049983853e-01,2.374586648111271237e-01,2.346588548998234935e-01,2.318055403949321747e-01
6.747704383633653151e+02,3.144265397917160865e-01,2.961065248118995852e-01,2.853988742976633630e-01,2.780508791442818373e-01,2.725555356389662842e-01,2.682267904132686898e-01,2.617437413870036256e-01,2.551417715299707512e-01,2.505929935202176329e-01,2.472319063994068977e-01,2.446299901738007709e-01,2.408356991049983853e-01,2.374586648111271237e-01,2.346588548998234935e-01,2.318055403949321747e-01
6.790653888217021859e+02,3.144265397917160865e-01,2.961065248118995852e-01,2.853988742976633630e-01,2.780508791442818373e-01,2.725555356389662842e-01,2.682267904132686898e-01,2.617437413870036256e-01,2.551417715299707512e-01,2.505929935202176329e-01,2.472319063994068977e-01,2.446299901738007709e-01,2.408356991049983853e-01,2.374586648111271237e-01,2.346588548998234935e-01,2.318055403949321747e-01
6.833876768727823219e+02,3.144265397917160865e-01,2.961065248118995852e-01,2.853988742976633630e-01,2.780508791442818373e-01,2.725555356389662842e-01,2.682267904132686898e-01,2.617437413870036256e-01,2.551417715299707512e-01,2.505929935202176329e-01,2.472319063994068977e-01,2.446299901738007709e-01,2.408356991049983853e-01,2.374586648111271237e-01,2.346588548998234935e-01,2.318055403949321747e-01
6.877374765218683024e+02,3.144265397917160865e-01,2.961065248118995852e-01,2.853988742976633630e-01,2.780508791442818373e-01,2.725555356389662842e-01,2.682267904132686898e-01,2.617437413870036256e-01,2.551417715299707512e-01,2.505929935202176329e-01,2.472319063994068977e-01,2.446299901738007709e-01,2.408356991049983853e-01,2.374586648111271237e-01,2.346588548998234935e-01,2.318055403949321747e-01
6.921149628817738630e+02,3.144265397917160865e-01,2.961065248118995852e-01,2.853988742976633630e-01,2.780508791442818373e-01,2.725555356389662842e-01,2.682267904132686898e-01,2.617437413870036256e-01,2.551417715299707512e-01,2.505929935202176329e-01,2.472319063994068977e-01,2.446299901738007709e-01,2.408356991049983853e-01,2.374586648111271237e-01,2.346588548998234935e-01,2.318055403949321747e-01
6.965203121799149812e+02,3.144265397917160865e-01,2.961065248118995852e-01,2.853988742976633630e-01,2.780508791442818373e-01,2.725555356389662842e-01,2.682267904132686898e-01,2.617437413870036256e-01,2.551417715299707512e-01,2.505929935202176329e-01,2.472319063994068977e-01,2.446299901738007709e-01,2.408356991049983853e-01,2.374586648111271237e-01,2.346588548998234935e-01,2.318055403949321747e-01
7.009537017654071178e+02,3.144265397917160865e-01,2.961065248118995852e-01,2.853988742976633630e-01,2.780508791442818373e-01,2.725555356389662842e-01,2.682267904132686898e-01,2.617437413870036256e-01,2.551417715299707512e-01,2.505929935202176329e-01,2.472319063994068977e-01,2.446299901738007709e-01,2.408356991049983853e-01,2.374586648111271237e-01,2.346588548998234935e-01,2.318055403949321747e-01
7.054153101162002031e+02,3.144265397917160865e-01,2.961065248118995852e-01,2.853988742976633630e-01,2.780508791442818373e-01,2.725555356389662842e-01,2.682267904132686898e-01,2.617437413870036256e-01,2.551417715299707512e-01,2.505929935202176329e-01,2.472319063994068977e-01,2.446299901738007709e-01,2.408356991049983853e-01,2.374586648111271237e-01,2.346588548998234935e-01,2.318055403949321747e-01
7.099053168462667145e+02,3.144265397917160865e-01,2.961065248118995852e-01,2.853988742976633630e-01,2.780508791442818373e-01,2.725555356389662842e-01,2.682267904132686898e-01,2.617437413870036256e-01,2.551417715299707512e-01,2.505929935202176329e-01,2.472319063994068977e-01,2.446299901738007709e-01,2.408356991049983853e-01,2.374586648111271237e-01,2.346588548998234935e-01,2.318055403949321747e-01
7.144239027128319321e+02,3.144265397917160865e-01,2.961065248118995852e-01,2.853988742976633630e-01,2.780508791442818373e-01,2.725555356389662842e-01,2.682267904132686898e-01,2.617437413870036256e-01,2.551417715299707512e-01,2.505929935202176329e-01,2.472319063994068977e-01,2.446299901738007709e-01,2.408356991049983853e-01,2.374586648111271237e-01,2.346588548998234935e-01,2.318055403949321747e-01
7.189712496236504649e+02,3.144265397917160865e-01,2.961065248118995852e-01,2.853988742976633630e-01,2.780508791442818373e-01,2.725555356389662842e-01,2.682267904132686898e-01,2.617437413870036256e-01,2.551417715299707512e-01,2.505929935202176329e-01,2.472319063994068977e-01,2.446299901738007709e-01,2.408356991049983853e-01,2.374586648111271237e-01,2.346588548998234935e-01,2.318055403949321747e-01
7.235475406443298425e+02,3.144265397917160865e-01,2.961065248118995852e-01,2.853988742976633630e-01,2.780508791442818373e-01,2.725555356389662842e-01,2.682267904132686898e-01,2.617437413870036256e-01,2.551417715299707512e-01,2.505929935202176329e-01,2.472319063994068977e-01,2.446299901738007709e-01,2.408356991049983853e-01,2.374586648111271237e-01,2.346588548998234935e-01,2.318055403949321747e-01
7.281529600056993559e+02,3.144265397917160865e-01,2.961065248118995852e-01,2.853988742976633630e-01,2.780508791442818373e-01,2.725555356389662842e-01,2.682267904132686898e-01,2.617437413870036256e-01,2.551417715299707512e-01,2.505929935202176329e-01,2.472319063994068977e-01,2.446299901738007709e-01,2.408356991049983853e-01,2.374586648111271237e-01,2.346588548998234935e-01,2.318055403949321747e-01
7.327876931112297143e+02,3.144265397917160865e-01,2.961065248118995852e-01,2.853988742976633630e-01,2.780508791442818373e-01,2.725555356389662842e-01,2.682267904132686898e-01,2.617437413870036256e-01,2.551417715299707512e-01,2.505929935202176329e-01,2.472319063994068977e-01,2.446299901738007709e-01,2.408356991049983853e-01,2.374586648111271237e-01,2.346588548998234935e-01,2.318055403949321747e-01
7.374519265444923803e+02,3.144265397917160865e-01,2.961065248118995852e-01,2.853988742976633630e-01,2.780508791442818373e-01,2.725555356389662842e-01,2.682267904132686898e-01,2.617437413870036256e-01,2.551417715299707512e-01,2.505929935202176329e-01,2.472319063994068977e-01,2.446299901738007709e-01,2.408356991049983853e-01,2.374586648111271237e-01,2.346588548998234935e-01,2.318055403949321747e-01
7.421458480766743833e+02,3.144265397917160865e-01,2.961065248118995852e-01,2.853988742976633630e-01,2.780508791442818373e-01,2.725555356389662842e-01,2.682267904132686898e-01,2.617437413870036256e-01,2.551417715299707512e-01,2.505929935202176329e-01,2.472319063994068977e-01,2.446299901738007709e-01,2.408356991049983853e-01,2.374586648111271237e-01,2.346588548998234935e-01,2.318055403949321747e-01
7.468696466741357654e+02,3.144265397917160865e-01,2.961065248118995852e-01,2.853988742976633630e-01,2.780508791442818373e-01,2.725555356389662842e-01,2.682267904132686898e-01,2.617437413870036256e-01,2.551417715299707512e-01,2.505929935202176329e-01,2.472319063994068977e-01,2.446299901738007709e-01,2.408356991049983853e-01,2.374586648111271237e-01,2.346588548998234935e-01,2.318055403949321747e-01
7.516235125060197788e+02,3.144265397917160865e-01,2.961065248118995852e-01,2.853988742976633630e-01,2.780508791442818373e-01,2.725555356389662842e-01,2.682267904132686898e-01,2.617437413870036256e-01,2.551417715299707512e-01,2.505929935202176329e-01,2.472319063994068977e-01,2.446299901738007709e-01,2.408356991049983853e-01,2.374586648111271237e-01,2.346588548998234935e-01,2.318055403949321747e-01
7.564076369519045784e+02,3.144265397917160865e-01,2.961065248118995852e-01,2.853988742976633630e-01,2.780508791442818373e-01,2.725555356389662842e-01,2.682267904132686898e-01,2.617437413870036256e-01,2.551417715299707512e-01,2.505929935202176329e-01,2.472319063994068977e-01,2.446299901738007709e-01,2.408356991049983853e-01,2.374586648111271237e-01,2.346588548998234935e-01,2.318055403949321747e-01
7.612222126095101657e+02,3.144265397917160865e-01,2.961065248118995852e-01,2.853988742976633630e-01,2.780508791442818373e-01,2.725555356389662842e-01,2.682267904132686898e-01,2.617437413870036256e-01,2.551417715299707512e-01,2.505929935202176329e-01,2.472319063994068977e-01,2.446299901738007709e-01,2.408356991049983853e-01,2.374586648111271237e-01,2.346588548998234935e-01,2.318055403949321747e-01
7.660674333024518319e+02,3.144265397917160865e-01,2.961065248118995852e-01,2.853988742976633630e-01,2.780508791442818373e-01,2.725555356389662842e-01,2.682267904132686898e-01,2.617437413870036256e-01,2.551417715299707512e-01,2.505929935202176329e-01,2.472319063994068977e-01,2.446299901738007709e-01,2.408356991049983853e-01,2.374586648111271237e-01,2.346588548998234935e-01,2.318055403949321747e-01
7.709434940880423710e+02,3.144265397917160865e-01,2.961065248118995852e-01,2.853988742976633630e-01,2.780508791442818373e-01,2.725555356389662842e-01,2.682267904132686898e-01,2.617437413870036256e-01,2.551417715299707512e-01,2.505929935202176329e-01,2.472319063994068977e-01,2.446299901738007709e-01,2.408356991049983853e-01,2.374586648111271237e-01,2.346588548998234935e-01,2.318055403949321747e-01
7.758505912651452263e+02,3.144265397917160865e-01,2.961065248118995852e-01,2.853988742976633630e-01,2.780508791442818373e-01,2.725555356389662842e-01,2.682267904132686898e-01,2.617437413870036256e-01,2.551417715299707512e-01,2.505929935202176329e-01,2.472319063994068977e-01,2.446299901738007709e-01,2.408356991049983853e-01,2.374586648111271237e-01,2.346588548998234935e-01,2.318055403949321747e-01
7.807889223820757252e+02,3.144265397917160865e-01,2.961065248118995852e-01,2.853988742976633630e-01,2.780508791442818373e-01,2.725555356389662842e-01,2.682267904132686898e-01,2.617437413870036256e-01,2.551417715299707512e-01,2.505929935202176329e-01,2.472319063994068977e-01,2.446299901738007709e-01,2.408356991049983853e-01,2.374586648111271237e-01,2.346588548998234935e-01,2.318055403949321747e-01
7.857586862445576799e+02,3.144265397917160865e-01,2.961065248118995852e-01,2.853988742976633630e-01,2.780508791442818373e-01,2.725555356389662842e-01,2.682267904132686898e-01,2.617437413870036256e-01,2.551417715299707512e-01,2.505929935202176329e-01,2.472319063994068977e-01,2.446299901738007709e-01,2.408356991049983853e-01,2.374586648111271237e-01,2.346588548998234935e-01,2.318055403949321747e-01
7.907600829237212565e+02,3.144265397917160865e-01,2.961065248118995852e-01,2.853988742976633630e-01,2.780508791442818373e-01,2.725555356389662842e-01,2.682267904132686898e-01,2.617437413870036256e-01,2.551417715299707512e-01,2.505929935202176329e-01,2.472319063994068977e-01,2.446299901738007709e-01,2.408356991049983853e-01,2.374586648111271237e-01,2.346588548998234935e-01,2.318055403949321747e-01
7.957933137641613257e+02,3.144265397917160865e-01,2.961065248118995852e-01,2.853988742976633630e-01,2.780508791442818373e-01,2.725555356389662842e-01,2.682267904132686898e-01,2.617437413870036256e-01,2.551417715299707512e-01,2.505929935202176329e-01,2.472319063994068977e-01,2.446299901738007709e-01,2.408356991049983853e-01,2.374586648111271237e-01,2.346588548998234935e-01,2.318055403949321747e-01
8.008585813920412875e+02,3.144265397917160865e-01,2.961065248118995852e-01,2.853988742976633630e-01,2.780508791442818373e-01,2.725555356389662842e-01,2.682267904132686898e-01,2.617437413870036256e-01,2.551417715299707512e-01,2.505929935202176329e-01,2.472319063994068977e-01,2.446299901738007709e-01,2.408356991049983853e-01,2.374586648111271237e-01,2.346588548998234935e-01,2.318055403949321747e-01
8.059560897232532852e+02,3.144265397917160865e-01,2.961065248118995852e-01,2.853988742976633630e-01,2.780508791442818373e-01,2.725555356389662842e-01,2.682267904132686898e-01,2.617437413870036256e-01,2.551417715299707512e-01,2.505929935202176329e-01,2.472319063994068977e-01,2.446299901738007709e-01,2.408356991049983853e-01,2.374586648111271237e-01,2.346588548998234935e-01,2.318055403949321747e-01
8.110860439716227575e+02,3.144265397917160865e-01,2.961065248118995852e-01,2.853988742976633630e-01,2.780508791442818373e-01,2.725555356389662842e-01,2.682267904132686898e-01,2.617437413870036256e-01,2.551417715299707512e-01,2.505929935202176329e-01,2.472319063994068977e-01,2.446299901738007709e-01,2.408356991049983853e-01,2.374586648111271237e-01,2.346588548998234935e-01,2.318055403949321747e-01
8.162486506571733571e+02,3.144265397917160865e-01,2.961065248118995852e-01,2.853988742976633630e-01,2.780508791442818373e-01,2.725555356389662842e-01,2.682267904132686898e-01,2.617437413870036256e-01,2.551417715299707512e-01,2.505929935202176329e-01,2.472319063994068977e-01,2.446299901738007709e-01,2.408356991049983853e-01,2.374586648111271237e-01,2.346588548998234935e-01,2.318055403949321747e-01
8.214441176144396195e+02,3.144265397917160865e-01,2.961065248118995852e-01,2.853988742976633630e-01,2.780508791442818373e-01,2.725555356389662842e-01,2.682267904132686898e-01,2.617437413870036256e-01,2.551417715299707512e-01,2.505929935202176329e-01,2.472319063994068977e-01,2.446299901738007709e-01,2.408356991049983853e-01,2.374586648111271237e-01,2.346588548998234935e-01,2.318055403949321747e-01
8.266726540008341999e+02,3.144265397917160865e-01,2.961065248118995852e-01,2.853988742976633630e-01,2.780508791442818373e-01,2.725555356389662842e-01,2.682267904132686898e-01,2.617437413870036256e-01,2.551417715299707512e-01,2.505929935202176329e-01,2.472319063994068977e-01,2.446299901738007709e-01,2.408356991049983853e-01,2.374586648111271237e-01,2.346588548998234935e-01,2.318055403949321747e-01
8.319344703050683165e+02,3.144265397917160865e-01,2.961065248118995852e-01,2.853988742976633630e-01,2.780508791442818373e-01,2.725555356389662842e-01,2.682267904132686898e-01,2.617437413870036256e-01,2.551417715299707512e-01,2.505929935202176329e-01,2.472319063994068977e-01,2.446299901738007709e-01,2.408356991049983853e-01,2.374586648111271237e-01,2.346588548998234935e-01,2.318055403949321747e-01
8.372297783556239210e+02,3.144265397917160865e-01,2.961065248118995852e-01,2.853988742976633630e-01,2.780508791442818373e-01,2.725555356389662842e-01,2.682267904132686898e-01,2.617437413870036256e-01,2.551417715299707512e-01,2.505929935202176329e-01,2.472319063994068977e-01,2.446299901738007709e-01,2.408356991049983853e-01,2.374586648111271237e-01,2.346588548998234935e-01,2.318055403949321747e-01
8.425587913292856683e+02,3.144265397917160865e-01,2.961065248118995852e-01,2.853988742976633630e-01,2.780508791442818373e-01,2.725555356389662842e-01,2.682267904132686898e-01,2.617437413870036256e-01,2.551417715299707512e-01,2.505929935202176329e-01,2.472319063994068977e-01,2.446299901738007709e-01,2.408356991049983853e-01,2.374586648111271237e-01,2.346588548998234935e-01,2.318055403949321747e-01
8.479217237597173380e+02,3.144265397917160865e-01,2.961065248118995852e-01,2.853988742976633630e-01,2.780508791442818373e-01,2.725555356389662842e-01,2.682267904132686898e-01,2.617437413870036256e-01,2.551417715299707512e-01,2.505929935202176329e-01,2.472319063994068977e-01,2.446299901738007709e-01,2.408356991049983853e-01,2.374586648111271237e-01,2.346588548998234935e-01,2.318055403949321747e-01
8.533187915461012381e+02,3.144265397917160865e-01,2.961065248118995852e-01,2.853988742976633630e-01,2.780508791442818373e-01,2.725555356389662842e-01,2.682267904132686898e-01,2.617437413870036256e-01,2.551417715299707512e-01,2.505929935202176329e-01,2.472319063994068977e-01,2.446299901738007709e-01,2.408356991049983853e-01,2.374586648111271237e-01,2.346588548998234935e-01,2.318055403949321747e-01
8.587502119618321785e+02,3.144265397917160865e-01,2.961065248118995852e-01,2.853988742976633630e-01,2.780508791442818373e-01,2.725555356389662842e-01,2.682267904132686898e-01,2.617437413870036256e-01,2.551417715299707512e-01,2.505929935202176329e-01,2.472319063994068977e-01,2.446299901738007709e-01,2.408356991049983853e-01,2.374586648111271237e-01,2.346588548998234935e-01,2.318055403949321747e-01
8.642162036632590798e+02,3.144265397917160865e-01,2.961065248118995852e-01,2.853988742976633630e-01,2.780508791442818373e-01,2.725555356389662842e-01,2.682267904132686898e-01,2.617437413870036256e-01,2.551417715299707512e-01,2.505929935202176329e-01,2.472319063994068977e-01,2.446299901738007709e-01,2.408356991049983853e-01,2.374586648111271237e-01,2.346588548998234935e-01,2.318055403949321747e-01
8.697169866984918372e+02,3.144265397917160865e-01,2.961065248118995852e-01,2.853988742976633630e-01,2.780508791442818373e-01,2.725555356389662842e-01,2.682267904132686898e-01,2.617437413870036256e-01,2.551417715299707512e-01,2.505929935202176329e-01,2.472319063994068977e-01,2.446299901738007709e-01,2.408356991049983853e-01,2.374586648111271237e-01,2.346588548998234935e-01,2.318055403949321747e-01
8.752527825162578665e+02,3.144265397917160865e-01,2.961065248118995852e-01,2.853988742976633630e-01,2.780508791442818373e-01,2.725555356389662842e-01,2.682267904132686898e-01,2.617437413870036256e-01,2.551417715299707512e-01,2.505929935202176329e-01,2.472319063994068977e-01,2.446299901738007709e-01,2.408356991049983853e-01,2.374586648111271237e-01,2.346588548998234935e-01,2.318055403949321747e-01
8.808238139748182221e+02,3.144265397917160865e-01,2.961065248118995852e-01,2.853988742976633630e-01,2.780508791442818373e-01,2.725555356389662842e-01,2.682267904132686898e-01,2.617437413870036256e-01,2.551417715299707512e-01,2.505929935202176329e-01,2.472319063994068977e-01,2.446299901738007709e-01,2.408356991049983853e-01,2.374586648111271237e-01,2.346588548998234935e-01,2.318055403949321747e-01
8.864303053509387382e+02,3.144265397917160865e-01,2.961065248118995852e-01,2.853988742976633630e-01,2.780508791442818373e-01,2.725555356389662842e-01,2.682267904132686898e-01,2.617437413870036256e-01,2.551417715299707512e-01,2.505929935202176329e-01,2.472319063994068977e-01,2.446299901738007709e-01,2.408356991049983853e-01,2.374586648111271237e-01,2.346588548998234935e-01,2.318055403949321747e-01
8.920724823489179016e+02,3.144265397917160865e-01,2.961065248118995852e-01,2.853988742976633630e-01,2.780508791442818373e-01,2.725555356389662842e-01,2.682267904132686898e-01,2.617437413870036256e-01,2.551417715299707512e-01,2.505929935202176329e-01,2.472319063994068977e-01,2.446299901738007709e-01,2.408356991049983853e-01,2.374586648111271237e-01,2.346588548998234935e-01,2.318055403949321747e-01
8.977505721096774778e+02,3.144265397917160865e-01,2.961065248118995852e-01,2.853988742976633630e-01,2.780508791442818373e-01,2.725555356389662842e-01,2.682267904132686898e-01,2.617437413870036256e-01,2.551417715299707512e-01,2.505929935202176329e-01,2.472319063994068977e-01,2.446299901738007709e-01,2.408356991049983853e-01,2.374586648111271237e-01,2.346588548998234935e-01,2.318055403949321747e-01
9.034648032199004319e+02,3.144265397917160865e-01,2.961065248118995852e-01,2.853988742976633630e-01,2.780508791442818373e-01,2.725555356389662842e-01,2.682267904132686898e-01,2.617437413870036256e-01,2.551417715299707512e-01,2.505929935202176329e-01,2.472319063994068977e-01,2.446299901738007709e-01,2.408356991049983853e-01,2.374586648111271237e-01,2.346588548998234935e-01,2.318055403949321747e-01
9.092154057212374028e+02,3.144265397917160865e-01,2.961065248118995852e-01,2.853988742976633630e-01,2.780508791442818373e-01,2.725555356389662842e-01,2.682267904132686898e-01,2.617437413870036256e-01,2.551417715299707512e-01,2.505929935202176329e-01,2.472319063994068977e-01,2.446299901738007709e-01,2.408356991049983853e-01,2.374586648111271237e-01,2.346588548998234935e-01,2.318055403949321747e-01
9.150026111195655858e+02,3.144265397917160865e-01,2.961065248118995852e-01,2.853988742976633630e-01,2.780508791442818373e-01,2.725555356389662842e-01,2.682267904132686898e-01,2.617437413870036256e-01,2.551417715299707512e-01,2.505929935202176329e-01,2.472319063994068977e-01,2.446299901738007709e-01,2.408356991049983853e-01,2.374586648111271237e-01,2.346588548998234935e-01,2.318055403949321747e-01
9.208266523943127595e+02,3.144265397917160865e-01,2.961065248118995852e-01,2.853988742976633630e-01,2.780508791442818373e-01,2.725555356389662842e-01,2.682267904132686898e-01,2.617437413870036256e-01,2.551417715299707512e-01,2.505929935202176329e-01,2.472319063994068977e-01,2.446299901738007709e-01,2.408356991049983853e-01,2.374586648111271237e-01,2.346588548998234935e-01,2.318055403949321747e-01
9.266877640078303102e+02,3.144265397917160865e-01,2.961065248118995852e-01,2.853988742976633630e-01,2.780508791442818373e-01,2.725555356389662842e-01,2.682267904132686898e-01,2.617437413870036256e-01,2.551417715299707512e-01,2.505929935202176329e-01,2.472319063994068977e-01,2.446299901738007709e-01,2.408356991049983853e-01,2.374586648111271237e-01,2.346588548998234935e-01,2.318055403949321747e-01
9.325861819148360610e+02,3.144265397917160865e-01,2.961065248118995852e-01,2.853988742976633630e-01,2.780508791442818373e-01,2.725555356389662842e-01,2.682267904132686898e-01,2.617437413870036256e-01,2.551417715299707512e-01,2.505929935202176329e-01,2.472319063994068977e-01,2.446299901738007709e-01,2.408356991049983853e-01,2.374586648111271237e-01,2.346588548998234935e-01,2.318055403949321747e-01
9.385221435719129204e+02,3.144265397917160865e-01,2.961065248118995852e-01,2.853988742976633630e-01,2.780508791442818373e-01,2.725555356389662842e-01,2.682267904132686898e-01,2.617437413870036256e-01,2.551417715299707512e-01,2.505929935202176329e-01,2.472319063994068977e-01,2.446299901738007709e-01,2.408356991049983853e-01,2.374586648111271237e-01,2.346588548998234935e-01,2.318055403949321747e-01
9.444958879470672173e+02,3.144265397917160865e-01,2.961065248118995852e-01,2.853988742976633630e-01,2.780508791442818373e-01,2.725555356389662842e-01,2.682267904132686898e-01,2.617437413870036256e-01,2.551417715299707512e-01,2.505929935202176329e-01,2.472319063994068977e-01,2.446299901738007709e-01,2.408356991049983853e-01,2.374586648111271237e-01,2.346588548998234935e-01,2.318055403949321747e-01
9.505076555293499041e+02,3.144265397917160865e-01,2.961065248118995852e-01,2.853988742976633630e-01,2.780508791442818373e-01,2.725555356389662842e-01,2.682267904132686898e-01,2.617437413870036256e-01,2.551417715299707512e-01,2.505929935202176329e-01,2.472319063994068977e-01,2.446299901738007709e-01,2.408356991049983853e-01,2.374586648111271237e-01,2.346588548998234935e-01,2.318055403949321747e-01
9.565576883385369911e+02,3.144265397917160865e-01,2.961065248118995852e-01,2.853988742976633630e-01,2.780508791442818373e-01,2.725555356389662842e-01,2.682267904132686898e-01,2.617437413870036256e-01,2.551417715299707512e-01,2.505929935202176329e-01,2.472319063994068977e-01,2.446299901738007709e-01,2.408356991049983853e-01,2.374586648111271237e-01,2.346588548998234935e-01,2.318055403949321747e-01
9.626462299348760325e+02,3.144265397917160865e-01,2.961065248118995852e-01,2.853988742976633630e-01,2.780508791442818373e-01,2.725555356389662842e-01,2.682267904132686898e-01,2.617437413870036256e-01,2.551417715299707512e-01,2.505929935202176329e-01,2.472319063994068977e-01,2.446299901738007709e-01,2.408356991049983853e-01,2.374586648111271237e-01,2.346588548998234935e-01,2.318055403949321747e-01
9.687735254288862734e+02,3.144265397917160865e-01,2.961065248118995852e-01,2.853988742976633630e-01,2.780508791442818373e-01,2.725555356389662842e-01,2.682267904132686898e-01,2.617437413870036256e-01,2.551417715299707512e-01,2.505929935202176329e-01,2.472319063994068977e-01,2.446299901738007709e-01,2.408356991049983853e-01,2.374586648111271237e-01,2.346588548998234935e-01,2.318055403949321747e-01
9.749398214912292815e+02,3.144265397917160865e-01,2.961065248118995852e-01,2.853988742976633630e-01,2.780508791442818373e-01,2.725555356389662842e-01,2.682267904132686898e-01,2.617437413870036256e-01,2.551417715299707512e-01,2.505929935202176329e-01,2.472319063994068977e-01,2.446299901738007709e-01,2.408356991049983853e-01,2.374586648111271237e-01,2.346588548998234935e-01,2.318055403949321747e-01
9.811453663626380148e+02,3.144265397917160865e-01,2.961065248118995852e-01,2.853988742976633630e-01,2.780508791442818373e-01,2.725555356389662842e-01,2.682267904132686898e-01,2.617437413870036256e-01,2.551417715299707512e-01,2.505929935202176329e-01,2.472319063994068977e-01,2.446299901738007709e-01,2.408356991049983853e-01,2.374586648111271237e-01,2.346588548998234935e-01,2.318055403949321747e-01
9.873904098639141012e+02,3.144265397917160865e-01,2.961065248118995852e-01,2.853988742976633630e-01,2.780508791442818373e-01,2.725555356389662842e-01,2.682267904132686898e-01,2.617437413870036256e-01,2.551417715299707512e-01,2.505929935202176329e-01,2.472319063994068977e-01,2.446299901738007709e-01,2.408356991049983853e-01,2.374586648111271237e-01,2.346588548998234935e-01,2.318055403949321747e-01
9.936752034059791185e+02,3.144265397917160865e-01,2.961065248118995852e-01,2.853988742976633630e-01,2.780508791442818373e-01,2.725555356389662842e-01,2.682267904132686898e-01,2.617437413870036256e-01,2.551417715299707512e-01,2.505929935202176329e-01,2.472319063994068977e-01,2.446299901738007709e-01,2.408356991049983853e-01,2.374586648111271237e-01,2.346588548998234935e-01,2.318055403949321747e-01
1.000000000000000000e+03,3.144265397917160865e-01,2.961065248118995852e-01,2.853988742976633630e-01,2.780508791442818373e-01,2.725555356389662842e-01,2.682267904132686898e-01,2.617437413870036256e-01,2.551417715299707512e-01,2.505929935202176329e-01,2.472319063994068977e-01,2.446299901738007709e-01,2.408356991049983853e-01,2.374586648111271237e-01,2.346588548998234935e-01,2.318055403949321747e-01
