t,nu_0p05,nu_0p10,nu_0p15,nu_0p20,nu_0p25,nu_0p30,nu_0p40,nu_0p55,nu_0p70,nu_0p85,nu_1p00,nu_1p30,nu_1p70,nu_2p20,nu_3p00
0.000000000000000000e+00,0.000000000000000000e+00,0.000000000000000000e+00,0.000000000000000000e+00,0.000000000000000000e+00,0.000000000000000000e+00,0.000000000000000000e+00,0.000000000000000000e+00,0.000000000000000000e+00,0.000000000000000000e+00,0.000000000000000000e+00,0.000000000000000000e+00,0.000000000000000000e+00,0.000000000000000000e+00,0.000000000000000000e+00,0.000000000000000000e+00
2.500000000000000000e-01,0.000000000000000000e+00,0.000000000000000000e+00,0.000000000000000000e+00,0.000000000000000000e+00,0.000000000000000000e+00,0.000000000000000000e+00,0.000000000000000000e+00,0.000000000000000000e+00,0.000000000000000000e+00,0.000000000000000000e+00,0.000000000000000000e+00,0.000000000000000000e+00,0.000000000000000000e+00,0.000000000000000000e+00,0.000000000000000000e+00
5.000000000000000000e-01,0.000000000000000000e+00,0.000000000000000000e+00,0.000000000000000000e+00,0.000000000000000000e+00,0.000000000000000000e+00,0.000000000000000000e+00,0.000000000000000000e+00,0.000000000000000000e+00,0.000000000000000000e+00,0.000000000000000000e+00,0.000000000000000000e+00,0.000000000000000000e+00,0.000000000000000000e+00,0.000000000000000000e+00,0.000000000000000000e+00
7.500000000000000000e-01,1.853134661604458611e-01,1.855591584756874635e-01,1.857983400638225369e-01,1.860309251185429391e-01,1.862568670592279485e-01,1.864761547877413217e-01,1.868948782317147173e-01,1.874744117302893365e-01,1.879984222328523469e-01,1.884708913329416202e-01,1.888962885199901298e-01,1.896240490651219801e-01,1.903881922338979960e-01,1.911019595771829560e-01,1.918850199617597174e-01
1.000000000000000000e+00,5.177563990193878585e-01,5.179793550905946731e-01,5.181967066252506360e-01,5.184080135020344704e-01,5.186129337229726799e-01,5.188112168447258643e-01,5.191872792572841400e-01,5.196996645235983925e-01,5.201519800193084020e-01,5.205487969213951072e-01,5.208959079294604999e-01,5.214650070074614563e-01,5.220263622535502579e-01,5.225157456504875286e-01,5.230136562407449174e-01
1.250000000000000000e+00,6.751959955279751568e-01,6.754114351289287610e-01,6.756225154494353013e-01,6.758282271935898144e-01,6.760277523363940055e-01,6.762204593891049109e-01,6.765837487609167589e-01,6.770708229063273631e-01,6.774898807288931568e-01,6.778469569586268451e-01,6.781500665660941118e-01,6.786264151525279731e-01,6.790692016098356376e-01,6.794320117131972259e-01,6.797783645775331562e-01
1.500000000000000000e+00,7.626334334642708157e-01,7.628473457671088864e-01,7.630586905717365864e-01,7.632656280967257123e-01,7.634666413718926847e-01,7.636605473943204325e-01,7.640238792393779788e-01,7.645026178066673950e-01,7.649033087731691438e-01,7.652345775411818485e-01,7.655074804481588613e-01,7.659194047531830973e-01,7.662820862401823474e-01,7.665635362675925490e-01,7.668181859311981041e-01
1.750000000000000000e+00,8.164970636440382901e-01,8.167116876440391193e-01,8.169262348932423423e-01,8.171377243361828135e-01,8.173436710873960287e-01,8.175421424194264652e-01,8.179115933616964984e-01,8.183893163720182828e-01,8.187778101841561851e-01,8.190894626588606231e-01,8.193389341828566375e-01,8.197017747488651862e-01,8.200061343003505199e-01,8.202314088647766344e-01,8.204261273990912651e-01
2.000000000000000000e+00,8.521883339209795905e-01,8.524041217506972412e-01,8.526231384371976141e-01,8.528408997643396328e-01,8.530536370521587530e-01,8.532584475795806922e-01,8.536369293137394676e-01,8.541166013543164404e-01,8.544954752793535446e-01,8.547907225919906260e-01,8.550208486983267298e-01,8.553446077530704184e-01,8.556048592637108818e-01,8.557896925353191131e-01,8.559432084977632860e-01
2.250000000000000000e+00,8.771524015197371682e-01,8.773688429833870206e-01,8.775927227661955987e-01,8.778176392297853958e-01,8.780381789500388834e-01,8.782502366964305418e-01,8.786389470653946931e-01,8.791213850996496548e-01,8.794917088281346551e-01,8.797726041111255668e-01,8.799863620197844183e-01,8.802784882968425206e-01,8.805048258896771562e-01,8.806598922529644824e-01,8.807841554989567223e-01
2.500000000000000000e+00,8.953563112111739830e-01,8.955723136351912972e-01,8.958009346648683202e-01,8.960333875440137374e-01,8.962622131301627437e-01,8.964818723300556069e-01,8.968809498558605320e-01,8.973658543104714447e-01,8.977281009838551373e-01,8.979962672549443026e-01,8.981961370722478799e-01,8.984626776931892156e-01,8.986629277901461155e-01,8.987959637794559198e-01,8.988991907304211271e-01
2.750000000000000000e+00,9.090765752724779825e-01,9.092906450680616759e-01,9.095235312710898690e-01,9.097635403570041301e-01,9.100007352199478428e-01,9.102279285585582747e-01,9.106367608041483486e-01,9.111232060394904853e-01,9.114776240460662482e-01,9.117345135458154726e-01,9.119227024789100522e-01,9.121688242692842508e-01,9.123493494666604642e-01,9.124663795638684460e-01,9.125546770929132689e-01
3.000000000000000000e+00,9.196982583403461309e-01,9.199085844170445947e-01,9.201449680767658235e-01,9.203922339590325796e-01,9.206375160412142433e-01,9.208717979641583007e-01,9.212891494780833801e-01,9.217757662254587592e-01,9.221224537194518955e-01,9.223693670062511618e-01,9.225478413570267211e-01,9.227780296786094461e-01,9.229442217101507806e-01,9.230503076586275002e-01,9.231288178010340628e-01
3.250000000000000000e+00,9.281049061205388639e-01,9.283093899974185215e-01,9.285482185928971566e-01,9.288021082732174083e-01,9.290548102289396537e-01,9.292953466606473922e-01,9.297193631974213224e-01,9.302042911175761875e-01,9.305430507577157062e-01,9.307809700762892380e-01,9.309513225591833363e-01,9.311692722226869723e-01,9.313256703785447455e-01,9.314252801986611097e-01,9.314989564366632502e-01
3.500000000000000000e+00,9.348826288324719735e-01,9.350788829496462506e-01,9.353187900635699936e-01,9.355782841910956771e-01,9.358372946455827401e-01,9.360828096518999386e-01,9.365109074184639892e-01,9.369915219049560484e-01,9.373214786153585276e-01,9.375506592427514940e-01,9.377137188158025660e-01,9.379216549563668126e-01,9.380712498440425540e-01,9.381677268295494088e-01,9.382412560698358828e-01
3.750000000000000000e+00,9.404332263053336582e-01,9.406185512826730211e-01,9.408578006133586635e-01,9.411214093422379801e-01,9.413850781624363284e-01,9.416337547079037806e-01,9.420623756000749971e-01,9.425347335787918057e-01,9.428536031051607536e-01,9.430727362334804242e-01,9.432276576244316146e-01,9.434243357720445422e-01,9.435656036722313011e-01,9.436572171212982418e-01,9.437293404885225279e-01
4.000000000000000000e+00,9.450399735504599885e-01,9.452113198042703113e-01,9.454477258140225882e-01,9.457133739496957903e-01,9.459793767097407491e-01,9.462286998624342971e-01,9.466528913317282523e-01,9.471107746096275593e-01,9.474135438123671982e-01,9.476180941224294774e-01,9.477603378298797843e-01,9.479358153303151235e-01,9.480529646013277079e-01,9.481158150039891153e-01,9.481411169737579137e-01
4.250000000000000000e+00,9.489074651781322922e-01,9.490613814772995704e-01,9.492922070453205796e-01,9.495570848260235230e-01,9.498222356429990576e-01,9.500687588427880748e-01,9.504815109356429259e-01,9.509148501296379452e-01,9.511914225333653050e-01,9.513703559916546482e-01,9.514873046725619288e-01,9.516098948313459482e-01,9.516433043225944743e-01,9.515661246547882923e-01,9.512568594654701171e-01
4.500000000000000000e+00,9.521866067202038320e-01,9.523191766624617971e-01,9.525410060318812988e-01,9.528013783869349052e-01,9.530613747643164047e-01,9.533003814315078595e-01,9.536916191062890791e-01,9.540839409555946782e-01,9.543149617629155257e-01,9.544443772882806876e-01,9.545060333654022955e-01,9.544910822127088412e-01,9.542550763807686742e-01,9.536340792729971483e-01,9.518686996014046331e-01
4.750000000000000000e+00,9.549907734124888359e-01,9.550975398199951227e-01,9.553061234985150696e-01,9.555570872560199547e-01,9.558061645538951101e-01,9.560311868696911297e-01,9.563862675937871982e-01,9.567105993662018415e-01,9.568601357743151681e-01,9.568911637831222228e-01,9.568312329964252516e-01,9.564727680045824743e-01,9.554750371041859092e-01,9.533135311599946204e-01,9.488801689152945862e-01
5.000000000000000000e+00,9.574065403684934861e-01,9.574824169472644364e-01,9.576724837668898482e-01,9.579076587822291655e-01,9.581381249837962466e-01,9.583402684073802913e-01,9.586377709876501285e-01,9.588501511412833578e-01,9.588531853743061939e-01,9.586901646915848563e-01,9.583711416576087272e-01,9.572247763175755209e-01,9.545305752188029125e-01,9.500435822570768574e-01,9.444965327952182799e-01
5.250000000000000000e+00,9.595009779258233396e-01,9.595401470473932104e-01,9.597051771453338764e-01,9.599163134794254093e-01,9.601179266447108507e-01,9.602849321266812010e-01,9.604934427133234864e-01,9.605228622955311879e-01,9.602650211236999356e-01,9.597304754489933698e-01,9.588933743087534323e-01,9.562081878831173443e-01,9.510993610774125528e-01,9.453647213226835655e-01,9.402283446864391214e-01
5.500000000000000000e+00,9.613267169624054587e-01,9.613225120306505556e-01,9.614544630183733398e-01,9.616309420524195017e-01,9.617900832555379420e-01,9.619050398477594355e-01,9.619785567000310733e-01,9.617119867160472957e-01,9.610001072237470687e-01,9.597929205452243595e-01,9.580324941859060806e-01,9.530887303805825050e-01,9.462468252027916860e-01,9.406590655486833930e-01,9.362059623514807916e-01
5.750000000000000000e+00,9.629255326732407694e-01,9.628703031822209990e-01,9.629592801773504407e-01,9.630874829102338275e-01,9.631860669769204408e-01,9.632256680592087283e-01,9.630971929485621086e-01,9.623589080361751869e-01,9.608879976706233839e-01,9.585750476470101811e-01,9.554630174777143381e-01,9.483622349790666872e-01,9.411859455206640357e-01,9.362020309386153150e-01,9.324272707988565667e-01
6.000000000000000000e+00,9.643309234904994254e-01,9.642158805410209199e-01,9.642497390624342746e-01,9.643122500277460096e-01,9.643263065527930555e-01,9.642585298863675103e-01,9.638314797555442848e-01,9.623584814453336467e-01,9.596997594142533394e-01,9.558308445095524686e-01,9.512550782024058460e-01,9.430235725788259638e-01,9.363355189506306075e-01,9.319981092145787072e-01,9.288979835448419875e-01
6.250000000000000000e+00,9.655699955833387804e-01,9.653850352928274869e-01,9.653489043150710325e-01,9.653235151186507768e-01,9.652213663040567493e-01,9.650024655011888441e-01,9.641399046495244818e-01,9.615619457951098958e-01,9.572243745238092627e-01,9.516101164360475373e-01,9.459914775580272606e-01,9.377139831249989843e-01,9.317452377016202103e-01,9.280446848649729352e-01,9.256235927631648597e-01
6.500000000000000000e+00,9.666648592353307423e-01,9.663983611473071500e-01,9.662740719793527777e-01,9.661325454147570158e-01,9.658725113960189290e-01,9.654432604324045819e-01,9.639559340011689681e-01,9.598002815868226234e-01,9.534096395041965488e-01,9.463461897880526275e-01,9.403609360932577710e-01,9.326345750776203758e-01,9.274085406244244600e-01,9.243471381192361891e-01,9.226052375433108077e-01
6.750000000000000000e+00,9.676336767381205073e-01,9.672722740141292963e-01,9.670376792907355856e-01,9.667442351362813824e-01,9.662718222896439224e-01,9.655530990283822668e-01,9.631892294615383987e-01,9.569398138229076034e-01,9.484688215136202194e-01,9.406119620311417240e-01,9.347835787453969703e-01,9.278125409471357221e-01,9.233253720055416558e-01,9.209110913843607804e-01,9.198396793697795060e-01
7.000000000000000000e+00,9.684914579208306895e-01,9.680197757898202360e-01,9.676479420167030110e-01,9.671574318037367002e-01,9.664020217364348575e-01,9.652901132218719704e-01,9.617330154272593079e-01,9.529599086945508279e-01,9.428158113438299681e-01,9.348281386441043006e-01,9.294175555243102682e-01,9.232439297276939794e-01,9.195016075315661785e-01,9.177385082924579551e-01,9.173202027550463322e-01
7.250000000000000000e+00,9.692506705065431216e-01,9.686510291727951083e-01,9.681092864120439678e-01,9.673650411261051074e-01,9.662362212474909784e-01,9.645987479460551572e-01,9.594814756809875167e-01,9.480036817904555768e-01,9.368710194375171607e-01,9.292000212764854883e-01,9.242990882028652155e-01,9.189290345506769819e-01,9.159431970163873782e-01,9.148272546570294095e-01,9.150365438892760217e-01
7.500000000000000000e+00,9.699217129363191248e-01,9.691737909306972210e-01,9.684226249677283516e-01,9.673539928871979221e-01,9.657378807048535574e-01,9.634119823125694149e-01,9.563581599439402448e-01,9.423483875069209592e-01,9.309247634950478245e-01,9.237985374591196619e-01,9.194311073281028479e-01,9.148737708402017166e-01,9.126531105201063365e-01,9.121713698775102408e-01,9.129764551688885899e-01
7.750000000000000000e+00,9.705132838848966603e-01,9.695937377204582042e-01,9.685855143313633064e-01,9.671051639226049268e-01,9.648613961112705306e-01,9.616566449275237849e-01,9.523486754708346824e-01,9.363084461210793297e-01,9.251276194337249015e-01,9.186407772681325357e-01,9.148150476718465152e-01,9.110853766719282376e-01,9.096302832190608090e-01,9.097614430489970871e-01,9.111262143612351982e-01
8.000000000000000000e+00,9.710326733544333289e-01,9.699147093571269806e-01,9.685922282212928724e-01,9.665933814287194226e-01,9.635538505069749515e-01,9.592627860778421001e-01,9.475220884814741229e-01,9.301448893870742918e-01,9.195417203053278810e-01,9.137310198994966770e-01,9.104567468355638793e-01,9.075691550251424600e-01,9.068696976391414921e-01,9.075856071535088887e-01,9.094708873628231105e-01
8.250000000000000000e+00,9.714859936484430136e-01,9.701388880429365758e-01,9.684337769385247263e-01,9.657876675842148595e-01,9.617585030799211676e-01,9.561768886735669826e-01,9.420256304166171324e-01,9.240307155051143972e-01,9.141891829103859779e-01,9.090746377749234775e-01,9.063645408143492510e-01,9.043268834456756888e-01,9.043628424753645811e-01,9.056302105218250187e-01,9.079952485399496176e-01
8.500000000000000000e+00,9.718783638284997917e-01,9.702669276374515928e-01,9.680979074215935176e-01,9.646519254941527954e-01,9.594204199151945556e-01,9.523765260510432817e-01,9.360520817219930567e-01,9.180629766507953926e-01,9.090797062263525907e-01,9.046799785887615908e-01,9.025463337725655455e-01,9.013562701239615782e-01,9.020983860965868795e-01,9.038802605217034492e-01,9.066840727765744790e-01
8.750000000000000000e+00,9.722140578638400754e-01,9.702980440268296203e-01,9.675691232602501302e-01,9.631462898030068720e-01,9.564941334342670354e-01,9.478818068273906494e-01,9.297970425662003269e-01,9.122907366272544616e-01,9.042218907851962140e-01,9.005565019920449554e-01,8.990074235560884253e-01,8.986511831578635201e-01,9.000629126528488788e-01,9.023201948624580693e-01,9.055224012534643929e-01
9.000000000000000000e+00,9.724966242092372148e-01,9.702300756440784824e-01,9.668287716274477361e-01,9.612293435974292866e-01,9.529523377995468003e-01,9.427584669336147583e-01,9.234266785332786442e-01,9.067391308915746517e-01,8.996259196459497343e-01,8.967124648286450839e-01,8.957494045171702224e-01,8.962021380477422916e-01,8.982415026570587102e-01,9.009343195902782542e-01,9.044959061639163966e-01
9.250000000000000000e+00,9.727289827237578512e-01,9.700595219824730275e-01,9.658552524919459259e-01,9.588613028513703895e-01,9.487936584264449191e-01,9.371101933104781789e-01,9.170648904208369423e-01,9.014241092513847198e-01,8.953027325736181430e-01,8.931532291901721488e-01,8.927698005997292130e-01,8.939969288386462321e-01,8.966183962007507890e-01,8.997070495725666417e-01,9.035909740817409386e-01
9.500000000000000000e+00,9.729135034882179234e-01,9.697815673306433570e-01,9.646244119167497466e-01,9.560080635223084933e-01,9.440470544496736283e-01,9.310625908737492074e-01,9.107961791570077237e-01,8.963594018610797631e-01,8.912622626049965247e-01,8.898803384950410011e-01,8.900622419707621136e-01,8.920213434962093180e-01,8.951775209440376857e-01,8.986233531572118682e-01,9.027948670534947651e-01
9.750000000000000000e+00,9.730520710636921811e-01,9.693900968474293833e-01,9.631101823052379274e-01,9.526457079143063611e-01,9.387710102354652753e-01,9.247448276488041685e-01,9.046758179119795962e-01,8.915586682096139359e-01,8.875118660296106299e-01,8.868912217155445754e-01,8.876169362202017687e-01,8.902597923594887108e-01,8.939028181348950275e-01,8.976689374994624160e-01,9.020958908537886067e-01
1.000000000000000000e+01,9.731461369666488670e-01,9.688777123413787606e-01,9.612855227298257033e-01,9.487647508313604705e-01,9.330473483194897666e-01,9.182749543811832282e-01,8.987407120623336354e-01,8.870352489826184295e-01,8.840552674845946202e-01,8.841793782342910468e-01,8.854212991014634992e-01,8.886959279329076367e-01,8.927786760244770248e-01,8.968303086327951146e-01,9.014831637865291514e-01
1.025000000000000000e+01,9.731967625533223254e-01,9.682357556757705819e-01,9.591236873398675256e-01,9.443732170489451683e-01,9.269714487079981913e-01,9.117519195401778687e-01,8.930177664759924028e-01,8.828010212164805193e-01,8.808920850468343611e-01,8.817348264771774913e-01,8.834606433437265371e-01,8.873131221677545977e-01,8.917901465807602790e-01,8.960949621340799087e-01,9.009468271486011925e-01
1.050000000000000000e+01,9.732046540604334384e-01,9.674543484083154565e-01,9.565998052407849173e-01,9.394977263113943877e-01,9.206417642347480834e-01,9.052539538942470099e-01,8.875290804911057929e-01,8.788651773844040616e-01,8.780178046060369557e-01,8.795447315024798041e-01,8.817188241392490688e-01,8.860949075988946433e-01,8.909230992728487397e-01,8.954514005259419651e-01,9.004780937371896776e-01
1.075000000000000000e+01,9.731701912069045113e-01,9.665224570033376095e-01,9.536926928692766037e-01,9.341821767240561236e-01,9.141512620762726193e-01,8.988411411714005705e-01,8.822944802588706947e-01,8.752332941393746735e-01,8.754240969941957662e-01,8.775940681453036074e-01,8.801788694952176195e-01,8.850253107569923117e-01,8.901643771334695199e-01,8.948890962527932258e-01,9.000688350863447207e-01
1.100000000000000000e+01,9.730934504970764065e-01,9.654279934455517465e-01,9.503867478586078832e-01,9.284842403528661414e-01,9.075821850333850582e-01,8.925597573906537407e-01,8.773322388841719999e-01,8.719068105581742056e-01,8.730993436467060498e-01,8.758663016926340195e-01,8.788234964900768498e-01,8.840890723798000561e-01,8.895018289351839247e-01,8.943985299877468265e-01,8.997118845806028054e-01
1.125000000000000000e+01,9.729742241622427734e-01,9.641579611723373189e-01,9.466737097644556398e-01,9.224704633915991048e-01,9.010041656531466714e-01,8.864466261518355594e-01,8.726587674269215000e-01,8.688829063075423909e-01,8.710292789038135419e-01,8.743440029221056786e-01,8.776355632684558206e-01,8.832718529601544244e-01,8.889243559917154869e-01,8.939711275562615134e-01,8.994009202017850813e-01
1.150000000000000000e+01,9.728120355197933389e-01,9.626986555424489334e-01,9.425540403132305345e-01,9.162110491182858807e-01,8.944748416417619419e-01,8.805325593429867981e-01,8.682878733601031573e-01,8.661547033517359440e-01,8.691976661872736765e-01,8.730093939583871698e-01,8.765984111005608037e-01,8.825603221525966102e-01,8.884218780088594114e-01,8.935991962556379953e-01,8.991301851823848557e-01
1.175000000000000000e+01,9.726061514082168236e-01,9.610359263332174384e-01,9.380376953603911661e-01,9.097753107929114069e-01,8.880418524105980760e-01,8.748445962152435751e-01,8.642299716895063266e-01,8.637117047848911211e-01,8.675869513178536829e-01,8.718448070169858566e-01,8.756961393340910726e-01,8.819422305799172745e-01,8.879853107363199216e-01,8.932758873743964489e-01,8.988946538127534636e-01
1.200000000000000000e+01,9.723555922630902071e-01,9.591555066354762182e-01,9.331441395741361111e-01,9.032284131959223972e-01,8.817452434833245034e-01,8.694071294905856284e-01,8.604914750632045584e-01,8.615403749167296343e-01,8.661788664700308393e-01,8.708330529686225674e-01,8.749137952988400579e-01,8.814064127978097352e-01,8.876065380196621613e-01,8.929951095428948493e-01,8.986899177065174049e-01
1.225000000000000000e+01,9.720591403290287369e-01,9.570434079036023167e-01,9.279015802884651443e-01,8.966295756889131052e-01,8.756196299303519170e-01,8.642421852350338218e-01,8.570744565823472660e-01,8.596247949680377864e-01,8.649549515164569602e-01,8.699577079322801110e-01,8.742374899104168318e-01,8.809427792854666039e-01,8.872782948002096992e-01,8.927514797420361692e-01,8.985120289788973702e-01
1.250000000000000000e+01,9.717153464500185578e-01,9.546863747703190350e-01,9.223455358787154834e-01,8.900315523796361594e-01,8.696957876331714576e-01,8.593691631270090614e-01,8.539766072967637234e-01,8.579473237270038855e-01,8.638969960307346652e-01,8.692033089319184391e-01,8.736544738292918444e-01,8.805422851368829296e-01,8.869941508401313346e-01,8.925402443618657422e-01,8.983575507193867216e-01
1.275000000000000000e+01,9.713225358427630685e-01,9.520723859590439764e-01,9.165169664645737013e-01,8.834810128012969832e-01,8.640015884019839332e-01,8.548043180385971329e-01,8.511914489685484808e-01,8.564892309913237911e-01,8.629873831221309688e-01,8.685554977378410202e-01,8.731531507895833322e-01,8.801968474856047830e-01,8.867484331693872290e-01,8.923572159274593130e-01,8.982234720001252004e-01
1.300000000000000000e+01,9.708788132302595963e-01,9.491911798628032138e-01,9.104602493833913179e-01,8.770194061451140888e-01,8.585623459628536347e-01,8.505602001881626961e-01,8.487087496873970682e-01,8.552312638670223066e-01,8.622093621502091576e-01,8.680010892542758816e-01,8.727230738190718817e-01,8.798993060087385576e-01,8.865361229516696140e-01,8.921987350193890665e-01,8.981071378443458153e-01
1.325000000000000000e+01,9.703820676953485158e-01,9.460347762505482150e-01,9.042212692928951467e-01,8.706839532803570814e-01,8.534007220848010000e-01,8.466452037092034866e-01,8.465150715271730908e-01,8.541541435364371493e-01,8.615472340942484930e-01,8.675281068835574150e-01,8.723548910118327226e-01,8.796433340593874384e-01,8.863528278067479560e-01,8.920615780930563066e-01,8.980062472941844343e-01
1.350000000000000000e+01,9.698299776026884089e-01,9.425979603877011614e-01,8.978458259776785910e-01,8.645085157299746692e-01,8.485363638598381053e-01,8.430633067666017944e-01,8.445943939924157595e-01,8.532389724616634696e-01,8.609864788632068944e-01,8.671257644009793264e-01,8.720402987512816395e-01,8.794233703829879012e-01,8.861946965579738933e-01,8.919429295799247148e-01,8.979187686128575763e-01
1.375000000000000000e+01,9.692200159317970742e-01,9.388786939905758855e-01,8.913784688325033789e-01,8.585242018073864223e-01,8.439854357126368445e-01,8.398140342797040248e-01,8.429287554163273910e-01,8.524675626994500099e-01,8.605138177308977454e-01,8.667844343735262580e-01,8.717719640381278445e-01,8.792345394712075546e-01,8.860583635362339061e-01,8.918403514079072947e-01,8.978429303018000684e-01
1.400000000000000000e+01,9.685494563605775431e-01,9.348784198525331712e-01,8.848617737737797251e-01,8.527596632151391853e-01,8.397601762430305650e-01,8.368926337354894995e-01,8.414988760784817279e-01,8.518226811738252024e-01,8.601172377155060778e-01,8.664955851673511456e-01,8.715434469202689716e-01,8.790725819517508643e-01,8.859408937251980198e-01,8.917516905069978739e-01,8.977772302855464570e-01
1.425000000000000000e+01,9.678153804374084457e-01,9.306022340436425067e-01,8.783360058399136694e-01,8.472411047138802553e-01,8.358685735512197956e-01,8.342904306341025755e-01,8.402847307415901579e-01,8.512882278554289028e-01,8.597859731192204480e-01,8.662517083000383922e-01,8.713491186658459675e-01,8.789337967821391207e-01,8.858397276580967095e-01,8.916750814967659977e-01,8.977202979404980132e-01
1.450000000000000000e+01,9.670146861782120684e-01,9.260589107465971859e-01,8.718390678113453474e-01,8.419920720143651005e-01,8.323142105439720329e-01,8.319953167079282563e-01,8.392660566124152677e-01,8.508493480998172709e-01,8.595104621158449199e-01,8.660462359726985859e-01,8.711840803844999037e-01,8.788149551358260814e-01,8.857526534301349841e-01,8.916089245676953601e-01,8.976709614733708875e-01
1.475000000000000000e+01,9.661440984216621564e-01,9.212607785643912583e-01,8.654066205683893509e-01,8.370331042832105384e-01,8.290962990450756465e-01,8.299923212983861820e-01,8.384227842869985681e-01,8.504924940769164055e-01,8.592822811059752652e-01,8.658734558516574253e-01,8.710440888809601878e-01,8.787132661472389916e-01,8.856777348894807611e-01,8.915517945856281656e-01,8.976282610470542878e-01
1.500000000000000000e+01,9.652001812676276327e-01,9.162234614353520490e-01,8.590722684578899759e-01,8.323813396728307890e-01,8.262098919452290913e-01,8.282642191906288698e-01,8.377353923245838274e-01,8.502054406921607521e-01,8.590940672225202412e-01,8.657284268813034700e-01,8.709254728656108391e-01,8.786263122274324822e-01,8.856132996503386368e-01,8.915024683871407563e-01,8.975912669672058142e-01
1.525000000000000000e+01,9.641793529112903105e-01,9.109655097441056171e-01,8.528677241922730801e-01,8.280501527451301635e-01,8.236462462089492176e-01,8.267921359163251660e-01,8.371851857673375807e-01,8.499772684199541350e-01,8.589394318271087458e-01,8.656068908978572507e-01,8.708250740202206908e-01,8.785520049774891982e-01,8.855579108438521585e-01,8.914599094117773292e-01,8.975592166038371955e-01
1.550000000000000000e+01,9.630779031647471733e-01,9.055079559433830694e-01,8.468228957414446478e-01,8.240488839538017141e-01,8.213932975533204672e-01,8.255561206143267050e-01,8.367545067237756040e-01,8.497983177021773971e-01,8.588128683842128908e-01,8.655051980739851825e-01,8.707401762001958367e-01,8.784885419118981797e-01,8.855103058478051015e-01,8.914231783028149225e-01,8.975314897297946848e-01
1.575000000000000000e+01,9.618920139282751691e-01,8.998738327163064987e-01,8.409658661955539127e-01,8.203827003625360215e-01,8.194362062425504245e-01,8.245356656709080800e-01,8.364268822677406456e-01,8.496601236245900912e-01,8.587096630047418300e-01,8.654202281222797000e-01,8.706684540514800785e-01,8.784343682797459696e-01,8.854694055242908757e-01,8.913914806421476822e-01,8.975074709449074595e-01
1.600000000000000000e+01,9.606177828326747381e-01,8.940876903565367906e-01,8.353227632013620063e-01,8.170526045364606693e-01,8.177579337128612069e-01,8.237101607560458616e-01,8.361871196362051784e-01,8.495553365701912218e-01,8.586258043311356669e-01,8.653493269440363234e-01,8.706079152599655036e-01,8.783881537117436133e-01,8.854342774299249763e-01,8.913641479113685318e-01,8.974866652398755251e-01
1.625000000000000000e+01,9.592512502213067505e-01,8.881751442335549251e-01,8.299175346250940999e-01,8.140555903236533775e-01,8.163398168342591577e-01,8.230592757332760856e-01,8.360213557077910140e-01,8.494776340623155786e-01,8.585579010498356478e-01,8.652902384341595310e-01,8.705568601430507814e-01,8.783487437427329736e-01,8.854041122621671978e-01,8.913405658356798877e-01,8.974686642926550384e-01
1.650000000000000000e+01,9.577884295745754395e-01,8.821624745275489232e-01,8.247716609305631996e-01,8.113849290920506219e-01,8.151621123913607159e-01,8.225632725821060420e-01,8.359170700757226902e-01,8.494216280120363560e-01,8.585030994929548909e-01,8.652410548350371045e-01,8.705138402646085405e-01,8.783151536847902952e-01,8.853782166247425867e-01,8.913202218963963697e-01,8.974530720041226095e-01
1.675000000000000000e+01,9.562253414005765784e-01,8.760762903463146234e-01,8.199038418238557835e-01,8.090305609600669801e-01,8.142044934407129952e-01,8.222032498068552187e-01,8.358630676086843403e-01,8.493827696492718404e-01,8.584590144665228406e-01,8.652001642230549017e-01,8.704776206375363090e-01,8.782865373019470567e-01,8.853559876493950487e-01,8.913026840428458497e-01,8.974395662367334880e-01
1.700000000000000000e+01,9.545580505226166634e-01,8.699432606516047661e-01,8.153296959478850692e-01,8.069795599909594941e-01,8.134464849850884249e-01,8.219613255161231091e-01,8.358494379135644747e-01,8.493572571855774189e-01,8.584236603290070766e-01,8.651662088150368080e-01,8.704471522900643077e-01,8.782621682727087542e-01,8.853369139504343455e-01,8.912875551587461365e-01,8.974278740393833997e-01
1.725000000000000000e+01,9.527827065905869475e-01,8.637899061252687360e-01,8.110615085215090447e-01,8.052166420519990542e-01,8.128678339282631171e-01,8.218207663057762735e-01,8.358674966880739188e-01,8.493419456469059048e-01,8.583953947592873890e-01,8.651380456777643113e-01,8.704215424106164223e-01,8.782414246517203926e-01,8.853205467736479095e-01,8.912745054354478391e-01,8.974177465964149336e-01
1.750000000000000000e+01,9.508955875288684911e-01,8.576424401999049874e-01,8.071080546084857810e-01,8.037246857237434483e-01,8.124488120532313840e-01,8.217660700368443205e-01,8.359097144716205463e-01,8.493342629039791758e-01,8.583728631596971859e-01,8.651147152873818191e-01,8.704000367373851965e-01,8.782237720292479510e-01,8.853065014264551724e-01,8.912632555349543351e-01,8.974089745740115864e-01
1.775000000000000000e+01,9.488931455136061510e-01,8.515266440128644865e-01,8.034745162848085931e-01,8.024852414987194704e-01,8.121704555438163942e-01,8.217830098636300651e-01,8.359696361600538195e-01,8.493321296060684089e-01,8.583549556996644680e-01,8.650954138173354568e-01,8.703819911820998012e-01,8.782087590738303362e-01,8.852944581632004040e-01,8.912535504806462505e-01,8.974013745709173984e-01
1.800000000000000000e+01,9.467720549501240646e-01,8.454677591872939990e-01,8.001625021240192925e-01,8.014790092875657690e-01,8.120147458002873186e-01,8.218586468107081933e-01,8.360417950770424600e-01,8.493338881344253410e-01,8.583407656310653167e-01,8.650794666194054905e-01,8.703668630824189512e-01,8.781959918899644446e-01,8.852841248264962104e-01,8.912451789255160239e-01,8.973947839045628427e-01
1.825000000000000000e+01,9.445292618022226305e-01,8.394903834847357027e-01,7.971701679934727336e-01,8.006862704421967569e-01,8.119647387868178523e-01,8.219813170005957348e-01,8.361216242867485215e-01,8.493382361511968570e-01,8.583295560385980627e-01,8.650663102711222407e-01,8.703541918466783933e-01,8.781851387636537831e-01,8.852752603744116211e-01,8.912379593962890256e-01,8.973890797592355417e-01
1.850000000000000000e+01,9.421620335160617588e-01,8.336183572914105389e-01,7.944924303987552783e-01,8.000872653848251081e-01,8.120046497537912744e-01,8.221405994129442618e-01,8.362053675858311941e-01,8.493441693313987795e-01,8.583207293104032631e-01,8.650554726132947403e-01,8.703435885689756457e-01,8.781759160458444402e-01,8.852676590138555124e-01,8.912317297324532372e-01,8.973841307276608781e-01
1.875000000000000000e+01,9.396680086884222627e-01,8.278746327387348503e-01,7.921212576807176164e-01,7.996625131224837091e-01,8.121199011256833300e-01,8.223272685675537819e-01,8.362899918022401735e-01,8.493509280842564957e-01,8.583138033765868036e-01,8.650465613520790242e-01,8.703347234915401742e-01,8.781680802381902629e-01,8.852611376807897337e-01,8.912263550626970954e-01,8.973798299750899155e-01
1.900000000000000000e+01,9.370452455579126871e-01,8.222811217355888713e-01,7.900460207760408027e-01,7.993930722261644028e-01,8.122971399099541134e-01,8.225332362932707975e-01,8.363731018067026568e-01,8.493579540610416423e-01,8.583083904986288371e-01,8.650392464174695428e-01,8.703273182371948913e-01,8.781614246998520334e-01,8.852555446679704065e-01,8.912217161778426266e-01,8.973761138789057012e-01
1.925000000000000000e+01,9.342922683561046826e-01,8.168585234844119025e-01,7.882538835659980148e-01,7.992607461762216703e-01,8.125242312484151075e-01,8.227514855287257900e-01,8.364528596374662950e-01,8.493648498502772703e-01,8.583041793094343674e-01,8.650332543858113565e-01,8.703211393518485162e-01,8.781557712772881663e-01,8.852507457770615318e-01,8.912177120978894695e-01,8.973728819943042057e-01
1.950000000000000000e+01,9.314081105465805699e-01,8.116261360412754255e-01,7.867302131494157136e-01,7.992482375341012357e-01,8.127902331029225325e-01,8.229759991387471940e-01,8.365279083025187745e-01,8.493713468467505301e-01,8.583009207823367737e-01,8.650283564220454524e-01,8.703159875112405075e-01,8.781509728121880132e-01,8.852466299230999924e-01,8.912142553538684453e-01,8.973700656184129265e-01
1.975000000000000000e+01,9.283923540090525117e-01,8.066016595166874970e-01,7.854589919158112554e-01,7.993392570110188222e-01,8.130853570929535978e-01,8.232016855368897712e-01,8.365973010279603717e-01,8.493772757097408643e-01,8.582984158467570346e-01,8.650243627728332330e-01,8.703116968522373043e-01,8.781468979651664286e-01,8.852430979608276740e-01,8.912112678660331078e-01,8.973676364057743271e-01
2.000000000000000000e+01,9.252451632926286251e-01,8.018010006872201556e-01,7.844232159690224249e-01,7.995185936055487774e-01,8.134009188229113230e-01,8.234243030673524810e-01,8.366604359421920822e-01,8.493825441177589308e-01,8.582965065329231091e-01,8.650211145050072936e-01,8.703081258908020867e-01,8.781434384141140193e-01,8.852400645847520178e-01,8.912086886908282546e-01,8.973655171573378109e-01
2.025000000000000000e+01,9.219673141664688210e-01,7.972380896949013973e-01,7.836052674936199169e-01,7.997721523997719517e-01,8.137292811627091504e-01,8.236403842053339197e-01,8.367169970036013593e-01,8.493871164587333267e-01,8.582950662066025638e-01,8.650184799782637546e-01,8.703051578932939902e-01,8.781405022345392108e-01,8.852374642932391291e-01,8.912064587854019448e-01,8.973636672121093616e-01
2.050000000000000000e+01,9.185602158354502222e-01,7.929247194809770916e-01,7.829872520785015055e-01,8.000869659405167589e-01,8.140637925603282365e-01,8.238471610157646063e-01,8.367669006191920111e-01,8.493909986906230669e-01,8.582939949469958751e-01,8.650163501571938029e-01,8.703026922570387125e-01,8.781380094268625980e-01,8.852352298489045701e-01,8.912045278586896435e-01,8.973620677352284192e-01
2.075000000000000000e+01,9.150259263541070665e-01,7.888704174655875034e-01,7.825512951513022841e-01,8.004511849356380493e-01,8.143987227085084379e-01,8.240424923899469789e-01,8.368102483875172748e-01,8.493942248620266477e-01,8.582932126840395748e-01,8.650146339127037232e-01,8.703006459949491624e-01,8.781358935244901742e-01,8.852333093840362155e-01,8.912028607369266719e-01,8.973606699789985486e-01
2.100000000000000000e+01,9.113671609597469025e-01,7.850823572128515782e-01,7.822797946723700768e-01,8.008540529642632633e-01,8.147291966425571630e-01,8.242247940026814490e-01,8.368472851263792922e-01,8.493968478337978745e-01,8.582926568527817768e-01,8.650132561648055107e-01,8.702989494362752820e-01,8.781340960723953426e-01,8.852316613660341504e-01,8.912014159735262009e-01,8.973594477851237761e-01
2.125000000000000000e+01,9.075872932405918414e-01,7.815653153864644542e-01,7.821556296048912671e-01,8.012858694884239519e-01,8.150511287624785384e-01,8.243929712152169298e-01,8.368783628098879213e-01,8.493989310646512525e-01,8.582922765698527412e-01,8.650121541625350741e-01,8.702975438030102762e-01,8.781325711354429631e-01,8.852302433228413925e-01,8.912001611894000419e-01,8.973583858716249750e-01
2.150000000000000000e+01,9.036903492515562242e-01,7.783216767324703245e-01,7.821623257358529813e-01,8.017379444620826856e-01,8.153611573070225216e-01,8.245463556925625159e-01,8.369039092246002287e-01,8.494005429432911480e-01,8.582920323181664202e-01,8.650112774289349105e-01,8.702963800962836283e-01,8.781312751624648083e-01,8.852290238743479867e-01,8.911990781485785718e-01,8.973574565608439801e-01
2.175000000000000000e+01,8.996809948739371565e-01,7.753514871160400723e-01,7.822841817848849022e-01,8.022025474599820960e-01,8.156565803045997542e-01,8.246846456997944941e-01,8.369244017626907839e-01,8.494017521693391082e-01,8.582918922181802523e-01,8.650105825141343185e-01,8.702954167373493366e-01,8.781301736616562437e-01,8.852279741702543392e-01,8.911981361431710047e-01,8.973566429363565300e-01
2.200000000000000000e+01,8.955645168778532117e-01,7.726525522384550815e-01,7.825063597974579732e-01,8.026728533696402268e-01,8.159352931190441138e-01,8.248078505701739171e-01,8.369403450707464387e-01,8.494026249829205177e-01,8.582918314829622863e-01,8.650100350517028192e-01,8.702946209051271031e-01,8.781292380322205382e-01,8.852270704714608751e-01,8.911973143511446871e-01,8.973559312175150016e-01
2.225000000000000000e+01,8.913467982784107901e-01,7.702205774992468834e-01,7.828149442600520480e-01,8.031428864311616067e-01,8.161957282950212944e-01,8.249162391799172989e-01,8.369522532532235326e-01,8.494032230398209649e-01,8.582918298368685805e-01,8.650096059182644792e-01,8.702939626186487754e-01,8.781284419257613383e-01,8.852262915867196158e-01,8.911966057365776628e-01,8.973553050425270294e-01
2.250000000000000000e+01,8.870342886726241272e-01,7.680493428850786453e-01,7.831969746732903026e-01,8.036074637646335450e-01,8.164367976735760202e-01,8.250102928644826861e-01,8.369606351190111981e-01,8.494036019823679728e-01,8.582918716006360249e-01,8.650092722115989563e-01,8.702934188388549153e-01,8.781277648500098731e-01,8.852256181031898929e-01,8.911959860187088633e-01,8.973547580927528911e-01
2.275000000000000000e+01,8.826339702990226854e-01,7.661309056009963925e-01,7.836404561501350008e-01,8.040621394128050214e-01,8.166578373428989845e-01,8.250906624493380415e-01,8.369659830673848999e-01,8.494038109194553821e-01,8.582919443338180576e-01,8.650090141580509817e-01,8.702929693252955401e-01,8.781271874881027006e-01,8.852250387422039291e-01,8.911954425939110358e-01,8.973542753904635294e-01
2.300000000000000000e+01,8.781533205781787421e-01,7.644558226114607224e-01,7.841343524308662660e-01,8.045031494273686690e-01,8.168585552385718707e-01,8.251581296392483944e-01,8.369687641356041707e-01,8.494038921555044919e-01,8.582920382083063515e-01,8.650088162851188311e-01,8.702925982770797209e-01,8.781266964729191882e-01,8.852245367488563721e-01,8.911949736516699971e-01,8.973538453299436668e-01
2.325000000000000000e+01,8.736002718663408162e-01,7.630133851060053596e-01,7.846685651923586136e-01,8.049273585150881205e-01,8.170389818293899431e-01,8.252135723728444283e-01,8.369694141208566807e-01,8.494038815846489676e-01,8.582921454420413543e-01,8.650086660548936823e-01,8.702922914282886779e-01,8.781262770222257874e-01,8.852241008186009230e-01,8.911945608890811110e-01,8.973534731343636439e-01
2.350000000000000000e+01,8.689831690978956358e-01,7.617918572612901729e-01,7.852339031587021179e-01,8.053322084343618181e-01,8.171994236849222659e-01,8.252579343773924769e-01,8.369683331309529795e-01,8.494038085766346668e-01,8.582922599457010193e-01,8.650085531213626000e-01,8.702920374651185176e-01,8.781259183353524733e-01,8.852237251187049516e-01,8.911941971513110961e-01,8.973531401259450258e-01
2.375000000000000000e+01,8.643107259051691083e-01,7.607787122896827459e-01,7.858220439146409442e-01,8.057156684035224892e-01,8.173404203158977088e-01,8.252921984203859251e-01,8.369658834222785115e-01,8.494036969852103436e-01,8.582923773758639463e-01,8.650084692261880148e-01,8.702918275958902994e-01,8.781256122242412365e-01,8.852233975823802226e-01,8.911938816062292545e-01,8.973528377627359998e-01
2.400000000000000000e+01,8.595919797005114882e-01,7.599608597151998879e-01,7.864254909278496353e-01,8.060761875274208288e-01,8.174627039932294004e-01,8.253173633564477862e-01,8.369623879803297362e-01,8.494035653605698233e-01,8.582924939587460722e-01,8.650084074938590994e-01,8.702916534782070279e-01,8.781253494927023784e-01,8.852231124837772747e-01,8.911936020763618904e-01,8.973525807141988775e-01
2.425000000000000000e+01,8.548362460889091796e-01,7.593248588386398712e-01,7.870375277006497194e-01,8.064126493458986245e-01,8.175671628522060974e-01,8.253344244465518065e-01,8.369581310107144789e-01,8.494034281187263780e-01,8.582926072512490068e-01,8.650083632921575783e-01,8.702915091068033071e-01,8.781251244063612571e-01,8.852228642606000397e-01,8.911933543740641062e-01,8.973523459852026374e-01
2.450000000000000000e+01,8.500530728642310407e-01,7.588571145374060078e-01,7.876521706582585436e-01,8.067243284487424226e-01,8.176548069899198801e-01,8.253443570778442595e-01,8.369533586470349062e-01,8.494032954311827588e-01,8.582927151122876630e-01,8.650083317628397550e-01,8.702913885717389331e-01,8.781249302088396380e-01,8.852226471659332407e-01,8.911931376166180030e-01,8.973521306913757600e-01
2.475000000000000000e+01,8.452521937321397782e-01,7.585440526503427483e-01,7.882641219042413328e-01,8.070108492226013563e-01,8.177267378329993175e-01,8.253481032961569319e-01,8.369482809999583273e-01,8.494031746313092102e-01,8.582928167180233769e-01,8.650083100857615115e-01,8.702912886496714240e-01,8.781247636299699399e-01,8.852224573116996842e-01,8.911929441688825060e-01,8.973519463910232252e-01
2.500000000000000000e+01,8.404434818106731875e-01,7.583722733195915611e-01,7.888687227692874337e-01,8.072721466520997868e-01,8.177841204069892234e-01,8.253465611918708866e-01,8.369430739838529254e-01,8.494030701299523090e-01,8.582929107581753758e-01,8.650082952250501833e-01,8.702912046747315333e-01,8.781246192793132899e-01,8.852222895133421421e-01,8.911927717518534076e-01,8.973517765723976192e-01
2.525000000000000000e+01,8.356369028856185377e-01,7.583286816054356505e-01,7.894619086977551214e-01,8.075084292032835842e-01,8.178281587096600802e-01,8.253405765723748067e-01,8.369378823197850537e-01,8.494029846811469442e-01,8.582929970588297763e-01,8.650082858049090717e-01,8.702911341312271620e-01,8.781244937468065670e-01,8.852221431025291132e-01,8.911926188605308052e-01,8.973516199646189850e-01
2.550000000000000000e+01,8.308424683514384901e-01,7.584005955633960072e-01,7.900401659245879227e-01,8.077201437258805239e-01,8.178600738257360003e-01,8.253309370249352073e-01,8.369328220117167039e-01,8.494029188963525545e-01,8.582930752127967411e-01,8.650082797180554950e-01,8.702910745620965338e-01,8.781243853136273536e-01,8.852220130872809900e-01,8.911924813119740385e-01,8.973514828690339895e-01
2.575000000000000000e+01,8.260701877505856050e-01,7.585758326402609608e-01,7.906004901199682466e-01,8.079079424148447597e-01,8.178810849646893644e-01,8.253183677747365499e-01,8.369279835968559400e-01,8.494028725875887309e-01,8.582931456033293660e-01,8.650082760175941132e-01,8.702910241116176282e-01,8.781242901872192697e-01,8.852218964349118924e-01,8.911923580581188054e-01,8.973513562647201791e-01
2.600000000000000000e+01,8.213300208318868867e-01,7.588427758066198514e-01,7.911403471738432946e-01,8.080726517752682136e-01,8.178923929956704031e-01,8.253035293918787874e-01,8.369234347097606053e-01,8.494028444182188942e-01,8.582932081337621977e-01,8.650082738331842380e-01,8.702909809740548841e-01,8.781242072091387518e-01,8.852217949264510333e-01,8.911922466810987542e-01,8.973512393757471228e-01
2.625000000000000000e+01,8.166318290874960972e-01,7.591904211971521876e-01,7.916576360746000462e-01,8.082152436091625258e-01,8.178951666010381150e-01,8.252870168022813369e-01,8.369192233368460965e-01,8.494028327723492922e-01,8.582932632883655266e-01,8.650082725816151674e-01,8.702909435767549606e-01,8.781241337358171029e-01,8.852217030116783514e-01,8.911921459977880655e-01,8.973511336103939806e-01
2.650000000000000000e+01,8.119853267844662215e-01,7.596084092984144442e-01,7.921506538965494837e-01,8.083368079806459994e-01,8.178905306410223508e-01,8.252693597391922431e-01,8.369153803113082990e-01,8.494028353295870470e-01,8.582933114692389287e-01,8.650082716836672292e-01,8.702909115953770813e-01,8.781240694193123142e-01,8.852216201962599396e-01,8.911920548188844160e-01,8.973510358239322748e-01
2.675000000000000000e+01,8.074000315898598457e-01,7.600870418164534792e-01,7.926180627531809186e-01,8.084385281849356675e-01,8.178795568465559995e-01,8.252510240840021938e-01,8.369119221915473084e-01,8.494028498739274458e-01,8.582933532536400900e-01,8.650082706864350435e-01,8.702908833235288855e-01,8.781240120185814790e-01,8.852215462721770844e-01,8.911919706310198475e-01,8.973509462455711017e-01
2.700000000000000000e+01,8.028852149769791779e-01,7.606172863959461683e-01,7.930588586729714340e-01,8.085216576755390738e-01,8.178632563897971774e-01,8.252324142045103228e-01,8.369088534025650450e-01,8.494028740214141227e-01,8.582933890501094343e-01,8.650082697753818106e-01,8.702908585759150384e-01,8.781239603506454383e-01,8.852214787980284827e-01,8.911918946552943588e-01,8.973508629294173478e-01
2.725000000000000000e+01,7.984498527007001245e-01,7.611907712730556774e-01,7.934723422120593117e-01,8.085874989426684589e-01,8.178425744102522099e-01,8.252138758031931642e-01,8.369061687609210543e-01,8.494029056197017757e-01,8.582934193799196532e-01,8.650082683829984909e-01,8.702908362612442605e-01,8.781239147279389368e-01,8.852214179493373969e-01,8.911918244850935977e-01,8.973507830987930145e-01
2.750000000000000000e+01,7.941025757284286835e-01,7.617997718320154155e-01,7.938580907443071322e-01,8.086373842956413593e-01,8.178183860811626404e-01,8.251956994718598892e-01,8.369038552745736714e-01,8.494029424779878656e-01,8.582934449218727613e-01,8.650082667141767434e-01,8.702908165644849259e-01,8.781238730711650176e-01,8.852213616615659530e-01,8.911917582887733946e-01,8.973507126780954080e-01
2.775000000000000000e+01,7.898516221036715468e-01,7.624371908498148720e-01,7.942159322518960174e-01,8.086726585372013831e-01,8.177914943076590726e-01,8.251781244663839443e-01,8.369018941324977146e-01,8.494029827554432366e-01,8.582934660696627249e-01,8.650082643642705849e-01,8.702907984837168209e-01,8.781238355227023451e-01,8.852213108205748693e-01,8.911916989500354713e-01,8.973506448357180254e-01
2.800000000000000000e+01,7.857047903003878675e-01,7.630965340321280710e-01,7.945459205792156920e-01,8.086946634710433512e-01,8.177626286196307825e-01,8.251613428767775593e-01,8.369002620602385978e-01,8.494030248165029828e-01,8.582934833828848031e-01,8.650082619074096479e-01,8.702907818369074455e-01,8.781238009233991448e-01,8.852212636281191482e-01,8.911916428838153603e-01,8.973505770154827088e-01
2.825000000000000000e+01,7.816693946858637165e-01,7.637718822190919798e-01,7.948483119859772739e-01,8.087047241932934227e-01,8.177324453306503704e-01,8.251455037712148721e-01,8.368989329157284773e-01,8.494030672848819075e-01,8.582934971814112357e-01,8.650082587943931367e-01,8.702907665945415205e-01,8.781237696173689322e-01,8.852212187248846842e-01,8.911915887589605401e-01,8.973505203646859885e-01
2.850000000000000000e+01,7.777522237484753020e-01,7.644578614440074027e-01,7.951235429827681056e-01,8.087041370999209500e-01,8.177015285741763284e-01,8.251307175716922071e-01,8.368978786964808014e-01,8.494031089704652260e-01,8.582935081986384773e-01,8.650082553035544075e-01,8.702907523348740737e-01,8.781237405099557858e-01,8.852211789700192845e-01,8.911915408272633732e-01,8.973504634007383185e-01
2.875000000000000000e+01,7.739595017619834705e-01,7.651496118171342564e-01,7.953722093175478181e-01,8.086941595538869043e-01,8.176703923165231647e-01,8.251170602385771158e-01,8.368970706555790562e-01,8.494031489503214294e-01,8.582935165227230101e-01,8.650082513802551665e-01,8.702907389955200079e-01,8.781237130459760287e-01,8.852211407750320005e-01,8.911914943997961691e-01,8.973504049948533012e-01
2.900000000000000000e+01,7.702968545450811222e-01,7.658427560297000891e-01,7.955950461241907412e-01,8.086760011323848030e-01,8.176394829502523498e-01,8.251045774988873260e-01,8.368964799471496629e-01,8.494031865899004385e-01,8.582935227340879880e-01,8.650082472248546983e-01,8.702907260407215517e-01,8.781236881723729626e-01,8.852211044226242498e-01,8.911914485230062466e-01,8.973503572234212688e-01
2.925000000000000000e+01,7.667692799355392275e-01,7.665333680982433506e-01,7.957929091239066555e-01,8.086508163650607539e-01,8.176091825598050811e-01,8.250932887540849414e-01,8.368960784450060197e-01,8.494032213452648028e-01,8.582935269358282770e-01,8.650082426970382432e-01,8.702907142336649970e-01,8.781236643586635138e-01,8.852210711158631229e-01,8.911914085898379190e-01,8.973503080905206319e-01
2.950000000000000000e+01,7.633811235366192438e-01,7.672179428243105503e-01,7.959667569004595933e-01,8.086196988766254368e-01,8.175798125177837772e-01,8.250831909735539815e-01,8.368958391382079753e-01,8.494032529054030833e-01,8.582935297302257682e-01,8.650082378064171129e-01,8.702907026069848229e-01,8.781236420822886579e-01,8.852210389669540325e-01,8.911913688989502313e-01,8.973502582140769901e-01
2.975000000000000000e+01,7.601360602077182893e-01,7.678933663152928135e-01,7.961176341690259228e-01,8.085836768430912924e-01,8.175516375381983725e-01,8.250742622005692306e-01,8.368957365997208298e-01,8.494032810427556424e-01,8.582935310791943717e-01,8.650082328412902477e-01,8.702906914962872387e-01,8.781236207749471001e-01,8.852210086884430007e-01,8.911913292143095466e-01,8.973502152243749697e-01
3.000000000000000000e+01,7.570370816662774782e-01,7.685568878068244070e-01,7.962466560740634192e-01,8.085437096711489691e-01,8.175248698445970463e-01,8.250664649488043123e-01,8.368957471524242075e-01,8.494033058116158275e-01,8.582935313540573929e-01,8.650082275944628307e-01,8.702906806607028090e-01,8.781236008325862263e-01,8.852209795548827698e-01,8.911912946164461946e-01,8.973501718841335739e-01
3.025000000000000000e+01,7.540864904516946243e-01,7.692060929377974032e-01,7.963549934470260938e-01,8.085006857861214424e-01,8.174996735757671384e-01,8.250597491659400484e-01,8.368958491664167942e-01,8.494033271572893895e-01,8.582935306755289373e-01,8.650082222537701648e-01,8.702906703276587219e-01,8.781235816507968472e-01,8.852209520821331390e-01,8.911912597630752275e-01,8.973501286612384220e-01
3.050000000000000000e+01,7.512859003745459008e-01,7.698388785573433424e-01,7.964438590576009558e-01,8.084554214382886350e-01,8.174761691419480947e-01,8.250540551012454094e-01,8.368960230883674134e-01,8.494033452687400620e-01,8.582935293384447162e-01,8.650082165679313650e-01,8.702906601798101605e-01,8.781235628196560894e-01,8.852209256566958562e-01,8.911912250275668690e-01,8.973500889808836423e-01
3.075000000000000000e+01,7.486362434408724287e-01,7.704534290869563540e-01,7.965144948040216999e-01,8.084086604200014792e-01,8.174544376879976371e-01,8.250493157368065100e-01,8.368962515159787952e-01,8.494033602447900178e-01,8.582935273498784046e-01,8.650082111116665917e-01,8.702906501255326388e-01,8.781235454810994989e-01,8.852208993687816774e-01,8.911911939035395136e-01,8.973500500546167657e-01
3.100000000000000000e+01,7.461377831147197881e-01,7.710481944225163753e-01,7.965681598788272311e-01,8.083610746087648291e-01,8.174345253759105479e-01,8.250454590857668746e-01,8.368965191169032147e-01,8.494033724612158887e-01,8.582935248595505717e-01,8.650082053668731730e-01,8.702906405502617293e-01,8.781235282936442621e-01,8.852208754775011679e-01,8.911911626337353232e-01,8.973500121930650941e-01
3.125000000000000000e+01,7.437901336516868911e-01,7.716218693241693183e-01,7.966061198561434908e-01,8.083132652151139297e-01,8.174164476396701406e-01,8.250424100585986853e-01,8.368968126369021876e-01,8.494033820208980456e-01,8.582935220349844352e-01,8.650081996267295903e-01,8.702906309963227560e-01,8.781235117815269220e-01,8.852208516753037326e-01,8.911911316901649505e-01,8.973499758125830228e-01
3.150000000000000000e+01,7.415922851230979385e-01,7.721733742263662270e-01,7.966296367260065070e-01,8.082657646575860388e-01,8.174001931734012905e-01,8.250400922489842248e-01,8.368971207690716341e-01,8.494033892979955258e-01,8.582935189213540816e-01,8.650081937596048043e-01,8.702906217523486143e-01,8.781234956650190160e-01,8.852208280288089703e-01,8.911911031328986210e-01,8.973499393781976252e-01
3.175000000000000000e+01,7.395426336471585538e-01,7.727018373800041973e-01,7.966399598265669901e-01,8.082190389586829671e-01,8.173857278354611511e-01,8.250384293172837724e-01,8.368974340337824724e-01,8.494033944581944606e-01,8.582935155923656634e-01,8.650081880076673224e-01,8.702906124165978863e-01,8.781234802246045135e-01,8.852208062289325108e-01,8.911910746087864377e-01,8.973499059718506032e-01
3.200000000000000000e+01,7.376390162534376405e-01,7.732065782377175456e-01,7.966383176959025425e-01,8.081734905964894633e-01,8.173729982260584670e-01,8.250373462855686846e-01,8.368977446209788784e-01,8.494033979214246077e-01,8.582935120282704222e-01,8.650081821594017839e-01,8.702906035944305563e-01,8.781234651172159511e-01,8.852207843814589028e-01,8.911910466666904673e-01,8.973498725740773896e-01
3.225000000000000000e+01,7.358787497398264765e-01,7.736870919865905805e-01,7.966259107887319058e-01,8.081294617001781866e-01,8.173619351128778021e-01,8.250367704575031214e-01,8.368980462726328673e-01,8.494033997996471852e-01,8.582935084644256474e-01,8.650081762593961887e-01,8.702905946979480056e-01,8.781234499397884141e-01,8.852207631732449400e-01,8.911910200747399369e-01,8.973498376206215932e-01
3.250000000000000000e+01,7.342586728297894050e-01,7.741430351316493930e-01,7.966039050657525156e-01,8.080872375353915782e-01,8.173524565040828360e-01,8.250366323173702332e-01,8.368983341269353726e-01,8.494034004194971343e-01,8.582935047500166448e-01,8.650081704533920668e-01,8.702905859244498554e-01,8.781234358890465108e-01,8.852207425582372391e-01,8.911909937277886495e-01,8.973498080205991601e-01
3.275000000000000000e+01,7.327751909028106247e-01,7.745742120419473187e-01,7.965734264009840526e-01,8.080470501874734701e-01,8.173444705668664323e-01,8.250368660942046795e-01,8.368986045300792487e-01,8.494033999418283409e-01,8.582935010419080468e-01,8.650081646328213747e-01,8.702905773109129717e-01,8.781234217018496491e-01,8.852207224959728338e-01,8.911909682360672491e-01,8.973497770824989672e-01
3.300000000000000000e+01,7.314243225658941805e-01,7.749805623700701807e-01,7.965355558091503640e-01,8.080090824048623555e-01,8.173378781826546868e-01,8.250374103061315356e-01,8.368988549018290257e-01,8.494033986645279644e-01,8.582934971989012451e-01,8.650081588630176288e-01,8.702905688519577687e-01,8.781234078690670630e-01,8.852207029982067654e-01,8.911909432052254054e-01,8.973497432027965903e-01
3.325000000000000000e+01,7.302017473313584528e-01,7.753621492701303630e-01,7.964913254326754233e-01,8.079734715083853880e-01,8.173325753250888503e-01,8.250382080024977194e-01,8.368990835852885279e-01,8.494033966725871299e-01,8.582934935167616519e-01,8.650081529688683490e-01,8.702905605000991196e-01,8.781233942860996455e-01,8.852206832884349508e-01,8.911909188329573128e-01,8.973497169333245482e-01
3.350000000000000000e+01,7.291028536964606621e-01,7.757191483355128092e-01,7.964417152763555441e-01,8.079403133419066352e-01,8.173284550862236486e-01,8.250392070532475142e-01,8.368992897360079120e-01,8.494033941721814696e-01,8.582934897366167881e-01,8.650081473469436455e-01,8.702905520543676721e-01,8.781233810906805548e-01,8.852206649922679249e-01,8.911908952071062595e-01,8.973496880765838846e-01
3.375000000000000000e+01,7.281227869537204578e-01,7.760518371973206264e-01,7.963876506297689062e-01,8.079096661902712695e-01,8.173254095550780418e-01,8.250403601742062332e-01,8.368994731296590661e-01,8.494033912816594256e-01,8.582934860166580027e-01,8.650081416009176571e-01,8.702905440450021679e-01,8.781233681099993582e-01,8.852206466072485291e-01,8.911908714609497739e-01,8.973496572488296463e-01
3.400000000000000000e+01,7.272564961135502548e-01,7.763605857206701266e-01,7.963300001610762457e-01,8.078815546565827344e-01,8.173233313619863161e-01,8.250416249985362827e-01,8.368996340942015388e-01,8.494033881614008186e-01,8.582934822654342266e-01,8.650081359746288889e-01,8.702905359164023746e-01,8.781233549135393224e-01,8.852206279130070410e-01,8.911908489602546890e-01,8.973496316859662647e-01
3.425000000000000000e+01,7.264987793825053997e-01,7.766458467531508481e-01,7.962695746187991030e-01,8.078559734242153345e-01,8.173221150773065657e-01,8.250429639124164938e-01,8.368997733677667750e-01,8.494033848576231227e-01,8.582934786354773360e-01,8.650081302794949689e-01,8.702905279930196469e-01,8.781233427065627817e-01,8.852206108314261135e-01,8.911908267356501989e-01,8.973496046298452544e-01
3.450000000000000000e+01,7.258443277059856147e-01,7.769081473766179524e-01,7.962071261148677692e-01,8.078328909055726426e-01,8.173216583060223250e-01,8.250443439961895331e-01,8.368998920564391097e-01,8.494033814643719982e-01,8.582934749828372567e-01,8.650081247861070022e-01,8.702905200227138982e-01,8.781233302702466936e-01,8.852205933866227339e-01,8.911908040809827236e-01,8.973495765700636451e-01
3.475000000000000000e+01,7.252877659641840946e-01,7.771480806296026111e-01,7.961433479274186986e-01,8.078122527227026284e-01,8.173218626809053422e-01,8.250457367595238622e-01,8.368999914598905798e-01,8.494033780655210197e-01,8.582934713622311085e-01,8.650081192426737342e-01,8.702905123511058827e-01,8.781233180445170428e-01,8.852205761575193677e-01,8.911907832112780925e-01,8.973495515126483912e-01
3.500000000000000000e+01,7.248236914790975316e-01,7.773662976638632260e-01,7.960788747960357847e-01,8.077939850365067898e-01,8.173226345809713189e-01,8.250471179739473637e-01,8.369000730780049579e-01,8.494033747083682417e-01,8.582934677883676811e-01,8.650081137279440613e-01,8.702905046552354973e-01,8.781233060491735465e-01,8.852205595301205765e-01,8.911907622069168422e-01,8.973495260428728804e-01
3.525000000000000000e+01,7.244467095767690434e-01,7.775635003129464096e-01,7.960142836478608652e-01,8.077779976662736727e-01,8.173238857599089968e-01,8.250484673198522634e-01,8.369001384858603121e-01,8.494033714187737560e-01,8.582934642742325870e-01,8.650081082966459833e-01,8.702904969762169651e-01,8.781232942899576122e-01,8.852205429923255542e-01,8.911907405050886188e-01,8.973495005075716735e-01
3.550000000000000000e+01,7.241514660132783998e-01,7.777404340472202637e-01,7.959500947206332722e-01,8.077641870252937339e-01,8.173255337354801142e-01,8.250497681799748850e-01,8.369001893577054929e-01,8.494033682079898950e-01,8.582934607848725639e-01,8.650081029239360397e-01,8.702904895158772858e-01,8.781232827202115621e-01,8.852205269672077659e-01,8.911907210803325929e-01,8.973494761179273693e-01
3.575000000000000000e+01,7.239326761569659929e-01,7.778978812996460990e-01,7.958867730258707418e-01,8.077524388289033519e-01,8.173275021350334679e-01,8.250510072674812623e-01,8.369002273101272538e-01,8.494033651484079739e-01,8.582934572867910727e-01,8.650080975997945787e-01,8.702904820738476266e-01,8.781232709149934257e-01,8.852205107405264339e-01,8.911907011593495076e-01,8.973494517726039454e-01
3.600000000000000000e+01,7.237851508741425244e-01,7.780366551442779999e-01,7.958247301209462332e-01,8.077426306134127820e-01,8.173297208328563768e-01,8.250521743846493949e-01,8.369002539731954515e-01,8.494033622064387501e-01,8.582934538938805646e-01,8.650080922178245979e-01,8.702904747749201642e-01,8.781232599606711986e-01,8.852204954129833103e-01,8.911906803078341044e-01,8.973494285643374146e-01
3.625000000000000000e+01,7.237038191339457693e-01,7.781575933202123929e-01,7.957643261365027199e-01,8.077346340174249573e-01,8.173321260550105993e-01,8.250532620285373486e-01,8.369002708764280429e-01,8.494033594102964324e-01,8.582934504967559830e-01,8.650080870532935728e-01,8.702904673431637317e-01,8.781232487831996947e-01,8.852204800628035164e-01,8.911906621797727190e-01,8.973494054860495783e-01
3.650000000000000000e+01,7.236837473984164548e-01,7.782615525868035178e-01,7.957058720248093575e-01,8.077283168681194114e-01,8.173346603086547590e-01,8.250542651670513816e-01,8.369002795256623717e-01,8.494033567170596877e-01,8.582934471610471627e-01,8.650080818147537487e-01,8.702904603328898148e-01,8.781232377349863505e-01,8.852204642283997282e-01,8.911906432353108309e-01,8.973493813852360113e-01
3.675000000000000000e+01,7.237201559070676193e-01,7.783494034056165356e-01,7.956496319823921359e-01,8.077235450359651070e-01,8.173372723209556545e-01,8.250551808734702952e-01,8.369002812543413494e-01,8.494033542079333365e-01,8.582934437757622215e-01,8.650080767114388669e-01,8.702904531989813508e-01,8.781232269320122796e-01,8.852204499653184566e-01,8.911906234290269957e-01,8.973493603403664975e-01
3.700000000000000000e+01,7.238084320068908228e-01,7.784220249390283453e-01,7.955958260176202446e-01,8.077201841105253743e-01,8.173399168282649008e-01,8.250560081089632902e-01,8.369002773436481357e-01,8.494033517946295575e-01,8.582934405455793225e-01,8.650080715303052337e-01,8.702904461766385324e-01,8.781232162668065611e-01,8.852204352314385627e-01,8.911906062028458475e-01,8.973493384553883345e-01
3.725000000000000000e+01,7.239441407040132503e-01,7.784803003661028287e-01,7.955446326220015907e-01,8.077181008534987106e-01,8.173425543816066341e-01,8.250567473698189325e-01,8.369002689092213121e-01,8.494033495237867104e-01,8.582934372609819507e-01,8.650080665650561329e-01,8.702904391995752720e-01,8.781232057923539225e-01,8.852204205011138249e-01,8.911905881488890735e-01,8.973493145251013603e-01
3.750000000000000000e+01,7.241230326394714201e-01,7.785251125032883746e-01,7.954961915154027396e-01,8.077171644827177976e-01,8.173451510284960309e-01,8.250574005149927670e-01,8.369002570157930698e-01,8.494033473186002325e-01,8.582934340521496397e-01,8.650080615442756748e-01,8.702904323862142855e-01,8.781231951080864517e-01,8.852204064686057805e-01,8.911905695852306852e-01,8.973492955052373432e-01
3.775000000000000000e+01,7.243410497028101025e-01,7.785573397342672175e-01,7.954506064313623392e-01,8.077172477526443073e-01,8.173476780458012181e-01,8.250579704632159395e-01,8.369002425263956102e-01,8.494033452811328155e-01,8.582934308060679029e-01,8.650080565765372320e-01,8.702904256057099053e-01,8.781231851307753633e-01,8.852203923046074729e-01,8.911905528994724657e-01,8.973492747144973247e-01
3.800000000000000000e+01,7.245943285080356233e-01,7.785778522348297814e-01,7.954079479187367019e-01,8.077182278923523695e-01,8.173501115675549933e-01,8.250584610438931321e-01,8.369002262569874562e-01,8.494033432889398494e-01,8.582934276798402928e-01,8.650080516547967724e-01,8.702904187799036517e-01,8.781231749717587354e-01,8.852203785814954928e-01,8.911905356647403798e-01,8.973492518990859868e-01
3.825000000000000000e+01,7.248792019603056414e-01,7.785875085005683482e-01,7.953682561331759659e-01,8.077199873583772449e-01,8.173524322643788143e-01,8.250588767197435391e-01,8.369002088550404617e-01,8.494033414041943786e-01,8.582934245217346270e-01,8.650080468198739769e-01,8.702904122267755005e-01,8.781231648861915762e-01,8.852203647763630112e-01,8.911905182422685812e-01,8.973492337798386620e-01
3.850000000000000000e+01,7.251921991362237918e-01,7.785871521613771939e-01,7.953315435942837075e-01,8.077224144613679435e-01,8.173546249364059824e-01,8.250592224902079108e-01,8.369001909393878336e-01,8.494033395526382479e-01,8.582934213990415229e-01,8.650080420105812351e-01,8.702904056012772394e-01,8.781231550673911368e-01,8.852203515237548892e-01,8.911905020602325367e-01,8.973492139984308169e-01
3.875000000000000000e+01,7.255300436979587042e-01,7.785776090871493471e-01,7.952977978893909228e-01,8.077254038319267027e-01,8.173566781844450180e-01,8.250595036674706062e-01,8.369001729401650547e-01,8.494033378160703585e-01,8.582934182915953336e-01,8.650080371752106867e-01,8.702903991521439009e-01,8.781231453129749731e-01,8.852203383442350804e-01,8.911904855841839002e-01,8.973491929826387103e-01
3.900000000000000000e+01,7.258896510519693424e-01,7.785596847711727664e-01,7.952669843061292987e-01,8.077288567897131788e-01,8.173585840065727970e-01,8.250597258041640902e-01,8.369001552764254726e-01,8.494033360974886371e-01,8.582934152458715493e-01,8.650080324998576931e-01,8.702903926133682688e-01,8.781231357570404850e-01,8.852203247658937402e-01,8.911904692143869378e-01,8.973491749236656156e-01
3.925000000000000000e+01,7.262681244456338225e-01,7.785341619945960190e-01,7.952390483814699706e-01,8.077326815724165110e-01,8.173603374675614264e-01,8.250598944946838653e-01,8.369001382236558317e-01,8.494033344378865147e-01,8.582934122030113633e-01,8.650080277931007089e-01,8.702903863569879661e-01,8.781231260197535082e-01,8.852203123960965536e-01,8.911904535056118792e-01,8.973491560775468390e-01
3.950000000000000000e+01,7.266627501933388134e-01,7.785017987563810360e-01,7.952139183493349694e-01,8.077367934852943687e-01,8.173619363050513842e-01,8.250600153499947353e-01,8.369001220608466296e-01,8.494033327977915659e-01,8.582934091596363668e-01,8.650080231855930002e-01,8.702903800432818526e-01,8.781231168724157321e-01,8.852202996824655168e-01,8.911904377357258156e-01,8.973491367617858483e-01
3.975000000000000000e+01,7.270709921911562290e-01,7.784633264684261977e-01,7.951915074806110706e-01,8.077411149337265783e-01,8.173633806288700399e-01,8.250600938480355806e-01,8.369001069169660356e-01,8.494033312236816124e-01,8.582934061798878078e-01,8.650080185030256663e-01,8.702903737731273459e-01,8.781231075831315014e-01,8.852202868343113096e-01,8.911904223402521419e-01,8.973491187261438684e-01
4.000000000000000000e+01,7.274904858825219645e-01,7.784194484017860072e-01,7.951717163032222535e-01,8.077455754045720360e-01,8.173646725631144028e-01,8.250601353231984403e-01,8.369000929364847075e-01,8.494033296542249367e-01,8.582934032095632659e-01,8.650080140370259851e-01,8.702903676191350302e-01,8.781230983243721866e-01,8.852202747754401857e-01,8.911904070787807219e-01,8.973491007499191374e-01
4.025000000000000000e+01,7.279190318056567577e-01,7.783708383829971433e-01,7.951544347019935399e-01,8.077501113492856488e-01,8.173658159709663584e-01,8.250601448372457680e-01,8.369000801649353338e-01,8.494033281086845744e-01,8.582934002742220736e-01,8.650080095055061591e-01,8.702903615279804495e-01,8.781230893528136905e-01,8.852202625027666416e-01,8.911903920967799708e-01,8.973490830456997136e-01
4.050000000000000000e+01,7.283545888475722041e-01,7.783181397230066745e-01,7.951395438855097808e-01,8.077546660302931114e-01,8.173668161286431477e-01,8.250601272053516011e-01,8.369000686681258294e-01,8.494033265797170662e-01,8.582933973060896671e-01,8.650080050391155684e-01,8.702903555135561575e-01,8.781230803869145563e-01,8.852202504921966586e-01,8.911903774775505882e-01,8.973490657034084439e-01
4.075000000000000000e+01,7.287952673099407086e-01,7.782619643757846539e-01,7.951269182236747612e-01,8.077591892884699032e-01,8.173676794969906290e-01,8.250600869050800368e-01,8.369000584082284533e-01,8.494033250818384673e-01,8.582933944459530951e-01,8.650080005857658794e-01,8.702903494083712443e-01,8.781230716277501624e-01,8.852202385759030401e-01,8.911903626407146062e-01,8.973490478356676014e-01
4.100000000000000000e+01,7.292393218786856757e-01,7.782028923101422802e-01,7.951164269482520197e-01,8.077636372982479607e-01,8.173684134441180360e-01,8.250600281088805721e-01,8.369000493782979833e-01,8.494033235860712905e-01,8.582933915478858644e-01,8.650079962355433638e-01,8.702903436150080108e-01,8.781230627139120504e-01,8.852202269519879874e-01,8.911903485302510308e-01,8.973490316638795816e-01
4.125000000000000000e+01,7.296851445762213562e-01,7.781414710898184595e-01,7.951079357246142454e-01,8.077679722587207678e-01,8.173690260520987128e-01,8.250599546040309207e-01,8.369000415106141455e-01,8.494033220914667393e-01,8.582933887142875085e-01,8.650079918902078280e-01,8.702903377236662630e-01,8.781230542916191872e-01,8.852202154861650296e-01,8.911903344989919873e-01,8.973490150890289785e-01
4.150000000000000000e+01,7.301312577612490973e-01,7.780782156446193198e-01,7.951013080854589798e-01,8.077721620820849102e-01,8.173695258775410810e-01,8.250598698513426088e-01,8.369000347674623308e-01,8.494033206193334351e-01,8.582933858360625168e-01,8.650079875399826479e-01,8.702903319491985812e-01,8.781230457628627084e-01,8.852202037200832541e-01,8.911903200665721725e-01,8.973489971730781445e-01
4.175000000000000000e+01,7.305763072313913309e-01,7.780136082258957142e-01,7.950964067376882216e-01,8.077761800329965602e-01,8.173699218074622630e-01,8.250597769327979725e-01,8.369000290433225020e-01,8.494033191544263506e-01,8.582933830716149570e-01,8.650079833028156973e-01,8.702903261606570462e-01,8.781230372298095554e-01,8.852201928411065346e-01,8.911903067678009771e-01,8.973489824627252087e-01
4.200000000000000000e+01,7.310190554721492928e-01,7.779480985292194228e-01,7.950930947362837564e-01,8.077800043844652889e-01,8.173702228684587290e-01,8.250596786079020806e-01,8.369000242705557646e-01,8.494033176964679299e-01,8.582933802696084413e-01,8.650079790644867872e-01,8.702903205467386050e-01,8.781230290013939399e-01,8.852201817467343359e-01,8.911902932895986451e-01,8.973489666066529757e-01
4.225000000000000000e+01,7.314583750873470125e-01,7.778821039771260937e-01,7.950912365406491711e-01,8.077836180351084527e-01,8.173704381160414867e-01,8.250595772642541625e-01,8.369000203482136468e-01,8.494033162253294966e-01,8.582933775067876914e-01,8.650079748956597259e-01,8.702903149264621385e-01,8.781230207301646828e-01,8.852201704169402330e-01,8.911902792433487042e-01,8.973489488083106203e-01
4.250000000000000000e+01,7.318932424382186275e-01,7.778160101451769837e-01,7.950906989444739281e-01,8.077870081480592601e-01,8.173705764776656446e-01,8.250594749915715065e-01,8.369000172066384247e-01,8.494033147875987844e-01,8.582933747410973480e-01,8.650079706574744787e-01,8.702903092975267096e-01,8.781230126728715168e-01,8.852201599494130546e-01,8.911902667016952106e-01,8.973489353027606086e-01
4.275000000000000000e+01,7.323227315105224067e-01,7.777501713219133750e-01,7.950913518961305604e-01,8.077901657610818686e-01,8.173706466854681052e-01,8.250593735509237359e-01,8.369000147337377626e-01,8.494033133401754920e-01,8.582933720416571211e-01,8.650079666242290743e-01,8.702903038380119805e-01,8.781230044847667671e-01,8.852201492099736058e-01,8.911902537447161654e-01,8.973489201211636290e-01
4.300000000000000000e+01,7.327460080236631867e-01,7.776849111873942455e-01,7.950930692030978575e-01,8.077930854330310773e-01,8.173706571604947291e-01,8.250592744401266110e-01,8.369000128543895300e-01,8.494033119082105010e-01,8.582933693346439519e-01,8.650079625218478618e-01,8.702902983636578993e-01,8.781229967041753737e-01,8.852201385948673673e-01,8.911902400679113656e-01,8.973489036362581883e-01
4.325000000000000000e+01,7.331623237908623247e-01,7.776205236012916355e-01,7.950957291404354699e-01,8.077957648677124292e-01,8.173706159712506025e-01,8.250591788600483145e-01,8.369000114784120870e-01,8.494033104533965650e-01,8.582933666372086767e-01,8.650079584922804044e-01,8.702902929990092851e-01,8.781229888480881485e-01,8.852201282166437535e-01,8.911902282334513981e-01,8.973488900567062609e-01
4.350000000000000000e+01,7.335710113340851990e-01,7.775572734853876122e-01,7.950992149538369524e-01,8.077982045748393070e-01,8.173705307432549416e-01,8.250590877914077970e-01,8.369000105415974611e-01,8.494033090448165346e-01,8.582933639783797419e-01,8.650079544497678574e-01,8.702902875454349152e-01,8.781229809587280943e-01,8.852201179274313825e-01,8.911902157685148707e-01,8.973488755090134328e-01
4.375000000000000000e+01,7.339714787550930541e-01,7.774953977907940184e-01,7.951034152773058805e-01,8.078004075142437568e-01,8.173704086510537037e-01,8.250590019734621583e-01,8.369000099544602334e-01,8.494033076133303828e-01,8.582933613421429575e-01,8.650079505212499020e-01,8.702902823591881498e-01,8.781229733884229338e-01,8.852201078658304967e-01,8.911902026352684913e-01,8.973488602799859493e-01
4.400000000000000000e+01,7.343632048598869311e-01,7.774351065363314106e-01,7.951082244580071068e-01,8.078023787875213690e-01,8.173702563591973558e-01,8.250589219682431530e-01,8.369000096582865922e-01,8.494033062068507833e-01,8.582933587258204655e-01,8.650079465811739698e-01,8.702902770970443180e-01,8.781229657347056072e-01,8.852200975868180777e-01,8.911901912726053476e-01,8.973488466077742531e-01
4.425000000000000000e+01,7.347457345326062761e-01,7.773765839089835650e-01,7.951135428107631853e-01,8.078041253160866964e-01,8.173700800302879932e-01,8.250588481328193780e-01,8.369000095909030490e-01,8.494033047721885055e-01,8.582933560918650784e-01,8.650079426518907377e-01,8.702902718950422667e-01,8.781229583007951200e-01,8.852200879378758769e-01,8.911901792727882077e-01,8.973488326567349294e-01
4.450000000000000000e+01,7.351186743521109790e-01,7.773199894140193633e-01,7.951192767910482129e-01,8.078056555639043790e-01,8.173698852814579308e-01,8.250587806911733324e-01,8.369000097069824173e-01,8.494033033921971620e-01,8.582933535345805831e-01,8.650079387983973245e-01,8.702902667423675354e-01,8.781229507571600701e-01,8.852200781789958395e-01,8.911901668589901071e-01,8.973488186312386095e-01
4.475000000000000000e+01,7.354816884438726277e-01,7.772654590655661000e-01,7.951253391086738898e-01,8.078069792489078749e-01,8.173696772158646207e-01,8.250587197149039653e-01,8.369000099477182930e-01,8.494033019859515976e-01,8.582933509597258093e-01,8.650079349665044104e-01,8.702902616796763802e-01,8.781229435486141988e-01,8.852200681079004374e-01,8.911901557356813885e-01,8.973488051314716385e-01
4.500000000000000000e+01,7.358344945580753693e-01,7.772131066067424765e-01,7.951316487724825466e-01,8.078081071068254904e-01,8.173694604004360098e-01,8.250586651806253169e-01,8.369000102760124626e-01,8.494033006020383914e-01,8.582933484300069304e-01,8.650079311804270699e-01,8.702902566500745341e-01,8.781229362914847458e-01,8.852200589547081222e-01,8.911901441760461395e-01,8.973487914597765291e-01
4.525000000000000000e+01,7.361768603648622955e-01,7.771630247515108891e-01,7.951381310896974419e-01,8.078090506439851159e-01,8.173692389046101070e-01,8.250586169430439432e-01,8.369000106591732990e-01,8.494032992021322004e-01,8.582933458588596354e-01,8.650079273477465636e-01,8.702902515713057952e-01,8.781229289767207291e-01,8.852200494866706570e-01,8.911901324365613108e-01,8.973487785900919889e-01
4.550000000000000000e+01,7.365085999565313957e-01,7.771152864385693082e-01,7.951447176072882206e-01,8.078098219376673716e-01,8.173690162846702911e-01,8.250585747979113371e-01,8.369000110704911677e-01,8.494032978427932257e-01,8.582933433968621406e-01,8.650079236729183441e-01,8.702902467021902400e-01,8.781229219926917073e-01,8.852200400339184094e-01,8.911901215453935654e-01,8.973487656252959743e-01
4.575000000000000000e+01,7.368295705469132262e-01,7.770699460898224942e-01,7.951513460178226689e-01,8.078104334251666740e-01,8.173687956371056273e-01,8.250585384613999818e-01,8.369000114787342737e-01,8.494032964680074960e-01,8.582933408947338583e-01,8.650079199445823708e-01,8.702902417662071732e-01,8.781229149084831542e-01,8.852200309325549688e-01,8.911901104028738807e-01,8.973487518214854353e-01
4.600000000000000000e+01,7.371396693576817150e-01,7.770270408651981375e-01,7.951579600178202423e-01,8.078108977460987106e-01,8.173685795961604938e-01,8.250585076185074085e-01,8.369000118644447372e-01,8.494032951069591109e-01,8.582933384345450278e-01,8.650079162942598821e-01,8.702902369481471112e-01,8.781229080138273080e-01,8.852200217583264807e-01,8.911900992959419510e-01,8.973487400641766421e-01
4.625000000000000000e+01,7.374388306812103000e-01,7.769865919079740335e-01,7.951645091434159651e-01,8.078112275722979518e-01,8.173683703872954842e-01,8.250584818946700150e-01,8.369000122184978574e-01,8.494032937438832365e-01,8.582933359592943567e-01,8.650079126108213279e-01,8.702902320778599377e-01,8.781229010454455475e-01,8.852200128676409596e-01,8.911900886300919700e-01,8.973487276046328009e-01
4.650000000000000000e+01,7.377270231111370258e-01,7.769486055739085462e-01,7.951709485675778621e-01,8.078114354839958100e-01,8.173681698244317229e-01,8.250584609090607646e-01,8.369000125269688839e-01,8.494032924081308389e-01,8.582933335528664109e-01,8.650079090487891031e-01,8.702902273857596738e-01,8.781228943494107098e-01,8.852200038286025530e-01,8.911900778831857162e-01,8.973487136523438101e-01
4.675000000000000000e+01,7.380042469300001073e-01,7.769130746382097996e-01,7.951772388824258631e-01,8.078115338332687578e-01,8.173679793715088460e-01,8.250584442517250316e-01,8.369000127788822629e-01,8.494032910665398894e-01,8.582933311317872960e-01,8.650079054623777131e-01,8.702902226618649539e-01,8.781228876281648166e-01,8.852199952110620940e-01,8.911900673701571574e-01,8.973487029678479665e-01
4.700000000000000000e+01,7.382705316458491041e-01,7.768799794758619592e-01,7.951833458514481201e-01,8.078115346564102017e-01,8.173678001474263821e-01,8.250584315229732013e-01,8.369000129655321807e-01,8.494032897304781837e-01,8.582933287273220024e-01,8.650079018987496537e-01,8.702902179531891713e-01,8.781228808286837273e-01,8.852199865701213533e-01,8.911900569230750691e-01,8.973486909860304284e-01
4.725000000000000000e+01,7.385259336682903353e-01,7.768492892102957237e-01,7.951892401573690261e-01,8.078114495730348565e-01,8.173676329823030828e-01,8.250584223034447273e-01,8.369000130938212267e-01,8.494032884049431686e-01,8.582933263433106807e-01,8.650078983812843347e-01,8.702902133433700893e-01,8.781228743693173522e-01,8.852199776025305722e-01,8.911900466430946466e-01,8.973486776907548812e-01
4.750000000000000000e+01,7.387705341164695350e-01,7.768209628274022061e-01,7.951948971272835287e-01,8.078112897257497815e-01,8.173674784180321451e-01,8.250584161986409537e-01,8.369000131557758904e-01,8.494032870941893298e-01,8.582933239908218104e-01,8.650078949028801034e-01,8.702902087564052813e-01,8.781228678010213340e-01,8.852199695045567251e-01,8.911900365968405957e-01,8.973486672215765791e-01
4.775000000000000000e+01,7.390044367506652945e-01,7.767949502503345149e-01,7.952002964583272382e-01,8.078110657059955901e-01,8.173673367683872426e-01,8.250584128142027796e-01,8.369000131534104492e-01,8.494032857862006125e-01,8.582933216471970717e-01,8.650078914513927852e-01,8.702902042334152988e-01,8.781228613853576670e-01,8.852199611044903049e-01,8.911900263622605234e-01,8.973486556918209844e-01
4.800000000000000000e+01,7.392277660203709910e-01,7.767711933733610907e-01,7.952054219271359470e-01,8.078107875219621148e-01,8.173672081233971376e-01,8.250584117877102219e-01,8.369000130824195693e-01,8.494032844759065171e-01,8.582933192967745484e-01,8.650078879713418711e-01,8.702901996295797638e-01,8.781228549326456356e-01,8.852199526322797052e-01,8.911900166245849686e-01,8.973486433614292768e-01
4.825000000000000000e+01,7.394406652220217868e-01,7.767496270513128964e-01,7.952102611077870309e-01,8.078104645522763416e-01,8.173670924016891437e-01,8.250584127579329019e-01,8.369000129591915860e-01,8.494032831874569478e-01,8.582933169996554978e-01,8.650078846111232123e-01,8.702901952659760632e-01,8.781228486976127012e-01,8.852199446035360353e-01,8.911900069177698391e-01,8.973486327512756322e-01
4.850000000000000000e+01,7.396432947598930996e-01,7.767301800442979465e-01,7.952148050791076894e-01,8.078101055332684854e-01,8.173669893478572313e-01,8.250584154022579941e-01,8.369000127764013586e-01,8.494032819020129743e-01,8.582933146994647933e-01,8.650078812133839001e-01,8.702901908216357230e-01,8.781228424577474101e-01,8.852199364358307454e-01,8.911899968897160074e-01,8.973486216497964518e-01
4.875000000000000000e+01,7.398358305043769567e-01,7.767127759145600052e-01,7.952190481429516344e-01,8.078097185312250739e-01,8.173668985867578174e-01,8.250584194111629799e-01,8.369000125434431503e-01,8.494032806270814806e-01,8.582933124299417793e-01,8.650078778902614562e-01,8.702901864472966098e-01,8.781228361221529166e-01,8.852199284684993952e-01,8.911899876622718653e-01,8.973486102507577389e-01
4.900000000000000000e+01,7.400184622418073399e-01,7.766973338757584555e-01,7.952229875361154221e-01,8.078093109496251589e-01,8.173668196222029225e-01,8.250584245140772932e-01,8.369000122559899779e-01,8.494032793424416417e-01,8.582933101319067948e-01,8.650078745217685272e-01,8.702901820771008490e-01,8.781228301341060805e-01,8.852199204745268002e-01,8.911899782785618340e-01,8.973485994879534244e-01
4.925000000000000000e+01,7.401913922110041621e-01,7.766837695927680807e-01,7.952266231594120605e-01,8.078088895207844455e-01,8.173667518831212453e-01,8.250584304490556908e-01,8.369000119354158551e-01,8.494032780899481994e-01,8.582933079175686375e-01,8.650078712796587244e-01,8.702901778132949850e-01,8.781228240299505661e-01,8.852199127311957128e-01,8.911899684512722963e-01,8.973485887925188864e-01
4.950000000000000000e+01,7.403548337215873909e-01,7.766719959335297574e-01,7.952299573037105995e-01,8.078084603248806284e-01,8.173666947141201566e-01,8.250584369945955787e-01,8.369000115717066812e-01,8.494032768294520475e-01,8.582933056719243003e-01,8.650078680031936251e-01,8.702901735529702254e-01,8.781228180462377075e-01,8.852199050357377752e-01,8.911899597042406418e-01,8.973485782941617028e-01
4.975000000000000000e+01,7.405090098497487672e-01,7.766619236708983687e-01,7.952329943936684575e-01,8.078080287924034320e-01,8.173666474223756362e-01,8.250584439447202767e-01,8.369000111781876861e-01,8.494032755865327244e-01,8.582933034695209296e-01,8.650078647587617908e-01,8.702901692720331761e-01,8.781228120574424700e-01,8.852198970858152771e-01,8.911899506283538219e-01,8.973485679151287364e-01
5.000000000000000000e+01,7.406541522075413830e-01,7.766534621365425162e-01,7.952357407315580051e-01,8.078075997354803306e-01,8.173666092698702590e-01,8.250584511302287982e-01,8.369000107479843686e-01,8.494032743269964714e-01,8.582933012433188180e-01,8.650078615367703394e-01,8.702901651289108864e-01,8.781228062385499911e-01,8.852198897993373006e-01,8.911899409962459329e-01,8.973485570569872394e-01
5.025000000000000000e+01,7.407904997814244163e-01,7.766465198256217173e-01,7.952382042622270220e-01,8.078071773624720953e-01,8.173665795117504018e-01,8.250584583899565061e-01,8.369000103049796246e-01,8.494032731090529476e-01,8.582932990868811229e-01,8.650078583673551647e-01,8.702901609550068862e-01,8.781228004326108172e-01,8.852198823049988174e-01,8.911899327018873995e-01,8.973485474313132038e-01
5.050000000000000000e+01,7.409182978373665129e-01,7.766410049557165296e-01,7.952403943404191544e-01,8.078067653144308524e-01,8.173665573801471851e-01,8.250584655984739557e-01,8.369000098348458039e-01,8.494032718730518683e-01,8.582932969107102128e-01,8.650078552097048012e-01,8.702901568694059176e-01,8.781227945160904325e-01,8.852198746678356933e-01,8.911899239194530642e-01,8.973485374205406595e-01
5.075000000000000000e+01,7.410377968887824629e-01,7.766368259779066197e-01,7.952423215182338190e-01,8.078063666842755230e-01,8.173665421239161288e-01,8.250584726424375903e-01,8.369000093531193674e-01,8.494032706607648198e-01,8.582932947559525072e-01,8.650078520378767788e-01,8.702901527209756516e-01,8.781227889529125141e-01,8.852198675483849977e-01,8.911899146157430396e-01,8.973485263842870818e-01
5.100000000000000000e+01,7.411492517243409850e-01,7.766338920439956883e-01,7.952439973367121384e-01,8.078059840593289076e-01,8.173665329947067404e-01,8.250584794388294840e-01,8.369000088493945277e-01,8.494032694309485709e-01,8.582932926081425773e-01,8.650078489550202532e-01,8.702901487502309186e-01,8.781227832677545031e-01,8.852198602487215684e-01,8.911899066096140576e-01,8.973485176057439672e-01
5.125000000000000000e+01,7.412529204930793369e-01,7.766321134285203431e-01,7.952454341390898795e-01,8.078056195468464873e-01,8.173665292776168823e-01,8.250584859083008871e-01,8.369000083489142039e-01,8.494032682407621770e-01,8.582932904978747279e-01,8.650078458557663996e-01,8.702901447310540384e-01,8.781227776748372627e-01,8.852198530573455182e-01,8.911898981071640913e-01,8.973485079449667889e-01
5.150000000000000000e+01,7.413490638441943004e-01,7.766314019102943389e-01,7.952466448897934637e-01,8.078052748168472741e-01,8.173665302711645708e-01,8.250584919997708822e-01,8.369000078327593073e-01,8.494032670351928660e-01,8.582932883882679054e-01,8.650078428113797679e-01,8.702901407430693181e-01,8.781227721047873969e-01,8.852198459518267892e-01,8.911898892727744270e-01,8.973484969897381758e-01
5.175000000000000000e+01,7.414379441191935038e-01,7.766316711114491511e-01,7.952476430128698759e-01,8.078049511275873229e-01,8.173665353190193716e-01,8.250584976689656624e-01,8.369000073179815313e-01,8.494032658456791562e-01,8.582932862797205686e-01,8.650078397204186142e-01,8.702901368045251607e-01,8.781227666627584583e-01,8.852198389558729730e-01,8.911898813846561573e-01,8.973484887645710728e-01
5.200000000000000000e+01,7.415198245940798349e-01,7.766328367990829040e-01,7.952484422365497796e-01,8.078046493699103658e-01,8.173665437924281241e-01,8.250585028940872201e-01,8.369000067906310347e-01,8.494032646491759264e-01,8.582932842067546586e-01,8.650078367590179340e-01,8.702901329141390363e-01,8.781227612492431556e-01,8.852198320667992171e-01,8.911898731495411230e-01,8.973484794367031503e-01
5.225000000000000000e+01,7.415949687694052272e-01,7.766348171477934770e-01,7.952490564582621602e-01,8.078043700951729189e-01,8.173665551147509811e-01,8.250585076519579841e-01,8.369000062770683979e-01,8.494032634810619875e-01,8.582932821413034041e-01,8.650078337554752972e-01,8.702901290556150915e-01,8.781227557125033112e-01,8.852198249844025479e-01,8.911898647582011668e-01,8.973484692427921017e-01
5.250000000000000000e+01,7.416636397066664887e-01,7.766375329689346740e-01,7.952494996159854557e-01,8.078041135566913500e-01,8.173665687382420941e-01,8.250585119400988265e-01,8.369000057540656456e-01,8.494032623047624853e-01,8.582932800955020980e-01,8.650078307911522879e-01,8.702901251477416222e-01,8.781227505335162942e-01,8.852198183931797582e-01,8.911898569868049735e-01,8.973484608581809852e-01
5.275000000000000000e+01,7.417260994087703230e-01,7.766409079042364549e-01,7.952497855775211288e-01,8.078038797345247213e-01,8.173665841704478296e-01,8.250585157576948436e-01,8.369000052401335266e-01,8.494032611374302544e-01,8.582932780317872323e-01,8.650078278301476242e-01,8.702901214085004833e-01,8.781227452277845513e-01,8.852198116732108435e-01,8.911898490070659928e-01,8.973484518471532834e-01
5.300000000000000000e+01,7.417826082430148960e-01,7.766448685895518400e-01,7.952499280358055200e-01,8.078036683756467662e-01,8.173666009540913047e-01,8.250585191193312573e-01,8.369000047190655600e-01,8.494032599728400523e-01,8.582932760303363384e-01,8.650078249321953017e-01,8.702901176112122217e-01,8.781227399895198404e-01,8.852198047528472280e-01,8.911898410342845578e-01,8.973484423924112940e-01
5.325000000000000000e+01,7.418334244048157000e-01,7.766493447865266964e-01,7.952499404220543244e-01,8.078034790188599601e-01,8.173666186872626804e-01,8.250585220339270442e-01,8.369000042159152608e-01,8.494032588262558914e-01,8.582932740083710765e-01,8.650078220338006663e-01,8.702901138897016775e-01,8.781227347986263476e-01,8.852197984103012951e-01,8.911898333782797277e-01,8.973484338399247973e-01
5.350000000000000000e+01,7.418788034210407334e-01,7.766542694886947595e-01,7.952498358250593702e-01,8.078033110302810238e-01,8.173666369986909430e-01,8.250585245248819311e-01,8.369000037074627585e-01,8.494032576781258559e-01,8.582932720237598234e-01,8.650078191328373078e-01,8.702901101412245932e-01,8.781227296988869391e-01,8.852197918544657540e-01,8.911898256426860065e-01,8.973484251307038972e-01
5.375000000000000000e+01,7.419189976907136774e-01,7.766595789996493249e-01,7.952496269253577221e-01,8.078031636234511703e-01,8.173666555703577030e-01,8.250585266132749451e-01,8.369000032094192632e-01,8.494032565323818007e-01,8.582932700122608560e-01,8.650078162955499028e-01,8.702901065089577726e-01,8.781227246413443321e-01,8.852197853305545650e-01,8.911898180655085655e-01,8.973484163948435288e-01
5.400000000000000000e+01,7.419542560623387795e-01,7.766652129881506106e-01,7.952493259346292698e-01,8.078030358922634324e-01,8.173666741162738392e-01,8.250585283301511419e-01,8.369000027083218773e-01,8.494032553984748324e-01,8.582932680704464801e-01,8.650078134589040957e-01,8.702901028597002098e-01,8.781227194497860378e-01,8.852197789860515309e-01,8.911898105234949963e-01,8.973484079283844395e-01
5.425000000000000000e+01,7.419848234463288783e-01,7.766711145193845311e-01,7.952489445497081810e-01,8.078029268299132815e-01,8.173666924001070644e-01,8.250585296980649241e-01,8.369000022242530923e-01,8.494032542728691126e-01,8.582932661052714574e-01,8.650078106609467854e-01,8.702900992099781297e-01,8.781227146192592814e-01,8.852197726338530970e-01,8.911898030895644141e-01,8.973483992444301061e-01
5.450000000000000000e+01,7.420109404605508274e-01,7.766772300673088214e-01,7.952484939114833340e-01,8.078028353566517605e-01,8.173667102098626236e-01,8.250585307494613385e-01,8.369000017372560940e-01,8.494032531519577489e-01,8.582932641648052252e-01,8.650078078211622667e-01,8.702900956463808235e-01,8.781227096581138980e-01,8.852197664376543207e-01,8.911897958183724322e-01,8.973483912089434966e-01
5.475000000000000000e+01,7.420328431086810062e-01,7.766835095062272210e-01,7.952479845756694754e-01,8.078027603334551054e-01,8.173667273784006593e-01,8.250585315121902186e-01,8.369000012596613525e-01,8.494032520272672970e-01,8.582932622211433271e-01,8.650078051017346947e-01,8.702900920833217535e-01,8.781227047426359844e-01,8.852197601001254856e-01,8.911897883889191574e-01,8.973483830182478194e-01
5.500000000000000000e+01,7.420507624894534526e-01,7.766899060869135729e-01,7.952474264871162157e-01,8.078027005866832422e-01,8.173667437622240683e-01,8.250585320201779815e-01,8.369000007810035724e-01,8.494032509228767180e-01,8.582932603190726040e-01,8.650078023396390314e-01,8.702900885751779780e-01,8.781226998960462993e-01,8.852197541089145139e-01,8.911897813201967722e-01,8.973483741478770481e-01
5.525000000000000000e+01,7.420649245356785162e-01,7.766963763949137345e-01,7.952468289655444389e-01,8.078026549204977425e-01,8.173667592573726770e-01,8.250585322976763392e-01,8.369000003169088098e-01,8.494032498177499502e-01,8.582932584114810748e-01,8.650077996223406451e-01,8.702900850035346636e-01,8.781226951080766119e-01,8.852197480556847076e-01,8.911897742613449358e-01,8.973483667959532006e-01
5.550000000000000000e+01,7.420755497819652158e-01,7.767028802969754286e-01,7.952462006947618178e-01,8.078026221363663328e-01,8.173667737749666928e-01,8.250585323757619882e-01,8.368999998507912208e-01,8.494032487231142348e-01,8.582932565107620482e-01,8.650077968928625571e-01,8.702900816068444012e-01,8.781226903743341028e-01,8.852197417550504710e-01,8.911897669429510449e-01,8.973483588684482148e-01
5.575000000000000000e+01,7.420828531598807620e-01,7.767093808731591054e-01,7.952455497201355028e-01,8.078026010406266222e-01,8.173667872601885209e-01,8.250585322800118027e-01,8.368999993920107627e-01,8.494032476189764536e-01,8.582932546320142242e-01,8.650077942345951731e-01,8.702900781508102757e-01,8.781226855197690195e-01,8.852197360809176407e-01,8.911897602199172486e-01,8.973483498028885785e-01
5.600000000000000000e+01,7.420870438192419538e-01,7.767158443390458356e-01,7.952448834487344520e-01,8.078025904610500740e-01,8.173667996720235251e-01,8.250585320397630928e-01,8.368999989331632472e-01,8.494032465430174650e-01,8.582932527685531721e-01,8.650077915659812877e-01,8.702900747367967593e-01,8.781226809837718861e-01,8.852197301669202378e-01,8.911897533646030434e-01,8.973483431192985638e-01
5.625000000000000000e+01,7.420883249746209609e-01,7.767222399567454971e-01,7.952442086570823410e-01,8.078025892533885477e-01,8.173668109982826779e-01,8.250585316745137066e-01,8.368999984859366581e-01,8.494032454578989144e-01,8.582932509162638501e-01,8.650077889042058210e-01,8.702900713369521313e-01,8.781226763364259336e-01,8.852197242210689820e-01,8.911897461557459765e-01,8.973483354431350811e-01
5.650000000000000000e+01,7.420868937760699557e-01,7.767285399391585798e-01,7.952435315012966743e-01,8.078025963136553633e-01,8.173668212323867976e-01,8.250585312089464551e-01,8.368999980370077640e-01,8.494032443886633255e-01,8.582932490541484993e-01,8.650077862852507682e-01,8.702900680024682201e-01,8.781226717154844152e-01,8.852197185328105622e-01,8.911897397600937465e-01,8.973483268689701475e-01
5.675000000000000000e+01,7.420829412023245419e-01,7.767347193451901166e-01,7.952428575324803628e-01,8.078026105802762480e-01,8.173668303915820887e-01,8.250585306622822968e-01,8.368999975931542545e-01,8.494032433045901609e-01,8.582932472375643940e-01,8.650077836807723575e-01,8.702900646769015092e-01,8.781226671824033936e-01,8.852197127543535160e-01,8.911897331000123712e-01,8.973483201444768520e-01
5.700000000000000000e+01,7.420766519761239355e-01,7.767407559706679399e-01,7.952421917134517848e-01,8.078026310440957758e-01,8.173668384979210222e-01,8.250585300562196522e-01,8.368999971499205826e-01,8.494032422560511275e-01,8.582932454116012355e-01,8.650077811016054774e-01,8.702900613248932826e-01,8.781226626791341916e-01,8.852197071419325436e-01,8.911897259991500286e-01,8.973483127084891375e-01
5.725000000000000000e+01,7.420682045001849581e-01,7.767466302322953986e-01,7.952415384400837173e-01,8.078026567501085387e-01,8.173668455929816723e-01,8.250585294033284667e-01,8.368999967154383546e-01,8.494032411926220050e-01,8.582932436124497411e-01,8.650077784935117364e-01,8.702900580888435211e-01,8.781226582406941317e-01,8.852197014481649751e-01,8.911897199136921133e-01,8.973483047329036122e-01
5.750000000000000000e+01,7.420577708126743222e-01,7.767523250495604881e-01,7.952409015641530576e-01,8.078026868040814046e-01,8.173668517160601610e-01,8.250585287204569296e-01,8.368999962795528047e-01,8.494032401458038173e-01,8.582932417877882081e-01,8.650077759800397503e-01,8.702900548142026294e-01,8.781226536958164353e-01,8.852196959781328811e-01,8.911897134409647592e-01,8.973482978388384046e-01
5.775000000000000000e+01,7.420455165616079984e-01,7.767578257221458005e-01,7.952402844186572395e-01,8.078027203706729109e-01,8.173668569219507685e-01,8.250585280197372251e-01,8.368999958466880607e-01,8.494032390884288519e-01,8.582932400307837773e-01,8.650077734324672640e-01,8.702900516132503483e-01,8.781226494266248794e-01,8.852196905027194251e-01,8.911897065516506400e-01,8.973482906325985775e-01
5.800000000000000000e+01,7.420316009965863824e-01,7.767631198063571496e-01,7.952396898436235873e-01,8.078027566784636848e-01,8.173668612634115149e-01,8.250585273150902177e-01,8.368999954152307463e-01,8.494032380592138054e-01,8.582932382484982359e-01,8.650077709340345811e-01,8.702900483663035258e-01,8.781226450657910743e-01,8.852196848111909544e-01,8.911897006551162681e-01,8.973482832419366062e-01
5.825000000000000000e+01,7.420161769771431715e-01,7.767681969891998550e-01,7.952391202140017823e-01,8.078027950183807038e-01,8.173668648055996133e-01,8.250585266125018968e-01,8.368999949899893487e-01,8.494032370201388682e-01,8.582932364931701308e-01,8.650077684108158360e-01,8.702900452411248544e-01,8.781226407143158941e-01,8.852196796458557948e-01,8.911896943622604761e-01,8.973482762261537626e-01
5.850000000000000000e+01,7.419993909968635171e-01,7.767730489627860946e-01,7.952385774684452846e-01,8.078028347461538861e-01,8.173668676057983529e-01,8.250585259217204648e-01,8.368999945638072591e-01,8.494032359918232133e-01,8.582932347269304207e-01,8.650077659651387307e-01,8.702900420846925167e-01,8.781226364673845319e-01,8.852196742891143000e-01,8.911896877990268528e-01,8.973482691849533621e-01
5.875000000000000000e+01,7.419813832219003258e-01,7.767776692984988962e-01,7.952380631383277887e-01,8.078028752781348798e-01,8.173668697309380837e-01,8.250585252489088806e-01,8.368999941389442254e-01,8.494032349610358690e-01,8.582932330049892755e-01,8.650077635010314792e-01,8.702900389422318916e-01,8.781226322247999150e-01,8.852196688470591601e-01,8.911896819601383690e-01,8.973482623670449021e-01
5.900000000000000000e+01,7.419622875430984532e-01,7.767820533222012935e-01,7.952375783767697826e-01,8.078029160925871421e-01,8.173668712413377779e-01,8.250585246015549323e-01,8.368999937164406377e-01,8.494032339498652773e-01,8.582932312728316360e-01,8.650077610514586013e-01,8.702900358479641607e-01,8.781226280563602105e-01,8.852196637281686264e-01,8.911896758400982277e-01,8.973482555622863677e-01
5.925000000000000000e+01,7.419422316412623841e-01,7.767861979904715497e-01,7.952371239877997766e-01,8.078029567264881639e-01,8.173668722050287938e-01,8.250585239805959814e-01,8.368999932980175638e-01,8.494032329343426113e-01,8.582932295518732602e-01,8.650077586273756669e-01,8.702900327767332245e-01,8.781226237944332880e-01,8.852196584872695784e-01,8.911896695862511208e-01,8.973482483372853258e-01
5.950000000000000000e+01,7.419213370634624161e-01,7.767901017690490573e-01,7.952367004559420804e-01,8.078029967752283769e-01,8.173668726788568817e-01,8.250585233904893512e-01,8.368999928793522392e-01,8.494032319241215934e-01,8.582932278423126560e-01,8.650077562290788835e-01,8.702900297358608928e-01,8.781226197697682423e-01,8.852196533457695748e-01,8.911896638058405262e-01,8.973482420806465631e-01
5.975000000000000000e+01,7.418997193110239419e-01,7.767937645136956393e-01,7.952363079745826679e-01,8.078030358872059224e-01,8.173668727257253908e-01,8.250585228331075438e-01,8.368999924606351781e-01,8.494032309189818442e-01,8.582932261538105401e-01,8.650077538449697512e-01,8.702900266471635948e-01,8.781226156711767761e-01,8.852196482116942988e-01,8.911896578518666567e-01,8.973482354781775472e-01
6.000000000000000000e+01,7.418774879368892350e-01,7.767971873538523919e-01,7.952359464740016426e-01,8.078030737631651803e-01,8.173668723994399476e-01,8.250585223115001199e-01,8.368999920453950025e-01,8.494032299254493656e-01,8.582932244698801005e-01,8.650077514426780523e-01,8.702900236987837213e-01,8.781226115668053778e-01,8.852196431970914547e-01,8.911896518917393761e-01,8.973482280622581131e-01
6.025000000000000000e+01,7.418547466526980161e-01,7.768003725791167158e-01,7.952356156481042992e-01,8.078031101520845025e-01,8.173668717589144261e-01,8.250585218233568163e-01,8.368999916324655342e-01,8.494032289327173579e-01,8.582932227823262261e-01,8.650077491133951746e-01,8.702900206992955079e-01,8.781226075817264443e-01,8.852196382253549878e-01,8.911896461704242878e-01,8.973482223569114735e-01
6.050000000000000000e+01,7.418315934437229586e-01,7.768033235296646355e-01,7.952353149816926425e-01,8.078031448496205691e-01,8.173668708504727709e-01,8.250585213696913778e-01,8.368999912201146030e-01,8.494032279401776409e-01,8.582932211271554479e-01,8.650077467609349480e-01,8.702900177492088885e-01,8.781226035783280537e-01,8.852196330835576665e-01,8.911896403761869756e-01,8.973482159481797060e-01
6.075000000000000000e+01,7.418081206916032899e-01,7.768060444902804562e-01,7.952350437750247414e-01,8.078031776924666785e-01,8.173668697246354586e-01,8.250585209499525785e-01,8.368999908066149240e-01,8.494032269597999729e-01,8.582932194711452301e-01,8.650077444535498872e-01,8.702900147877290493e-01,8.781225996573309711e-01,8.852196283442637093e-01,8.911896346949970127e-01,8.973482086306446837e-01
6.100000000000000000e+01,7.417844153038817279e-01,7.768085405883831118e-01,7.952348011685109741e-01,8.078032085564983422e-01,8.173668684220735114e-01,8.250585205644689335e-01,8.368999903977959454e-01,8.494032259834940479e-01,8.582932178336385443e-01,8.650077421147878143e-01,8.702900119033590842e-01,8.781225956545946065e-01,8.852196234741458447e-01,8.911896290333451986e-01,8.973482031710411366e-01
6.125000000000000000e+01,7.417605588492999225e-01,7.768108176961802114e-01,7.952345861648207892e-01,8.078032373530674715e-01,8.173668669874506465e-01,8.250585202093584369e-01,8.368999899897686667e-01,8.494032250128495942e-01,8.582932161785590264e-01,8.650077398584465893e-01,8.702900090112398734e-01,8.781225918545522147e-01,8.852196184736159656e-01,8.911896234452264531e-01,8.973481969480910925e-01
6.150000000000000000e+01,7.417366276986262497e-01,7.768128823371840408e-01,7.952343976517517454e-01,8.078032640265974118e-01,8.173668654527407318e-01,8.250585198837924183e-01,8.368999895832360814e-01,8.494032240375685161e-01,8.582932145755888254e-01,8.650077375771095811e-01,8.702900061096942030e-01,8.781225879965136594e-01,8.852196138514715207e-01,8.911896179765896875e-01,8.973481901234282576e-01
6.175000000000000000e+01,7.417126931699852266e-01,7.768147415973982728e-01,7.952342344217946390e-01,8.078032885496736482e-01,8.173668638535613873e-01,8.250585195862312204e-01,8.368999891746407016e-01,8.494032230811117135e-01,8.582932129527629517e-01,8.650077353165809280e-01,8.702900032846029310e-01,8.781225841192237258e-01,8.852196090808106543e-01,8.911896123749435406e-01,8.973481844995517820e-01
6.200000000000000000e+01,7.416888216780153087e-01,7.768164030408332144e-01,7.952340951920015000e-01,8.078033109206961271e-01,8.173668622159923070e-01,8.250585193156384500e-01,8.368999887719389408e-01,8.494032221216286649e-01,8.582932113583668920e-01,8.650077330671173126e-01,8.702900004471186834e-01,8.781225803743128999e-01,8.852196043526161517e-01,8.911896070464566666e-01,8.973481784547786555e-01
6.225000000000000000e+01,7.416650748864864751e-01,7.768178746296885429e-01,7.952339786205229188e-01,8.078033311609574829e-01,8.173668605699536682e-01,8.250585190678113578e-01,8.368999883686871755e-01,8.494032211723634429e-01,8.582932097471988042e-01,8.650077308526429309e-01,8.702899976578856167e-01,8.781225765908889924e-01,8.852195997077773049e-01,8.911896017179647966e-01,8.973481721138175660e-01
6.250000000000000000e+01,7.416415098633575287e-01,7.768191646492139668e-01,7.952338833244608773e-01,8.078033493121525854e-01,8.173668589334359691e-01,8.250585188411709847e-01,8.368999879678690190e-01,8.494032202139358834e-01,8.582932081820383585e-01,8.650077286431284707e-01,8.702899948209218417e-01,8.781225728971686628e-01,8.852195950932872925e-01,8.911895961766556074e-01,8.973481663202222958e-01
6.275000000000000000e+01,7.416181792382189331e-01,7.768202816371058139e-01,7.952338078938968602e-01,8.078033654324052737e-01,8.173668573282453220e-01,8.250585186341602428e-01,8.368999875641501829e-01,8.494032192805938131e-01,8.582932066030976026e-01,8.650077264243892783e-01,8.702899921085622825e-01,8.781225691323466531e-01,8.852195905629893780e-01,8.911895910950117239e-01,8.973481604464379480e-01
6.300000000000000000e+01,7.415951313608702966e-01,7.768212343178421131e-01,7.952337509065811050e-01,8.078033795940271489e-01,8.173668557675064505e-01,8.250585184453184118e-01,8.368999871675422142e-01,8.494032183375516132e-01,8.582932050386046230e-01,8.650077242604546912e-01,8.702899893548831090e-01,8.781225655390703100e-01,8.852195859026287250e-01,8.911895859016460975e-01,8.973481545808099646e-01
6.325000000000000000e+01,7.415724104613555800e-01,7.768220315411072940e-01,7.952337109389735481e-01,8.078033918815230585e-01,8.173668542686027827e-01,8.250585182708142229e-01,8.368999867691377936e-01,8.494032174090111464e-01,8.582932034771916241e-01,8.650077220865535210e-01,8.702899866256653683e-01,8.781225619021924000e-01,8.852195815381066479e-01,8.911895804208368466e-01,8.973481488530646866e-01
6.350000000000000000e+01,7.415500568100981127e-01,7.768226822249980623e-01,7.952336865791036491e-01,8.078034023893662097e-01,8.173668528381040632e-01,8.250585181090283049e-01,8.368999863740531620e-01,8.494032164687690400e-01,8.582932019411290137e-01,8.650077199460075583e-01,8.702899839163896756e-01,8.781225582340874691e-01,8.852195770951439835e-01,8.911895755739729363e-01,8.973481429021623601e-01
6.375000000000000000e+01,7.415281068784692620e-01,7.768231953036752735e-01,7.952336764352385678e-01,8.078034112191823102e-01,8.173668514869039115e-01,8.250585179589471352e-01,8.368999859753586401e-01,8.494032155560201636e-01,8.582932004044898644e-01,8.650077177728258127e-01,8.702899812464643947e-01,8.781225547098748807e-01,8.852195724836261492e-01,8.911895705108525689e-01,8.973481375044084496e-01
6.400000000000000000e+01,7.415065934984631513e-01,7.768235796793127035e-01,7.952336791459896359e-01,8.078034184776474724e-01,8.173668502183449869e-01,8.250585178191599534e-01,8.368999855848811009e-01,8.494032146324267396e-01,8.582931988690635228e-01,8.650077156858095861e-01,8.702899785886212269e-01,8.781225511296916197e-01,8.852195682970950275e-01,8.911895650906218602e-01,8.973481319349180252e-01
6.425000000000000000e+01,7.414855460221133621e-01,7.768238441782847614e-01,7.952336933861299251e-01,8.078034242756492178e-01,8.173668490405346931e-01,8.250585176865666837e-01,8.368999851914594723e-01,8.494032137205930200e-01,8.582931973555074645e-01,8.650077135683791330e-01,8.702899759016961001e-01,8.781225476446520295e-01,8.852195639398383609e-01,8.911895604671881133e-01,8.973481258021152041e-01
6.450000000000000000e+01,7.414649904793725321e-01,7.768239975109538786e-01,7.952337178752826308e-01,8.078034287263562430e-01,8.173668479520156405e-01,8.250585175598289522e-01,8.368999848021718702e-01,8.494032128027668715e-01,8.582931958477648671e-01,8.650077114769463282e-01,8.702899733148161676e-01,8.781225440987110442e-01,8.852195595762631930e-01,8.911895555297287830e-01,8.973481208656119978e-01
6.475000000000000000e+01,7.414449497344463014e-01,7.768240482365079691e-01,7.952337513818393822e-01,8.078034319435634103e-01,8.173668469562049843e-01,8.250585174386632081e-01,8.368999844085855955e-01,8.494032119052763452e-01,8.582931943519065410e-01,8.650077093844591447e-01,8.702899706901591204e-01,8.781225406961874480e-01,8.852195553612417500e-01,8.911895502522474422e-01,8.973481154482106925e-01
6.500000000000000000e+01,7.414254436405021131e-01,7.768240047304185714e-01,7.952337927291937003e-01,8.078034340397515223e-01,8.173668460500271848e-01,8.250585173218752955e-01,8.368999840242657973e-01,8.494032110015591330e-01,8.582931928447498082e-01,8.650077073345739942e-01,8.702899681199233184e-01,8.781225372630292458e-01,8.852195511000432449e-01,8.911895457592957648e-01,8.973481091273431964e-01
6.525000000000000000e+01,7.414064891919204259e-01,7.768238751563305566e-01,7.952338407974157697e-01,8.078034351264369306e-01,8.173668452356888103e-01,8.250585172072479878e-01,8.368999836359118927e-01,8.494032101050209560e-01,8.582931913772158250e-01,8.650077052818745393e-01,8.702899655195678319e-01,8.781225337879532411e-01,8.852195469585000254e-01,8.911895409430705683e-01,8.973481046463123167e-01
6.550000000000000000e+01,7.413881006742194524e-01,7.768236674409600973e-01,7.952338945283642380e-01,8.078034353123335620e-01,8.173668445069842692e-01,8.250585170937518864e-01,8.368999832524709470e-01,8.494032092088507069e-01,8.582931898970204143e-01,8.650077032275074185e-01,8.702899630042841839e-01,8.781225304670183807e-01,8.852195427218400026e-01,8.911895359030146402e-01,8.973480993751128398e-01
6.575000000000000000e+01,7.413702898113532225e-01,7.768233892528160212e-01,7.952339529260489259e-01,8.078034347029189322e-01,8.173668438629645427e-01,8.250585169818370757e-01,8.368999828640455441e-01,8.494032083262957888e-01,8.582931884404989553e-01,8.650077012124763876e-01,8.702899604690703672e-01,8.781225270852123233e-01,8.852195386886555495e-01,8.911895314357209941e-01,8.973480934632853678e-01
6.600000000000000000e+01,7.413530659098485076e-01,7.768230479835332991e-01,7.952340150598447011e-01,8.078034333984958071e-01,8.173668432971380460e-01,8.250585168705621975e-01,8.368999824858608383e-01,8.494032074418517153e-01,8.582931869655228141e-01,8.650076991985808927e-01,8.702899579371616845e-01,8.781225237819181295e-01,8.852195346224565053e-01,8.911895267365149698e-01,8.973480888291829327e-01
6.625000000000000000e+01,7.413364359999278230e-01,7.768226507328492847e-01,7.952340800628642237e-01,8.078034314955443440e-01,8.173668428086471316e-01,8.250585167584456592e-01,8.368999821026078534e-01,8.494032065602477033e-01,8.582931855376179087e-01,8.650076972081413018e-01,8.702899554516769776e-01,8.781225204377276494e-01,8.852195303704120111e-01,8.911895219226043663e-01,8.973480836986201803e-01
6.650000000000000000e+01,7.413204049734498646e-01,7.768222042955073015e-01,7.952341471347775803e-01,8.078034290850923949e-01,8.173668423891367052e-01,8.250585166447791385e-01,8.368999817249718198e-01,8.494032056850404633e-01,8.582931840931875556e-01,8.650076951896965571e-01,8.702899529734742234e-01,8.781225172114736077e-01,8.852195265525980572e-01,8.911895174824332466e-01,8.973480781921745475e-01
6.675000000000000000e+01,7.413049757180366628e-01,7.768217151518447272e-01,7.952342155392529977e-01,8.078034262530535692e-01,8.173668420357665942e-01,8.250585165305900359e-01,8.368999813421560408e-01,8.494032048170784277e-01,8.582931826656443608e-01,8.650076932490163850e-01,8.702899505241651346e-01,8.781225139663821899e-01,8.852195225605199447e-01,8.911895128962820101e-01,8.973480733977663437e-01
6.700000000000000000e+01,7.412901492477991239e-01,7.768211894600098866e-01,7.952342846052441461e-01,8.078034230784302272e-01,8.173668417408517239e-01,8.250585164151291728e-01,8.368999809695976122e-01,8.494032039513376153e-01,8.582931812346220601e-01,8.650076912791198058e-01,8.702899480291962364e-01,8.781225106697962968e-01,8.852195185201027217e-01,8.911895082978559257e-01,8.973480684024941478e-01
6.725000000000000000e+01,7.412759248302824844e-01,7.768206330512644753e-01,7.952343537233040882e-01,8.078034196354463292e-01,8.173668415025691081e-01,8.250585162974880538e-01,8.368999805921114588e-01,8.494032030843217118e-01,8.582931798321619121e-01,8.650076893394811339e-01,8.702899456540476031e-01,8.781225075364242905e-01,8.852195146844272777e-01,8.911895038862276408e-01,8.973480632958605874e-01
6.750000000000000000e+01,7.412623001095227648e-01,7.768200514262409984e-01,7.952344223463592154e-01,8.078034159917317769e-01,8.173668413122393561e-01,8.250585161771253340e-01,8.368999802195088433e-01,8.494032022294087936e-01,8.582931784250278362e-01,8.650076873886338724e-01,8.702899432333899288e-01,8.781225043378849682e-01,8.852195107652027772e-01,8.911894994092404154e-01,8.973480584196645848e-01
6.775000000000000000e+01,7.412492712250299265e-01,7.768194497547742383e-01,7.952344899859183913e-01,8.078034122097405012e-01,8.173668411667746048e-01,8.250585160555699016e-01,8.368999798429344050e-01,8.494032013756910304e-01,8.582931770229026425e-01,8.650076854866011189e-01,8.702899408448774299e-01,8.781225012027786825e-01,8.852195069390176307e-01,8.911894950162578821e-01,8.973480534712457990e-01
6.800000000000000000e+01,7.412368329271878942e-01,7.768188328761325145e-01,7.952345562117667521e-01,8.078034083445627678e-01,8.173668410587970889e-01,8.250585159320579232e-01,8.368999794752102206e-01,8.494032005281029196e-01,8.582931756342122576e-01,8.650076835752444904e-01,8.702899384550019102e-01,8.781224980449157114e-01,8.852195030769418604e-01,8.911894906343443834e-01,8.973480487594764909e-01
6.825000000000000000e+01,7.412249786879665514e-01,7.768182053019112576e-01,7.952346206471145873e-01,8.078034044468094255e-01,8.173668409867431706e-01,8.250585158061853885e-01,8.368999791034860136e-01,8.494031996753459435e-01,8.582931742565313993e-01,8.650076816685712267e-01,8.702899361163818348e-01,8.781224949819173009e-01,8.852194993379824961e-01,8.911894863044004245e-01,8.973480440090770838e-01
6.850000000000000000e+01,7.412137008080745826e-01,7.768175712194902438e-01,7.952346829684604490e-01,8.078034005606848922e-01,8.173668409427485848e-01,8.250585156774187245e-01,8.368999787357463971e-01,8.494031988400843058e-01,8.582931728854090725e-01,8.650076797880720259e-01,8.702899337761008658e-01,8.781224919106944693e-01,8.852194956055811081e-01,8.911894820657885186e-01,8.973480388899871540e-01
6.875000000000000000e+01,7.412029905198032065e-01,7.768169344980259128e-01,7.952347429008154167e-01,8.078033967259728998e-01,8.173668409244362332e-01,8.250585155476484189e-01,8.368999783652669722e-01,8.494031980003082793e-01,8.582931715080377444e-01,8.650076779180922992e-01,8.702899314211174353e-01,8.781224887794939482e-01,8.852194917230712390e-01,8.911894777147103541e-01,8.973480345688201743e-01
6.900000000000000000e+01,7.411928380855569154e-01,7.768162986943796255e-01,7.952348002170297470e-01,8.078033929756108789e-01,8.173668409254890577e-01,8.250585154159980616e-01,8.368999780022939872e-01,8.494031971703279726e-01,8.582931701601229646e-01,8.650076760631129069e-01,8.702899291350386646e-01,8.781224858194955907e-01,8.852194881816219940e-01,8.911894735771846987e-01,8.973480299396374704e-01
6.925000000000000000e+01,7.411832328926661884e-01,7.768156670613560744e-01,7.952348547319914029e-01,8.078033893390652587e-01,8.173668409452506944e-01,8.250585152824274626e-01,8.368999776362037180e-01,8.494031963315242795e-01,8.582931688065824627e-01,8.650076741884111797e-01,8.702899268288928347e-01,8.781224827905851349e-01,8.852194845135165080e-01,8.911894694350426249e-01,8.973480246445433295e-01
6.950000000000000000e+01,7.411741635436902564e-01,7.768150425556342720e-01,7.952349063025643261e-01,8.078033858403094181e-01,8.173668409771718268e-01,8.250585151463255551e-01,8.368999772732590436e-01,8.494031955152712143e-01,8.582931674702262148e-01,8.650076723755633079e-01,8.702899245659230232e-01,8.781224798113971275e-01,8.852194807607779437e-01,8.911894651157659109e-01,8.973480207103193829e-01
6.975000000000000000e+01,7.411656179430244906e-01,7.768144278478648079e-01,7.952349548222394926e-01,8.078033825000525692e-01,8.173668410199407264e-01,8.250585150098248555e-01,8.368999769087130947e-01,8.494031946896198892e-01,8.582931661169471704e-01,8.650076705388999310e-01,8.702899222662766610e-01,8.781224768259501268e-01,8.852194772613406482e-01,8.911894611618147444e-01,8.973480161979372483e-01
7.000000000000000000e+01,7.411575833789764145e-01,7.768138253322335318e-01,7.952350002204335855e-01,8.078033793332616286e-01,8.173668410685831498e-01,8.250585148718724282e-01,8.368999765504242516e-01,8.494031938762405254e-01,8.582931648083569343e-01,8.650076687359922190e-01,8.702899200570556326e-01,8.781224739143157487e-01,8.852194736565909272e-01,8.911894571130518639e-01,8.973480110221945250e-01
7.025000000000000000e+01,7.411500466023769329e-01,7.768132371377278744e-01,7.952350424568339626e-01,8.078033763526754063e-01,8.173668411235741615e-01,8.250585147326893187e-01,8.368999761898404666e-01,8.494031930544635456e-01,8.582931634826163059e-01,8.650076669132944485e-01,8.702899178188715501e-01,8.781224710042129233e-01,8.852194701007216615e-01,8.911894528264345805e-01,8.973480071709383221e-01
7.050000000000000000e+01,7.411429939008442602e-01,7.768126651386447756e-01,7.952350815210956769e-01,8.078033735666552140e-01,8.173668411796695121e-01,8.250585145915192431e-01,8.368999758315767146e-01,8.494031922532507828e-01,8.582931621755852669e-01,8.650076651445534059e-01,8.702899155936949516e-01,8.781224680264394511e-01,8.852194665711464738e-01,8.911894490476992559e-01,8.973480027711943086e-01
7.075000000000000000e+01,7.411364111693324874e-01,7.768121109669064994e-01,7.952351174279470580e-01,8.078033709817760144e-01,8.173668412367359748e-01,8.250585144506610291e-01,8.368999754728362328e-01,8.494031914445143716e-01,8.582931608598531881e-01,8.650076633609870003e-01,8.702899133918167163e-01,8.781224652270098741e-01,8.852194630946246257e-01,8.911894450893343977e-01,8.973479979391810746e-01
7.100000000000000000e+01,7.411302839770921302e-01,7.768115760233730294e-01,7.952351502164346497e-01,8.078033685999062019e-01,8.173668412910191083e-01,8.250585143088688955e-01,8.368999751191282810e-01,8.494031906441562585e-01,8.582931595750663556e-01,8.650076615874919828e-01,8.702899112121226244e-01,8.781224623553548492e-01,8.852194596592077858e-01,8.911894408361730191e-01,8.973479939382511539e-01
7.125000000000000000e+01,7.411245976303663108e-01,7.768110614905443523e-01,7.952351799449282055e-01,8.078033664220879428e-01,8.173668413440320357e-01,8.250585141665190969e-01,8.368999747639115361e-01,8.494031898408394010e-01,8.582931582823735139e-01,8.650076598289276886e-01,8.702899090464197851e-01,8.781224595209445871e-01,8.852194561052049160e-01,8.911894372247148866e-01,8.973479896471059369e-01
7.150000000000000000e+01,7.411193372318133354e-01,7.768105683439964215e-01,7.952352066908013883e-01,8.078033644460400620e-01,8.173668413916910236e-01,8.250585140227151282e-01,8.368999744102613159e-01,8.494031890523286998e-01,8.582931569976708364e-01,8.650076580888026445e-01,8.702899068506583236e-01,8.781224566952953170e-01,8.852194528104442295e-01,8.911894333538932234e-01,8.973479851551383613e-01
7.175000000000000000e+01,7.411144877365893890e-01,7.768100973654477048e-01,7.952352305462013771e-01,8.078033626690717117e-01,8.173668414348094213e-01,8.250585138798710583e-01,8.368999740571397838e-01,8.494031882600553418e-01,8.582931557195664363e-01,8.650076563564247367e-01,8.702899047429267787e-01,8.781224539243253080e-01,8.852194494309373329e-01,8.911894292005556606e-01,8.973479810002532586e-01
7.200000000000000000e+01,7.411100340041739676e-01,7.768096491544611570e-01,7.952352516175940078e-01,8.078033610847494828e-01,8.173668414706740659e-01,8.250585137364890853e-01,8.368999737079472201e-01,8.494031874723987352e-01,8.582931544565632898e-01,8.650076546114799925e-01,8.702899026005066485e-01,8.781224511637042429e-01,8.852194459353331935e-01,8.911894256831427441e-01,8.973479768139074331e-01
7.225000000000000000e+01,7.411059608472785332e-01,7.768092241410433640e-01,7.952352700214213588e-01,8.078033596870104471e-01,8.173668415015110655e-01,8.250585135931316483e-01,8.368999733579792766e-01,8.494031866869828917e-01,8.582931531958120086e-01,8.650076529146384363e-01,8.702899004958588591e-01,8.781224483285889892e-01,8.852194427350950079e-01,8.911894218971800896e-01,8.973479726588242666e-01
7.250000000000000000e+01,7.411022530783774043e-01,7.768088225972564764e-01,7.952352858839973893e-01,8.078033584674340073e-01,8.173668415242013596e-01,8.250585134487335992e-01,8.368999730088508837e-01,8.494031859109177907e-01,8.582931519328743653e-01,8.650076512022913944e-01,8.702898983736537808e-01,8.781224456781013821e-01,8.852194394108382491e-01,8.911894179231555357e-01,8.973479685675301853e-01
7.275000000000000000e+01,7.410988955509505427e-01,7.768084446495220341e-01,7.952352993381772706e-01,8.078033574182549303e-01,8.173668415401653675e-01,8.250585133057786180e-01,8.368999726612350587e-01,8.494031851346002249e-01,8.582931506910773667e-01,8.650076495193040893e-01,8.702898963114354958e-01,8.781224429524743247e-01,8.852194360968167475e-01,8.911894144136974782e-01,8.973479642602572026e-01
7.300000000000000000e+01,7.410958731996204474e-01,7.768080902897305240e-01,7.952353105230184349e-01,8.078033565287607853e-01,8.173668415474513171e-01,8.250585131625594038e-01,8.368999723164566307e-01,8.494031843593905506e-01,8.582931494493042379e-01,8.650076478129323787e-01,8.702898942370567159e-01,8.781224402527554318e-01,8.852194328635707432e-01,8.911894107099858076e-01,8.973479604393662656e-01
7.325000000000000000e+01,7.410931710762492797e-01,7.768077593873194964e-01,7.952353195804234831e-01,8.078033557895971661e-01,8.173668415487528316e-01,8.250585130197889416e-01,8.368999719716079255e-01,8.494031835913311568e-01,8.582931482194632311e-01,8.650076461647089321e-01,8.702898921591903925e-01,8.781224375754244083e-01,8.852194296219761949e-01,8.911894069073255098e-01,8.973479564459824198e-01
7.350000000000000000e+01,7.410907743835402073e-01,7.768074516994587508e-01,7.952353266551814848e-01,8.078033551896895981e-01,8.173668415415890065e-01,8.250585128761932507e-01,8.368999716269410749e-01,8.494031828274379858e-01,8.582931469777016487e-01,8.650076444970361544e-01,8.702898901258462327e-01,8.781224349353714542e-01,8.852194264517733169e-01,8.911894034075332760e-01,8.973479519752991518e-01
7.375000000000000000e+01,7.410886685058324375e-01,7.768071668824522158e-01,7.952353318924949566e-01,8.078033547194274355e-01,8.173668415277728361e-01,8.250585127343855740e-01,8.368999712846840744e-01,8.494031820666448906e-01,8.582931457709755962e-01,8.650076428440066634e-01,8.702898880895746370e-01,8.781224323136885834e-01,8.852194231909925604e-01,8.911893997835295123e-01,8.973479484864138600e-01
7.400000000000000000e+01,7.410868390371477821e-01,7.768069045015028040e-01,7.952353354379068096e-01,8.078033543668606820e-01,8.173668415057889769e-01,8.250585125924440044e-01,8.368999709442455082e-01,8.494031813036028167e-01,8.582931445504009549e-01,8.650076411962374090e-01,8.702898860808045978e-01,8.781224296140072161e-01,8.852194201173241295e-01,8.911893961446482049e-01,8.973479445875769400e-01
7.425000000000000000e+01,7.410852718066873734e-01,7.768066640412299995e-01,7.952353374347533865e-01,8.078033541220774882e-01,8.173668414785365544e-01,8.250585124512136437e-01,8.368999706044167874e-01,8.494031805523688528e-01,8.582931433499547680e-01,8.650076395736286949e-01,8.702898840340462794e-01,8.781224270992744607e-01,8.852194169958519376e-01,8.911893926560755519e-01,8.973479400139618978e-01
7.450000000000000000e+01,7.410839529020166738e-01,7.768064449145534178e-01,7.952353380244789882e-01,8.078033539738048718e-01,8.173668414439755336e-01,8.250585123092553097e-01,8.368999702640953497e-01,8.494031798003756073e-01,8.582931421366086777e-01,8.650076379525852843e-01,8.702898820811271197e-01,8.781224245094655378e-01,8.852194137309331579e-01,8.911893891093759512e-01,8.973479367900898396e-01
7.475000000000000000e+01,7.410828686898088824e-01,7.768062464722695903e-01,7.952353373448186602e-01,8.078033539128554041e-01,8.173668414040013985e-01,8.250585121693059243e-01,8.368999699270832648e-01,8.494031790546876515e-01,8.582931409559643177e-01,8.650076363251031353e-01,8.702898800925854550e-01,8.781224219352482541e-01,8.852194107979772797e-01,8.911893856270836078e-01,8.973479329825571060e-01
7.500000000000000000e+01,7.410820058342607597e-01,7.768060680114307059e-01,7.952353355300807447e-01,8.078033539279719788e-01,8.173668413573812463e-01,8.250585120291935581e-01,8.368999695909411507e-01,8.494031783035312921e-01,8.582931397648242422e-01,8.650076347338457872e-01,8.702898781244312598e-01,8.781224193958028224e-01,8.852194077247907966e-01,8.911893821511357450e-01,8.973479287033827578e-01
7.525000000000000000e+01,7.410813513136882413e-01,7.768059087837245746e-01,7.952353327092638313e-01,8.078033540104249122e-01,8.173668413070508398e-01,8.250585118899559367e-01,8.368999692560082915e-01,8.494031775686253782e-01,8.582931385840669725e-01,8.650076331361199466e-01,8.702898761616304490e-01,8.781224168777673755e-01,8.852194046279420192e-01,8.911893787129845368e-01,8.973479253407660172e-01
7.550000000000000000e+01,7.410808924347402904e-01,7.768057680030557854e-01,7.952353290065128366e-01,8.078033541502159798e-01,8.173668412511382320e-01,8.250585117500237597e-01,8.368999689199759784e-01,8.494031768282868100e-01,8.582931374043222261e-01,8.650076315601118448e-01,8.702898742323746939e-01,8.781224143854442499e-01,8.852194016597626502e-01,8.911893753469308788e-01,8.973479216216462273e-01
7.575000000000000000e+01,7.410806168448831333e-01,7.768056448529613300e-01,7.952353245400790582e-01,8.078033543399110172e-01,8.173668411915080423e-01,8.250585116121772478e-01,8.368999685881012285e-01,8.494031760972472478e-01,8.582931362429282451e-01,8.650076299595876872e-01,8.702898723055477737e-01,8.781224118230073206e-01,8.852193986343779297e-01,8.911893718849360768e-01,8.973479176343184260e-01
7.600000000000000000e+01,7.410805125430167672e-01,7.768055384933308938e-01,7.952353194226035038e-01,8.078033545700327167e-01,8.173668411270753609e-01,8.250585114741167958e-01,8.368999682561458764e-01,8.494031753576745114e-01,8.582931350802521786e-01,8.650076284207018906e-01,8.702898703609542874e-01,8.781224094236017574e-01,8.852193956967955302e-01,8.911893685942035015e-01,8.973479141289646410e-01
7.625000000000000000e+01,7.410805678884890835e-01,7.768054480670257833e-01,7.952353137599886823e-01,8.078033548338723335e-01,8.173668410606435009e-01,8.250585113369731660e-01,8.368999679260102909e-01,8.494031746386935255e-01,8.582931339186901099e-01,8.650076268584108163e-01,8.702898684792019779e-01,8.781224069603170701e-01,8.852193926986422490e-01,8.911893652967531887e-01,8.973479104950811136e-01
7.650000000000000000e+01,7.410807716082260521e-01,7.768053727055013180e-01,7.952353076519007580e-01,8.078033551235042076e-01,8.173668409904262244e-01,8.250585111990859088e-01,8.368999675942035976e-01,8.494031739112941626e-01,8.582931327714167224e-01,8.650076253146472549e-01,8.702898665727754057e-01,8.781224045031825742e-01,8.852193898237626923e-01,8.911893618499413527e-01,8.973479067980562052e-01
7.675000000000000000e+01,7.410811128024360483e-01,7.768053115345088244e-01,7.952353011911976743e-01,8.078033554337381572e-01,8.173668409181811256e-01,8.250585110633257280e-01,8.368999672673259616e-01,8.494031731929931883e-01,8.582931316287740753e-01,8.650076237678566704e-01,8.702898647055281600e-01,8.781224020921762907e-01,8.852193869338780274e-01,8.911893587002192030e-01,8.973479032439801717e-01
7.700000000000000000e+01,7.410815809490616246e-01,7.768052636791525911e-01,7.952352944644598409e-01,8.078033557572723566e-01,8.173668408427898768e-01,8.250585109272506878e-01,8.368999669395060792e-01,8.494031724693424934e-01,8.582931304936721739e-01,8.650076222519305080e-01,8.702898628096701339e-01,8.781223996880229699e-01,8.852193839105344519e-01,8.911893554694492181e-01,8.973478995947039571e-01
7.725000000000000000e+01,7.410821659065792710e-01,7.768052282684614340e-01,7.952352875512713748e-01,8.078033560897120990e-01,8.173668407669596458e-01,8.250585107921286632e-01,8.368999666140679583e-01,8.494031717611876253e-01,8.582931293508376802e-01,8.650076207322449084e-01,8.702898609801842378e-01,8.781223973162645136e-01,8.852193811832188564e-01,8.911893520388971535e-01,8.973478961862300096e-01
7.750000000000000000e+01,7.410828579157070495e-01,7.768052044396488443e-01,7.952352805246272194e-01,8.078033564252850018e-01,8.173668406888432436e-01,8.250585106561498794e-01,8.368999662864120559e-01,8.494031710479205133e-01,8.582931282349575142e-01,8.650076192114195539e-01,8.702898591305118225e-01,8.781223948817034053e-01,8.852193783356401280e-01,8.911893490241962201e-01,8.973478927121949500e-01
7.775000000000000000e+01,7.410836475998969775e-01,7.768051913419571353e-01,7.952352734510375054e-01,8.078033567610982679e-01,8.173668406100732531e-01,8.250585105223339211e-01,8.368999659644327238e-01,8.494031703405192646e-01,8.582931271106050142e-01,8.650076177164804925e-01,8.702898572861057502e-01,8.781223925900799587e-01,8.852193754344630516e-01,8.911893458581632288e-01,8.973478889118534640e-01
7.800000000000000000e+01,7.410845259648255468e-01,7.768051881400098724e-01,7.952352663908133223e-01,8.078033570920123418e-01,8.173668405295001493e-01,8.250585103880836435e-01,8.368999656406782561e-01,8.494031696322820180e-01,8.582931260022290676e-01,8.650076162229022314e-01,8.702898554669868947e-01,8.781223902448277441e-01,8.852193727041839377e-01,8.911893424449375267e-01,8.973478857907549733e-01
7.825000000000000000e+01,7.410854843964342908e-01,7.768051940170797032e-01,7.952352593978713191e-01,8.078033574156628926e-01,8.173668404496094997e-01,8.250585102547679517e-01,8.368999653198433419e-01,8.494031689348197078e-01,8.582931248801887181e-01,8.650076147443931385e-01,8.702898536583363320e-01,8.781223878970894070e-01,8.852193698985251213e-01,8.911893395594066014e-01,8.973478823941908322e-01
7.850000000000000000e+01,7.410865146587007901e-01,7.768052081776162243e-01,7.952352525200822031e-01,8.078033577283522115e-01,8.173668403685758754e-01,8.250585101205251126e-01,8.368999649962689524e-01,8.494031682352864987e-01,8.582931237921217482e-01,8.650076132458663913e-01,8.702898518648221060e-01,8.781223856058036903e-01,8.852193671453452151e-01,8.911893364563593378e-01,8.973478784383371876e-01
7.875000000000000000e+01,7.410876088899603920e-01,7.768052298497107877e-01,7.952352457996387791e-01,8.078033580291125171e-01,8.173668402878430106e-01,8.250585099884553131e-01,8.368999646790699076e-01,8.494031675385572688e-01,8.582931226914931599e-01,8.650076118009878412e-01,8.702898500411843097e-01,8.781223833081336361e-01,8.852193643832152459e-01,8.911893331148760256e-01,8.973478756039211524e-01
7.900000000000000000e+01,7.410887595987999399e-01,7.768052582870879075e-01,7.952352392733276210e-01,8.078033583145836083e-01,8.173668402062360672e-01,8.250585098558033126e-01,8.368999643593160176e-01,8.494031668452696193e-01,8.582931216031304267e-01,8.650076103347972278e-01,8.702898482961949345e-01,8.781223810489621195e-01,8.852193616877340743e-01,8.911893302995420596e-01,8.973478722823415854e-01
7.925000000000000000e+01,7.410899596588147453e-01,7.768052927709958588e-01,7.952352329726078972e-01,8.078033585841717379e-01,8.173668401260385519e-01,8.250585097240955568e-01,8.368999640429912734e-01,8.494031661582563952e-01,8.582931205112248607e-01,8.650076088904402605e-01,8.702898465192717703e-01,8.781223787337421038e-01,8.852193590063325290e-01,8.911893272576965064e-01,8.973478684620574963e-01
7.950000000000000000e+01,7.410912023032900642e-01,7.768053326115098578e-01,7.952352269238096572e-01,8.078033588357264039e-01,8.173668400454203731e-01,8.250585095914236833e-01,8.368999637234389999e-01,8.494031654721015956e-01,8.582931194401979269e-01,8.650076074358943323e-01,8.702898447684367378e-01,8.781223765428687322e-01,8.852193562168977348e-01,8.911893240557602347e-01,8.973478656181781421e-01
7.975000000000000000e+01,7.410924811186597738e-01,7.768053771486673753e-01,7.952352211488395994e-01,8.078033590698091571e-01,8.173668399656911498e-01,8.250585094608920977e-01,8.368999634109197672e-01,8.494031647858291123e-01,8.582931183650566176e-01,8.650076060170815984e-01,8.702898430088740200e-01,8.781223743078666599e-01,8.852193536587245060e-01,8.911893212384510710e-01,8.973478623691840683e-01
8.000000000000000000e+01,7.410937900377662091e-01,7.768054257536526341e-01,7.952352156651618653e-01,8.078033592843456567e-01,8.173668398856109851e-01,8.250585093296841643e-01,8.368999630950909596e-01,8.494031641070699523e-01,8.582931172937049435e-01,8.650076045899055543e-01,8.702898412915585080e-01,8.781223720624955487e-01,8.852193510143983035e-01,8.911893182561250182e-01,8.973478588018981572e-01
8.025000000000000000e+01,7.410951233326670273e-01,7.768054778292129425e-01,7.952352104862774329e-01,8.078033594801616868e-01,8.173668398073227204e-01,8.250585091994500075e-01,8.368999627832025556e-01,8.494031634303057521e-01,8.582931162309535011e-01,8.650076031661753095e-01,8.702898395676146315e-01,8.781223698830463720e-01,8.852193482901437038e-01,8.911893151878385044e-01,8.973478558262978355e-01
8.050000000000000000e+01,7.410964756067240922e-01,7.768055328103108392e-01,7.952352056216567266e-01,8.078033596560578733e-01,8.173668397289810539e-01,8.250585090681432643e-01,8.368999624678333804e-01,8.494031627571622112e-01,8.582931151765818001e-01,8.650076017593377742e-01,8.702898378357473153e-01,8.781223676850157256e-01,8.852193457740750171e-01,8.911893123702272490e-01,8.973478526476111883e-01
8.075000000000000000e+01,7.410978417866582735e-01,7.768055901641850447e-01,7.952352010776052582e-01,8.078033598136670212e-01,8.173668396518080081e-01,8.250585089390214399e-01,8.368999621596432403e-01,8.494031620811034466e-01,8.582931141261267438e-01,8.650076003606367303e-01,8.702898361464911359e-01,8.781223655310773646e-01,8.852193431666579571e-01,8.911893094457988829e-01,8.973478493321883631e-01
8.100000000000000000e+01,7.410992171139183515e-01,7.768056493905629578e-01,7.952351968571701457e-01,8.078033599518961161e-01,8.173668395745098403e-01,8.250585088091143549e-01,8.368999618481299807e-01,8.494031614164783139e-01,8.582931130713803425e-01,8.650075989711913937e-01,8.702898344475710202e-01,8.781223633274014562e-01,8.852193405803133741e-01,8.911893065056077923e-01,8.973478462213034801e-01
8.125000000000000000e+01,7.411005971361366296e-01,7.768057100215431943e-01,7.952351929607250902e-01,8.078033600721614693e-01,8.173668394991320252e-01,8.250585086802114665e-01,8.368999615401218062e-01,8.494031607497205538e-01,8.582931120368637590e-01,8.650075975675527440e-01,8.702898327748632701e-01,8.781223612308906024e-01,8.852193380309103521e-01,8.911893036891572750e-01,8.973478431106693964e-01
8.150000000000000000e+01,7.411019776980373175e-01,7.768057716212396491e-01,7.952351893857044773e-01,8.078033601741877456e-01,8.173668394238314816e-01,8.250585085501774829e-01,8.368999612293966939e-01,8.494031600892646416e-01,8.582931109987099738e-01,8.650075962068248803e-01,8.702898310719840991e-01,8.781223590990642203e-01,8.852193354978492579e-01,8.911893008210785005e-01,8.973478400463797966e-01
8.175000000000000000e+01,7.411033549322241232e-01,7.768058337854325535e-01,7.952351861275873679e-01,8.078033602600264151e-01,8.173668393497063311e-01,8.250585084223587273e-01,8.368999609249287985e-01,8.494031594232283044e-01,8.582931099722288515e-01,8.650075948284615679e-01,8.702898294400941426e-01,8.781223569495641978e-01,8.852193330047188891e-01,8.911892980036302259e-01,8.973478370014116301e-01
8.200000000000000000e+01,7.411047252500417848e-01,7.768058961409579632e-01,7.952351831796927728e-01,8.078033603291789877e-01,8.173668392755134571e-01,8.250585082936687797e-01,8.368999606177560668e-01,8.494031587723230858e-01,8.582931089336740538e-01,8.650075934747882833e-01,8.702898277818654771e-01,8.781223548746690533e-01,8.852193304264130980e-01,8.911892951898311432e-01,8.973478337517156733e-01
8.225000000000000000e+01,7.411060853318621744e-01,7.768059583450823702e-01,7.952351805337566359e-01,8.078033603834441356e-01,8.173668392031824270e-01,8.250585081660063436e-01,8.368999603134510412e-01,8.494031581153753674e-01,8.582931079264897178e-01,8.650075921047170047e-01,8.702898261358195109e-01,8.781223527700302567e-01,8.852193280214230020e-01,8.911892924041158182e-01,8.973478309380984452e-01
8.250000000000000000e+01,7.411074321177270052e-01,7.768060200848133645e-01,7.952351781796291874e-01,8.078033604228505027e-01,8.173668391308960279e-01,8.250585080371818369e-01,8.368999600072759559e-01,8.494031574672740170e-01,8.582931069068395757e-01,8.650075907745000681e-01,8.702898244996972732e-01,8.781223507146311835e-01,8.852193255608908906e-01,8.911892896768063288e-01,8.973478279572255634e-01
8.275000000000000000e+01,7.411087627977027692e-01,7.768060810758594670e-01,7.952351761062815827e-01,8.078033604496839271e-01,8.173668390597010891e-01,8.250585079106059760e-01,8.368999597064593621e-01,8.494031568124371656e-01,8.582931059009487607e-01,8.650075894319745329e-01,8.702898228846168704e-01,8.781223486152777147e-01,8.852193229971213606e-01,8.911892868669651913e-01,8.973478245642391160e-01
8.300000000000000000e+01,7.411100748022227958e-01,7.768061410618348761e-01,7.952351743013252872e-01,8.078033604637385734e-01,8.173668389883759211e-01,8.250585077830742131e-01,8.368999594035223533e-01,8.494031561734644020e-01,8.582931048877834312e-01,8.650075880968869368e-01,8.702898212748213513e-01,8.781223466072688444e-01,8.852193206744183307e-01,8.911892841973042545e-01,8.973478220011693596e-01
8.325000000000000000e+01,7.411113657924215392e-01,7.768061998132241852e-01,7.952351727518692792e-01,8.078033604668168888e-01,8.173668389187070948e-01,8.250585076566058218e-01,8.368999591028769558e-01,8.494031555283981794e-01,8.582931038974955795e-01,8.650075867708202360e-01,8.702898196455068902e-01,8.781223445720124365e-01,8.852193182463654608e-01,8.911892815201231111e-01,8.973478190824781819e-01
8.350000000000000000e+01,7.411126336507145584e-01,7.768062571263119054e-01,7.952351714437853047e-01,8.078033604591268180e-01,8.173668388490220593e-01,8.250585075289561532e-01,8.368999588011675206e-01,8.494031548900402573e-01,8.582931029007371260e-01,8.650075854587467861e-01,8.702898180740197276e-01,8.781223425125066484e-01,8.852193158114478599e-01,8.911892787154983564e-01,8.973478156474719025e-01
8.375000000000000000e+01,7.411138764711153737e-01,7.768063128220481506e-01,7.952351703630193835e-01,8.078033604428299652e-01,8.173668387802575097e-01,8.250585074035809985e-01,8.368999585039300637e-01,8.494031542485671604e-01,8.582931019099871994e-01,8.650075841509137220e-01,8.702898164779087065e-01,8.781223405355279565e-01,8.852193134543867581e-01,8.911892761571177379e-01,8.973478132297190157e-01
8.400000000000000000e+01,7.411150925497863584e-01,7.768063667449318643e-01,7.952351694947157323e-01,8.078033604178292970e-01,8.173668387112417166e-01,8.250585072771908779e-01,8.368999582051507291e-01,8.494031536188088038e-01,8.582931009230873043e-01,8.650075828339126582e-01,8.702898149122816340e-01,8.781223385207794774e-01,8.852193110687782696e-01,8.911892735287983980e-01,8.973478103712922982e-01
8.425000000000000000e+01,7.411162803757394002e-01,7.768064187618951566e-01,7.952351688244488903e-01,8.078033603857620593e-01,8.173668386437175082e-01,8.250585071519223046e-01,8.368999579081131124e-01,8.494031529856508334e-01,8.582930999476189315e-01,8.650075815504173482e-01,8.702898133268028857e-01,8.781223365554677862e-01,8.852193087462060239e-01,8.911892707305553163e-01,8.973478071570465397e-01
8.450000000000000000e+01,7.411174386216234922e-01,7.768064687610485297e-01,7.952351683369148772e-01,8.078033603468213197e-01,8.173668385760418653e-01,8.250585070254053965e-01,8.368999576107482019e-01,8.494031523565185315e-01,8.582930989730733762e-01,8.650075802560104332e-01,8.702898117902815311e-01,8.781223345538582414e-01,8.852193063589687272e-01,8.911892682788836728e-01,8.973478046179482748e-01
8.475000000000000000e+01,7.411185661344275033e-01,7.768065166504293240e-01,7.952351680176222848e-01,8.078033603029446397e-01,8.173668385090963051e-01,8.250585069012200679e-01,8.368999573170539108e-01,8.494031517280331567e-01,8.582930979970933016e-01,8.650075789817602834e-01,8.702898102399909686e-01,8.781223326289356867e-01,8.852193040931990442e-01,8.911892656982232097e-01,8.973478018179583682e-01
8.500000000000000000e+01,7.411196619267713670e-01,7.768065623569321287e-01,7.952351678517038946e-01,8.078033602539674840e-01,8.173668384418218968e-01,8.250585067759659275e-01,8.368999570223519813e-01,8.494031511073113494e-01,8.582930970356766887e-01,8.650075776892527379e-01,8.702898086896404539e-01,8.781223306842782517e-01,8.852193017992792123e-01,8.911892629074344985e-01,8.973477988240091685e-01
8.525000000000000000e+01,7.411207251679868824e-01,7.768066058250201467e-01,7.952351678252309597e-01,8.078033602012889558e-01,8.173668383758271316e-01,8.250585066518485444e-01,8.368999567288426533e-01,8.494031504857463277e-01,8.582930960746679716e-01,8.650075764401069511e-01,8.702898071656373080e-01,8.781223287092668750e-01,8.852192993857883607e-01,8.911892605581415161e-01,8.973477961602238651e-01
8.550000000000000000e+01,7.411217551755423516e-01,7.768066470156299586e-01,7.952351679238158777e-01,8.078033601449895462e-01,8.173668383095783474e-01,8.250585065264881557e-01,8.368999564357560983e-01,8.494031498656352541e-01,8.582930951216876103e-01,8.650075751752034359e-01,8.702898056439671848e-01,8.781223268240390123e-01,8.852192972338588373e-01,8.911892580239306749e-01,8.973477934169530323e-01
8.575000000000000000e+01,7.411227514064699928e-01,7.768066859047322303e-01,7.952351681341706113e-01,8.078033600867133845e-01,8.173668382439280844e-01,8.250585064034789973e-01,8.368999561455473524e-01,8.494031492497923219e-01,8.582930941601346619e-01,8.650075739212076398e-01,8.702898041380650040e-01,8.781223248981769869e-01,8.852192949685920853e-01,8.911892552858360350e-01,8.973477906430886719e-01
8.600000000000000000e+01,7.411237134495357592e-01,7.768067224826538109e-01,7.952351684430017942e-01,8.078033600261748104e-01,8.173668381778246284e-01,8.250585062793472924e-01,8.368999558548236850e-01,8.494031486379247653e-01,8.582930932234152932e-01,8.650075726693451372e-01,8.702898026025028821e-01,8.781223230129920898e-01,8.852192926714718135e-01,8.911892529905269811e-01,8.973477879560886050e-01
8.625000000000000000e+01,7.411246410166232312e-01,7.768067567523507799e-01,7.952351688382638395e-01,8.078033599645022544e-01,8.173668381128539329e-01,8.250585061564057465e-01,8.368999555648076738e-01,8.494031480276750257e-01,8.582930922765255044e-01,8.650075714366116664e-01,8.702898011380895138e-01,8.781223211030696474e-01,8.852192904888110947e-01,8.911892505016113519e-01,8.973477851629247937e-01
8.650000000000000000e+01,7.411255339356143113e-01,7.768067887288591100e-01,7.952351693075898620e-01,8.078033599016000155e-01,8.173668380475778150e-01,8.250585060321886655e-01,8.368999552758876748e-01,8.494031474164214224e-01,8.582930913444907217e-01,8.650075702036476022e-01,8.702897996441517625e-01,8.781223192562658264e-01,8.852192882521070505e-01,8.911892478747932556e-01,8.973477826091904586e-01
8.675000000000000000e+01,7.411263921421791245e-01,7.768068184377311391e-01,7.952351698399998670e-01,8.078033598388690839e-01,8.173668379827664365e-01,8.250585059103611174e-01,8.368999549891036338e-01,8.494031468128555584e-01,8.582930904021340845e-01,8.650075689660224887e-01,8.702897981678960893e-01,8.781223173966482554e-01,8.852192860697652987e-01,8.911892455718670725e-01,8.973477799757529905e-01
8.700000000000000000e+01,7.411272156728523353e-01,7.768068459144812365e-01,7.952351704245762543e-01,8.078033597758690343e-01,8.173668379174461318e-01,8.250585057873557338e-01,8.368999547022937247e-01,8.494031462096602869e-01,8.582930894842639713e-01,8.650075677535389307e-01,8.702897966892375603e-01,8.781223155011023129e-01,8.852192838559840293e-01,8.911892431271137838e-01,8.973477770506650408e-01
8.725000000000000000e+01,7.411280046578012648e-01,7.768068712030830048e-01,7.952351710518464900e-01,8.078033597134570698e-01,8.173668378531354639e-01,8.250585056655632687e-01,8.368999544157094128e-01,8.494031456104352840e-01,8.582930885579513891e-01,8.650075665367669142e-01,8.702897952399941683e-01,8.781223137020005565e-01,8.852192817169995953e-01,8.911892406070982542e-01,8.973477747174218866e-01
8.750000000000000000e+01,7.411287593139550545e-01,7.768068943555338501e-01,7.952351717120357266e-01,8.078033596514051506e-01,8.173668377884574232e-01,8.250585055424901615e-01,8.368999541308774770e-01,8.494031450078399770e-01,8.582930876394819775e-01,8.650075653347815141e-01,8.702897937881218793e-01,8.781223118595999910e-01,8.852192795745326137e-01,8.911892382981178029e-01,8.973477721360001436e-01
8.775000000000000000e+01,7.411294799382087684e-01,7.768069154303847146e-01,7.952351723968094088e-01,8.078033595908237219e-01,8.173668377241820604e-01,8.250585054218170233e-01,8.368999538474509725e-01,8.494031444162331024e-01,8.582930867208923287e-01,8.650075641135928084e-01,8.702897923254001578e-01,8.781223100498133372e-01,8.852192773333756870e-01,8.911892358964390581e-01,8.973477690750776281e-01
8.800000000000000000e+01,7.411301669013149462e-01,7.768069344923294040e-01,7.952351730980010691e-01,8.078033595311960857e-01,8.173668376593606899e-01,8.250585052999408475e-01,8.368999535644818799e-01,8.494031438215466912e-01,8.582930858162381993e-01,8.650075629387666831e-01,8.702897909034763568e-01,8.781223082259961288e-01,8.852192753012780857e-01,8.911892334790026959e-01,8.973477669629688069e-01
8.825000000000000000e+01,7.411308206413946831e-01,7.768069516109543660e-01,7.952351738087961586e-01,8.078033594731237610e-01,8.173668375954824539e-01,8.250585051793100089e-01,8.368999532812724240e-01,8.494031432330660936e-01,8.582930849099807968e-01,8.650075617452279708e-01,8.702897894673654600e-01,8.781223064526773037e-01,8.852192731840968776e-01,8.911892311653653032e-01,8.973477644320480007e-01
8.850000000000000000e+01,7.411314416583634213e-01,7.768069668604351552e-01,7.952351745221339918e-01,8.078033594163076536e-01,8.173668375312006518e-01,8.250585050573669976e-01,8.368999530004515019e-01,8.494031426389506700e-01,8.582930840047026111e-01,8.650075605656203370e-01,8.702897880562951993e-01,8.781223046730251003e-01,8.852192710126949304e-01,8.911892288057217115e-01,8.973477615176924660e-01
8.875000000000000000e+01,7.411320305079708293e-01,7.768069803182212629e-01,7.952351752324386958e-01,8.078033593615757679e-01,8.173668374672861114e-01,8.250585049378582614e-01,8.368999527203473399e-01,8.494031420590143489e-01,8.582930831091771795e-01,8.650075593820767406e-01,8.702897866209906574e-01,8.781223028522840979e-01,8.852192689885772792e-01,8.911892264867609104e-01,8.973477593411928188e-01
8.900000000000000000e+01,7.411325877963934605e-01,7.768069920647762139e-01,7.952351759340302584e-01,8.078033593083956410e-01,8.173668374028021377e-01,8.250585048171091840e-01,8.368999524411416813e-01,8.494031414731832985e-01,8.582930822174481555e-01,8.650075582221042891e-01,8.702897852397714074e-01,8.781223011340877349e-01,8.852192668966903932e-01,8.911892241698377015e-01,8.973477568593424269e-01
8.925000000000000000e+01,7.411331141753965124e-01,7.768070021826883886e-01,7.952351766226928298e-01,8.078033592571531862e-01,8.173668373392128927e-01,8.250585046976027792e-01,8.368999521612546788e-01,8.494031408946512984e-01,8.582930813306756113e-01,8.650075570580516571e-01,8.702897838391540075e-01,8.781222993702230140e-01,8.852192648331265179e-01,8.911892218741462868e-01,8.973477541388864553e-01
8.950000000000000000e+01,7.411336103367774930e-01,7.768070107561857451e-01,7.952351772938270891e-01,8.078033592074775893e-01,8.173668372752468381e-01,8.250585045768016323e-01,8.368999518843428520e-01,8.494031403112982659e-01,8.582930804382832291e-01,8.650075558932407427e-01,8.702897824448554420e-01,8.781222976314171369e-01,8.852192627771620081e-01,8.911892196268239585e-01,8.973477518475867498e-01
8.975000000000000000e+01,7.411340770082208707e-01,7.768070178704061801e-01,7.952351779441597657e-01,8.078033591600444208e-01,8.173668372116135172e-01,8.250585044584380912e-01,8.368999516074936418e-01,8.494031397402563854e-01,8.582930795651466660e-01,8.650075547462406922e-01,8.702897810636288645e-01,8.781222958885301910e-01,8.852192607540237956e-01,8.911892173079095647e-01,8.973477494133654808e-01
9.000000000000000000e+01,7.411345149483227202e-01,7.768070236109991811e-01,7.952351785703716258e-01,8.078033591142793624e-01,8.173668371474196448e-01,8.250585043387924644e-01,8.368999513319890227e-01,8.494031391648209084e-01,8.582930786860427652e-01,8.650075536007185706e-01,8.702897796944499831e-01,8.781222941844598617e-01,8.852192587496181542e-01,8.911892151056599598e-01,8.973477468870239004e-01
9.025000000000000000e+01,7.411349249427066077e-01,7.768070280635824831e-01,7.952351791703247130e-01,8.078033590704333244e-01,8.173668370841067343e-01,8.250585042204375830e-01,8.368999510553809529e-01,8.494031385942848456e-01,8.582930778182139564e-01,8.650075524652921510e-01,8.702897783325340697e-01,8.781222924800496932e-01,8.852192566654246697e-01,8.911892128957895620e-01,8.973477445014239606e-01
9.050000000000000000e+01,7.411353077996594152e-01,7.768070313133706994e-01,7.952351797415274648e-01,8.078033590281175069e-01,8.173668370203976963e-01,8.250585041007293396e-01,8.368999507823077222e-01,8.494031380222620831e-01,8.582930769397373316e-01,8.650075513149040329e-01,8.702897769501989345e-01,8.781222907298132929e-01,8.852192547427866209e-01,8.911892105760487182e-01,8.973477420898255952e-01
9.075000000000000000e+01,7.411356643465893956e-01,7.768070334446145475e-01,7.952351802826030935e-01,8.078033589878444998e-01,8.173668369570200598e-01,8.250585039835001133e-01,8.368999505086719415e-01,8.494031374590795824e-01,8.582930760870226550e-01,8.650075502033099939e-01,8.702897756214924563e-01,8.781222890877410370e-01,8.852192527607112282e-01,8.911892084635467670e-01,8.973477397579767700e-01
9.100000000000000000e+01,7.411359954260776650e-01,7.768070345403369492e-01,7.952351807920033933e-01,8.078033589490900557e-01,8.173668368931329420e-01,8.250585038649460579e-01,8.368999502367810983e-01,8.494031368937765558e-01,8.582930752242720063e-01,8.650075490754985941e-01,8.702897742695026029e-01,8.781222873977589938e-01,8.852192507043227243e-01,8.911892062903188361e-01,8.973477374175345966e-01
9.125000000000000000e+01,7.411363018929835178e-01,7.768070346820359351e-01,7.952351812693163602e-01,8.078033589119923974e-01,8.173668368300559539e-01,8.250585037477128347e-01,8.368999499633781314e-01,8.494031363310812210e-01,8.582930743708360177e-01,8.650075479642177489e-01,8.702897729395863147e-01,8.781222857259026737e-01,8.852192488246458657e-01,8.911892039708662061e-01,8.973477348844522972e-01
9.150000000000000000e+01,7.411365846105544275e-01,7.768070339493373666e-01,7.952351817135882017e-01,8.078033588761462935e-01,8.173668367666716561e-01,8.250585036291605556e-01,8.368999496940726646e-01,8.494031357701150586e-01,8.582930735139584488e-01,8.650075468437502524e-01,8.702897715973224591e-01,8.781222840592008971e-01,8.852192468649661139e-01,8.911892019446140401e-01,8.973477327477492604e-01
9.175000000000000000e+01,7.411368444480083140e-01,7.768070324197395848e-01,7.952351821248369035e-01,8.078033588419848421e-01,8.173668367035692439e-01,8.250585035130167944e-01,8.368999494236053494e-01,8.494031352146458325e-01,8.582930726730497728e-01,8.650075457506881671e-01,8.702897702911017719e-01,8.781222824204475419e-01,8.852192449101721206e-01,8.911891998072185572e-01,8.973477304511785491e-01
9.200000000000000000e+01,7.411370822774627776e-01,7.768070301682767909e-01,7.952351825029281285e-01,8.078033588090552941e-01,8.173668366400224095e-01,8.250585033955646352e-01,8.368999491552651104e-01,8.494031346591996989e-01,8.582930718284493832e-01,8.650075446501461762e-01,8.702897689758888333e-01,8.781222807868982461e-01,8.852192429981619037e-01,8.911891974891037460e-01,8.973477277931236618e-01
9.225000000000000000e+01,7.411372989713712611e-01,7.768070272676258492e-01,7.952351828485233476e-01,8.078033587773761903e-01,8.173668365772597255e-01,8.250585032794047757e-01,8.368999488850189516e-01,8.494031341042185268e-01,8.582930709868535901e-01,8.650075435523163492e-01,8.702897676569067986e-01,8.781222791031889630e-01,8.852192410810787448e-01,8.911891955457106329e-01,8.973477258524510392e-01
9.250000000000000000e+01,7.411374954000212734e-01,7.768070237876470996e-01,7.952351831618122979e-01,8.078033587465938137e-01,8.173668365141918413e-01,8.250585031619668275e-01,8.368999486194143023e-01,8.494031335540149774e-01,8.582930701509235982e-01,8.650075424657640566e-01,8.702897663647558568e-01,8.781222775327540697e-01,8.852192392027991019e-01,8.911891934433132656e-01,8.973477235985729550e-01
9.275000000000000000e+01,7.411376724293677887e-01,7.768070197953278466e-01,7.952351834437438871e-01,8.078033587171031815e-01,8.173668364514440343e-01,8.250585030468984282e-01,8.368999483520522809e-01,8.494031330060806129e-01,8.582930693216047624e-01,8.650075413858163698e-01,8.702897650691708842e-01,8.781222759124369670e-01,8.852192372619503979e-01,8.911891911646249165e-01,8.973477209411951927e-01
9.300000000000000000e+01,7.411378309188566549e-01,7.768070153547178558e-01,7.952351836950105612e-01,8.078033586884727502e-01,8.173668363882364840e-01,8.250585029305667062e-01,8.368999480871965879e-01,8.494031324602984157e-01,8.582930684946532551e-01,8.650075403117638562e-01,8.702897637896749305e-01,8.781222743037631062e-01,8.852192354395912455e-01,8.911891892638152957e-01,8.973477190683146754e-01
9.325000000000000000e+01,7.411379717194563899e-01,7.768070105268652936e-01,7.952351839169921055e-01,8.078033586606930827e-01,8.173668363258227432e-01,8.250585028154460154e-01,8.368999478200691566e-01,8.494031319128382274e-01,8.582930676646095547e-01,8.650075392270369923e-01,8.702897624847368840e-01,8.781222727088382474e-01,8.852192335810574741e-01,8.911891871956213462e-01,8.973477168559279571e-01
9.350000000000000000e+01,7.411380956720633462e-01,7.768070053696256583e-01,7.952351841106111152e-01,8.078033586334941729e-01,8.173668362631446582e-01,8.250585026991507087e-01,8.368999475580832792e-01,8.494031313731373878e-01,8.582930668490369452e-01,8.650075381734128044e-01,8.702897612378249770e-01,8.781222711317407947e-01,8.852192316301351616e-01,8.911891850074684651e-01,8.973477143702397463e-01
9.375000000000000000e+01,7.411382036057648781e-01,7.768069999377889001e-01,7.952351842772938939e-01,8.078033586071475813e-01,8.173668362007782129e-01,8.250585025850896148e-01,8.368999472937646011e-01,8.494031308326074337e-01,8.582930660310411630e-01,8.650075371062588836e-01,8.702897599670303963e-01,8.781222695650380272e-01,8.852192298824012040e-01,8.911891830959686178e-01,8.973477123916304699e-01
9.400000000000000000e+01,7.411382963362137533e-01,7.768069942829106678e-01,7.952351844181980711e-01,8.078033585813469974e-01,8.173668361379780034e-01,8.250585024698654513e-01,8.368999470323517098e-01,8.494031302962364860e-01,8.582930652212787948e-01,8.650075360579374539e-01,8.702897587077361718e-01,8.781222679482769689e-01,8.852192280436981253e-01,8.911891810612464493e-01,8.973477102195873689e-01
9.425000000000000000e+01,7.411383746645922033e-01,7.768069884533617131e-01,7.952351845350666970e-01,8.078033585560387975e-01,8.173668360759437368e-01,8.250585023557498454e-01,8.368999467684208327e-01,8.494031297561763783e-01,8.582930644025152933e-01,8.650075349957322413e-01,8.702897574506545109e-01,8.781222664412317025e-01,8.852192261886645541e-01,8.911891789601842362e-01,8.973477079060288020e-01
9.450000000000000000e+01,7.411384393762245892e-01,7.768069824944353607e-01,7.952351846291357829e-01,8.078033585310115949e-01,8.173668360136960853e-01,8.250585022406079494e-01,8.368999465098333479e-01,8.494031292266955857e-01,8.582930636067400698e-01,8.650075339643279460e-01,8.702897562134711551e-01,8.781222648866318092e-01,8.852192244083096906e-01,8.911891770393349788e-01,8.973477058187671052e-01
9.475000000000000000e+01,7.411384912394051172e-01,7.768069764481951855e-01,7.952351847020215914e-01,8.078033585064817723e-01,8.173668359517405335e-01,8.250585021275622655e-01,8.368999462488462271e-01,8.494031286934144998e-01,8.582930628014701080e-01,8.650075329224370391e-01,8.702897549766333007e-01,8.781222633376811748e-01,8.852192225895451072e-01,8.911891750373336363e-01,8.973477036860116884e-01
9.500000000000000000e+01,7.411385310048089758e-01,7.768069703536470971e-01,7.952351847550810371e-01,8.078033584822651436e-01,8.173668358893750874e-01,8.250585020134105774e-01,8.368999459904757909e-01,8.494031281662401955e-01,8.582930620067670269e-01,8.650075318863473806e-01,8.702897537270204431e-01,8.781222618104037592e-01,8.852192208257800843e-01,8.911891730200175443e-01,8.973477015452189232e-01
9.525000000000000000e+01,7.411385594042202429e-01,7.768069642467980707e-01,7.952351847900864801e-01,8.078033584582405835e-01,8.173668358277689228e-01,8.250585019003224829e-01,8.368999457301327105e-01,8.494031276337418168e-01,8.582930612057932951e-01,8.650075308557217957e-01,8.702897525164907666e-01,8.781222602915672582e-01,8.852192190160833585e-01,8.911891710911475917e-01,8.973476994538425178e-01
9.550000000000000000e+01,7.411385771500264008e-01,7.768069581606584784e-01,7.952351848083479835e-01,8.078033584342738660e-01,8.173668357659625849e-01,8.250585017862733794e-01,8.368999454744575628e-01,8.494031271139234063e-01,8.582930604225225135e-01,8.650075298362309706e-01,8.702897512887284304e-01,8.781222587879455865e-01,8.852192172858556196e-01,8.911891691211868416e-01,8.973476972516541972e-01
9.575000000000000000e+01,7.411385849347207344e-01,7.768069521253209153e-01,7.952351848114289634e-01,8.078033584105737130e-01,8.173668357044361343e-01,8.250585016742013611e-01,8.368999452168086606e-01,8.494031265889553373e-01,8.582930596337358109e-01,8.650075288189186251e-01,8.702897500848962853e-01,8.781222572388923675e-01,8.852192155404911000e-01,8.911891671843954477e-01,8.973476952845585997e-01
9.600000000000000000e+01,7.411385834299443198e-01,7.768069461681469390e-01,7.952351848006717905e-01,8.078033583869506096e-01,8.173668356425507486e-01,8.250585015611369144e-01,8.368999449613595543e-01,8.494031260695653618e-01,8.582930588496615609e-01,8.650075277947130159e-01,8.702897488614790289e-01,8.781222557872537804e-01,8.852192137045852283e-01,8.911891652487721194e-01,8.973476932304483844e-01
9.625000000000000000e+01,7.411385732866355713e-01,7.768069403137627393e-01,7.952351847776915061e-01,8.078033583633473791e-01,8.173668355813766828e-01,8.250585014490398050e-01,8.368999447045177842e-01,8.494031255470241293e-01,8.582930580677733401e-01,8.650075267947721080e-01,8.702897476793926002e-01,8.781222542947195731e-01,8.852192120595808733e-01,8.911891633294604098e-01,8.973476909131595791e-01
9.650000000000000000e+01,7.411385551342645206e-01,7.768069345841024376e-01,7.952351847436971433e-01,8.078033583396337924e-01,8.173668355200348623e-01,8.250585013360602904e-01,8.368999444517186692e-01,8.494031250340782213e-01,8.582930572948894721e-01,8.650075257869168643e-01,8.702897464831550467e-01,8.781222528021844775e-01,8.852192103318147209e-01,8.911891614508385961e-01,8.973476891207492478e-01
9.675000000000000000e+01,7.411385295805643647e-01,7.768069289987450388e-01,7.952351847000705964e-01,8.078033583159984765e-01,8.173668354589717078e-01,8.250585012249973538e-01,8.368999441973663522e-01,8.494031245180057033e-01,8.582930565221543739e-01,8.650075247934709832e-01,8.702897452890089314e-01,8.781222513388283746e-01,8.852192085685089973e-01,8.911891595096079755e-01,8.973476871030053870e-01
9.700000000000000000e+01,7.411384972117445180e-01,7.768069235747293577e-01,7.952351846479641662e-01,8.078033582923832556e-01,8.173668353975368506e-01,8.250585011129937252e-01,8.368999439447676325e-01,8.494031240054620291e-01,8.582930557484735878e-01,8.650075237852500321e-01,8.702897441100846398e-01,8.781222498751012351e-01,8.852192069087801984e-01,8.911891576669211945e-01,8.973476846676539109e-01
9.725000000000000000e+01,7.411384585918207035e-01,7.768069183268333511e-01,7.952351845887627446e-01,8.078033582686152680e-01,8.173668353368432893e-01,8.250585010018750554e-01,8.368999436913883150e-01,8.494031234926368024e-01,8.582930549851518487e-01,8.650075228107658720e-01,8.702897429365976656e-01,8.781222484310640120e-01,8.852192051987323174e-01,8.911891558168552052e-01,8.973476830507606250e-01
9.750000000000000000e+01,7.411384142632257976e-01,7.768069132677473121e-01,7.952351845234523209e-01,8.078033582446991767e-01,8.173668352759511091e-01,8.250585008899669059e-01,8.368999434413884053e-01,8.494031229864277277e-01,8.582930542224569415e-01,8.650075218231431107e-01,8.702897417718232775e-01,8.781222469459780688e-01,8.852192035218071631e-01,8.911891538711503857e-01,8.973476810683632676e-01
9.775000000000000000e+01,7.411383647461431412e-01,7.768069084081087317e-01,7.952351844531490022e-01,8.078033582207116980e-01,8.173668352153538041e-01,8.250585007798709736e-01,8.368999431902637287e-01,8.494031224790453694e-01,8.582930534653532284e-01,8.650075208440417551e-01,8.702897405862212166e-01,8.781222455467502241e-01,8.852192018324337441e-01,8.911891521021910734e-01,8.973476787858485348e-01
9.800000000000000000e+01,7.411383105391233794e-01,7.768069037564935275e-01,7.952351843787731633e-01,8.078033581967339893e-01,8.173668351544041144e-01,8.250585006688915257e-01,8.368999429404917478e-01,8.494031219732272042e-01,8.582930527018113320e-01,8.650075198652491526e-01,8.702897394506259321e-01,8.781222441128668788e-01,8.852192001869321203e-01,8.911891502801272402e-01,8.973476770715025364e-01
9.825000000000000000e+01,7.411382521189828765e-01,7.768068993197151384e-01,7.952351843014067168e-01,8.078033581725115875e-01,8.173668350941266647e-01,8.250585005587559584e-01,8.368999426905010530e-01,8.494031214698958276e-01,8.582930519565834526e-01,8.650075189016172006e-01,8.702897382930812054e-01,8.781222426737876896e-01,8.852191985455487577e-01,8.911891483309688500e-01,8.973476751235571758e-01
9.850000000000000000e+01,7.411381899410077745e-01,7.768068951029818425e-01,7.952351842217456612e-01,8.078033581481138814e-01,8.173668350337300881e-01,8.250585004479270568e-01,8.368999424432694845e-01,8.494031209702744833e-01,8.582930512038488002e-01,8.650075179368367229e-01,8.702897371512731128e-01,8.781222412707606617e-01,8.852191968295136659e-01,8.911891466329823208e-01,8.973476729944686037e-01
9.875000000000000000e+01,7.411381244392184486e-01,7.768068911097807394e-01,7.952351841406809507e-01,8.078033581236241378e-01,8.173668349735824235e-01,8.250585003387940208e-01,8.368999421953178253e-01,8.494031204713704541e-01,8.582930504619555867e-01,8.650075169685637055e-01,8.702897360027519458e-01,8.781222398592507528e-01,8.852191952647238127e-01,8.911891448383258973e-01,8.973476711799948102e-01
9.900000000000000000e+01,7.411380560266227491e-01,7.768068873422152576e-01,7.952351840588248733e-01,8.078033580991021978e-01,8.173668349130992494e-01,8.250585002288216563e-01,8.368999419483297286e-01,8.494031199721412406e-01,8.582930497117888802e-01,8.650075160184075296e-01,8.702897348805419542e-01,8.781222384715769991e-01,8.852191936389397497e-01,8.911891428866791642e-01,8.973476692655696363e-01
9.925000000000000000e+01,7.411379850956664184e-01,7.768068838010059318e-01,7.952351839769415953e-01,8.078033580743496644e-01,8.173668348532793226e-01,8.250585001196578672e-01,8.368999417016368403e-01,8.494031194780643501e-01,8.582930489807070185e-01,8.650075150653617762e-01,8.702897337529637012e-01,8.781222370469319305e-01,8.852191919601777315e-01,8.911891412570122073e-01,8.973476672907574336e-01
9.950000000000000000e+01,7.411379120182569613e-01,7.768068804856009812e-01,7.952351838956175367e-01,8.078033580494186072e-01,8.173668347933387146e-01,8.250585000098715760e-01,8.368999414571605122e-01,8.494031189849295949e-01,8.582930482426240903e-01,8.650075141227904219e-01,8.702897326189926730e-01,8.781222356973626963e-01,8.852191904111776921e-01,8.911891394892397233e-01,8.973476654125974727e-01
9.975000000000000000e+01,7.411378371465813242e-01,7.768068773943941352e-01,7.952351838152933450e-01,8.078033580243624279e-01,8.173668347336160434e-01,8.250584999016723486e-01,8.368999412123139248e-01,8.494031184943224844e-01,8.582930475106654855e-01,8.650075131650686311e-01,8.702897315119447752e-01,8.781222343189744040e-01,8.852191888011059495e-01,8.911891375674824145e-01,8.973476634915286132e-01
1.000000000000000000e+02,7.411377608131145545e-01,7.768068745246258233e-01,7.952351837364302067e-01,8.078033579993377788e-01,8.173668346736231438e-01,8.250584997927123965e-01,8.368999409680580870e-01,8.494031180015689797e-01,8.582930467779448236e-01,8.650075122427710594e-01,8.702897303973358145e-01,8.781222329305337082e-01,8.852191872042090015e-01,8.911891359721578754e-01,8.973476616719443522e-01
1.002500000000000000e+02,7.411376833314091694e-01,7.768068718727236810e-01,7.952351836595076273e-01,8.078033579740548920e-01,8.173668346142451968e-01,8.250584996845027330e-01,8.368999407246056066e-01,8.494031175165170922e-01,8.582930460562344654e-01,8.650075113054616072e-01,8.702897292989437705e-01,8.781222315845848003e-01,8.852191856254050251e-01,8.911891342306993424e-01,8.973476598257559278e-01
1.005000000000000000e+02,7.411376049961987400e-01,7.768068694341667690e-01,7.952351835848567863e-01,8.078033579486653126e-01,8.173668345547508984e-01,8.250584995757399565e-01,8.368999404828316724e-01,8.494031170297349220e-01,8.582930453327718423e-01,8.650075103790966224e-01,8.702897281796534434e-01,8.781222302225037968e-01,8.852191840580828641e-01,8.911891323839299384e-01,8.973476577985977087e-01
1.007500000000000000e+02,7.411375260842100188e-01,7.768068672037807820e-01,7.952351835127379198e-01,8.078033579231542749e-01,8.173668344954790888e-01,8.250584994684841966e-01,8.368999402410374211e-01,8.494031165472284428e-01,8.582930446101865174e-01,8.650075094484461768e-01,8.702897271058951389e-01,8.781222288881872506e-01,8.852191825123744140e-01,8.911891307762654924e-01,8.973476561354202241e-01
1.010000000000000000e+02,7.411374468544158489e-01,7.768068651757311649e-01,7.952351834433679656e-01,8.078033578977017459e-01,8.173668344359301674e-01,8.250584993605326600e-01,8.368999399994804245e-01,8.494031160608344067e-01,8.582930438944484930e-01,8.650075085364891114e-01,8.702897260138098279e-01,8.781222275207438699e-01,8.852191809066132233e-01,8.911891290606052118e-01,8.973476543203616762e-01
1.012500000000000000e+02,7.411373675486530033e-01,7.768068633435233350e-01,7.952351833769918388e-01,8.078033578720310581e-01,8.173668343769925348e-01,8.250584992532631334e-01,8.368999397592240541e-01,8.494031155845847003e-01,8.582930431819154604e-01,8.650075076204326585e-01,8.702897249286278836e-01,8.781222262182326599e-01,8.852191794158408289e-01,8.911891272860589241e-01,8.973476521839544029e-01
1.015000000000000000e+02,7.411372883922480170e-01,7.768068617002908960e-01,7.952351833138243675e-01,8.078033578462699982e-01,8.173668343179497642e-01,8.250584991455159889e-01,8.368999395200824587e-01,8.494031151040439820e-01,8.582930424727309715e-01,8.650075067039084686e-01,8.702897238490769904e-01,8.781222248924127616e-01,8.852191778839396674e-01,8.911891256673059036e-01,8.973476506785914575e-01
1.017500000000000000e+02,7.411372095942843075e-01,7.768068602386816179e-01,7.952351832538619991e-01,8.078033578203991372e-01,8.173668342591128289e-01,8.250584990391840456e-01,8.368999392813126770e-01,8.494031146294533929e-01,8.582930417592993244e-01,8.650075058000341599e-01,8.702897227822834481e-01,8.781222235519693387e-01,8.852191762832228861e-01,8.911891239769660356e-01,8.973476488938566531e-01
1.020000000000000000e+02,7.411371313483601231e-01,7.768068589512997502e-01,7.952351831972326313e-01,8.078033577946811539e-01,8.173668342000030007e-01,8.250584989322128360e-01,8.368999390424101126e-01,8.494031141504901905e-01,8.582930410601049553e-01,8.650075048977514669e-01,8.702897217180416423e-01,8.781222222600375549e-01,8.852191748361208923e-01,8.911891222719227068e-01,8.973476467884505814e-01
1.022500000000000000e+02,7.411370538330480651e-01,7.768068578295718174e-01,7.952351831439482543e-01,8.078033577687468991e-01,8.173668341414792593e-01,8.250584988258635732e-01,8.368999388052789090e-01,8.494031136816383443e-01,8.582930403565565136e-01,8.650075040023595951e-01,8.702897206397552932e-01,8.781222209448719118e-01,8.852191733182109834e-01,8.911891206433020240e-01,8.973476452988344843e-01
1.025000000000000000e+02,7.411369772124906108e-01,7.768068568660220219e-01,7.952351830941555288e-01,8.078033577427898848e-01,8.173668340828690315e-01,8.250584987191100783e-01,8.368999385687593273e-01,8.494031132089001623e-01,8.582930396612551416e-01,8.650075030954899047e-01,8.702897195989506285e-01,8.781222196610979358e-01,8.852191717952416772e-01,8.911891189777439992e-01,8.973476435437039989e-01
1.027500000000000000e+02,7.411369016368976048e-01,7.768068560521967925e-01,7.952351830476508399e-01,8.078033577167215151e-01,8.173668340244607533e-01,8.250584986136906274e-01,8.368999383329086550e-01,8.494031127403739445e-01,8.582930389573759644e-01,8.650075022176558770e-01,8.702897185407472147e-01,8.781222183478230026e-01,8.852191703182602511e-01,8.911891173396816468e-01,8.973476415757218883e-01
1.030000000000000000e+02,7.411368272431269055e-01,7.768068553796850795e-01,7.952351830044780412e-01,8.078033576908503210e-01,8.173668339657955695e-01,8.250584985076957478e-01,8.368999380966208879e-01,8.494031122700097525e-01,8.582930382737203878e-01,8.650075013270673852e-01,8.702897175017342279e-01,8.781222170899507518e-01,8.852191688231640931e-01,8.911891157023061893e-01,8.973476399937699854e-01
1.032500000000000000e+02,7.411367541552965621e-01,7.768068548401186879e-01,7.952351829645954995e-01,8.078033576647829506e-01,8.173668339076897160e-01,8.250584984022777402e-01,8.368999378625787688e-01,8.494031118070518582e-01,8.582930375817919844e-01,8.650075004495425546e-01,8.702897164486537163e-01,8.781222158139490030e-01,8.852191673656543136e-01,8.911891140775186626e-01,8.973476382674278051e-01
1.035000000000000000e+02,7.411366824851174373e-01,7.768068544251126584e-01,7.952351829279463713e-01,8.078033576387483317e-01,8.173668338495134744e-01,8.250584982965091241e-01,8.368999376286180292e-01,8.494031113419943102e-01,8.582930368972113699e-01,8.650074995636657382e-01,8.702897154271056479e-01,8.781222145190641371e-01,8.852191658615014003e-01,8.911891124875315207e-01,8.973476364377562797e-01
1.037500000000000000e+02,7.411366123327475242e-01,7.768068541263916105e-01,7.952351828943349243e-01,8.078033576126412152e-01,8.173668337915209747e-01,8.250584981919940608e-01,8.368999373956762522e-01,8.494031108793851370e-01,8.582930362093242893e-01,8.650074986996081350e-01,8.702897143954729797e-01,8.781222132782782186e-01,8.852191644391608216e-01,8.911891108424112584e-01,8.973476347608490000e-01
1.040000000000000000e+02,7.411365437870702788e-01,7.768068539356559610e-01,7.952351828637281850e-01,8.078033575867574756e-01,8.173668337332766765e-01,8.250584980869621887e-01,8.368999371619506578e-01,8.494031104173989100e-01,8.582930355341434892e-01,8.650074978288163630e-01,8.702897133627842674e-01,8.781222120104241746e-01,8.852191629938932493e-01,8.911891092815239501e-01,8.973476330625926867e-01
1.042500000000000000e+02,7.411364769264113805e-01,7.768068538448662519e-01,7.952351828359182084e-01,8.078033575606908823e-01,8.173668336755802732e-01,8.250584979824507892e-01,8.368999369309128022e-01,8.494031099602824542e-01,8.582930348555843914e-01,8.650074969603047670e-01,8.702897123468442686e-01,8.781222107718337222e-01,8.852191614653986962e-01,8.911891077136647743e-01,8.973476313723470765e-01
1.045000000000000000e+02,7.411364118187644401e-01,7.768068538459704797e-01,7.952351828109508469e-01,8.078033575346955653e-01,8.173668336178273597e-01,8.250584978776438483e-01,8.368999366994952505e-01,8.494031095027089195e-01,8.582930341794787754e-01,8.650074960994957873e-01,8.702897113314280730e-01,8.781222095098516478e-01,8.852191601122193498e-01,8.911891060618725158e-01,8.973476297055648088e-01
1.047500000000000000e+02,7.411363485228085191e-01,7.768068539313492948e-01,7.952351827884843738e-01,8.078033575086112084e-01,8.173668335602491952e-01,8.250584977740214043e-01,8.368999364693996412e-01,8.494031090458928901e-01,8.582930335071733419e-01,8.650074952442481369e-01,8.702897103257150047e-01,8.781222082943882512e-01,8.852191586793799472e-01,8.911891045625325303e-01,8.973476279268084443e-01
1.050000000000000000e+02,7.411362870879402154e-01,7.768068540933342758e-01,7.952351827684652763e-01,8.078033574828021868e-01,8.173668335024424358e-01,8.250584976699221196e-01,8.368999362382160134e-01,8.494031085921068813e-01,8.582930328402847975e-01,8.650074943927877902e-01,8.702897092990984351e-01,8.781222070656197198e-01,8.852191572248472307e-01,8.911891030163980876e-01,8.973476263772067751e-01
1.052500000000000000e+02,7.411362275549814305e-01,7.768068543246743340e-01,7.952351827506798365e-01,8.078033574568315167e-01,8.173668334451489326e-01,8.250584975663146636e-01,8.368999360101224694e-01,8.494031081406837602e-01,8.582930321747643809e-01,8.650074935330444026e-01,8.702897083194115480e-01,8.781222058140395470e-01,8.852191558417851214e-01,8.911891013588677524e-01,8.973476247372703662e-01
1.055000000000000000e+02,7.411361699566406669e-01,7.768068546183003464e-01,7.952351827351191726e-01,8.078033574309576581e-01,8.173668333878056913e-01,8.250584974624834977e-01,8.368999357812102469e-01,8.494031076904461353e-01,8.582930315069366989e-01,8.650074926966283551e-01,8.702897073189803656e-01,8.781222046217972421e-01,8.852191544215604058e-01,8.911890999188497586e-01,8.973476228577811353e-01
1.057500000000000000e+02,7.411361143180701383e-01,7.768068549674275181e-01,7.952351827214357849e-01,8.078033574049694465e-01,8.173668333306338685e-01,8.250584973597455685e-01,8.368999355539088469e-01,8.494031072393306570e-01,8.582930308498121219e-01,8.650074918500038068e-01,8.702897063294461333e-01,8.781222034004684263e-01,8.852191530375304040e-01,8.911890983940568001e-01,8.973476214501471260e-01
1.060000000000000000e+02,7.411360606571887333e-01,7.768068553655499420e-01,7.952351827096303394e-01,8.078033573793323985e-01,8.173668332732376696e-01,8.250584972565857544e-01,8.368999353252218887e-01,8.494031067935531309e-01,8.582930301910385307e-01,8.650074910173113363e-01,8.702897053375180381e-01,8.781222022030984453e-01,8.852191516272119864e-01,8.911890967316919987e-01,8.973476198364055412e-01
1.062500000000000000e+02,7.411360089848454402e-01,7.768068558064151752e-01,7.952351826994037420e-01,8.078033573535018386e-01,8.173668332163566141e-01,8.250584971538393875e-01,8.368999351000380171e-01,8.494031063477179844e-01,8.582930295382538155e-01,8.650074901731111821e-01,8.702897043644121089e-01,8.781222009898326242e-01,8.852191502682082991e-01,8.911890953488361689e-01,8.973476178864756569e-01
1.065000000000000000e+02,7.411359593062718520e-01,7.768068562841367042e-01,7.952351826908411470e-01,8.078033573278020629e-01,8.173668331594258207e-01,8.250584970509694527e-01,8.368999348735738364e-01,8.494031059046606158e-01,8.582930288785448614e-01,8.650074893535469878e-01,8.702897033887164735e-01,8.781221998146553354e-01,8.852191489030650784e-01,8.911890938449975597e-01,8.973476165890991174e-01
1.067500000000000000e+02,7.411359116203130037e-01,7.768068567931232238e-01,7.952351826835322157e-01,8.078033573019861580e-01,8.173668331026303635e-01,8.250584969491105980e-01,8.368999346490278990e-01,8.494031054591176799e-01,8.582930282362029040e-01,8.650074885248996148e-01,8.702897024047546726e-01,8.781221986307325977e-01,8.852191474679558247e-01,8.911890922055002440e-01,8.973476150008565799e-01
1.070000000000000000e+02,7.411358659205803390e-01,7.768068573279909295e-01,7.952351826774688437e-01,8.078033572765231929e-01,8.173668330456684838e-01,8.250584968468519520e-01,8.368999344227974202e-01,8.494031050211692246e-01,8.582930275864222303e-01,8.650074877009691354e-01,8.702897014476240756e-01,8.781221974202632063e-01,8.852191461750412715e-01,8.911890908509300102e-01,8.973476131745443674e-01
1.072500000000000000e+02,7.411358221955126613e-01,7.768068578838371874e-01,7.952351826724070039e-01,8.078033572508680482e-01,8.173668329891831119e-01,8.250584967450041995e-01,8.368999342004622699e-01,8.494031045808283498e-01,8.582930269450230742e-01,8.650074868802689609e-01,8.702897004799073910e-01,8.781221962741069254e-01,8.852191448208985847e-01,8.911890893676261971e-01,8.973476117918629535e-01
1.075000000000000000e+02,7.411357804289210316e-01,7.768068584559096879e-01,7.952351826684739278e-01,8.078033572253724426e-01,8.173668329326487791e-01,8.250584966430486444e-01,8.368999339764185974e-01,8.494031041448043551e-01,8.582930262981053326e-01,8.650074860687613221e-01,8.702896995283838644e-01,8.781221950969683165e-01,8.852191434297880246e-01,8.911890877911731179e-01,8.973476102285906641e-01
1.077500000000000000e+02,7.411357406003202808e-01,7.768068590399009876e-01,7.952351826652626077e-01,8.078033571997397244e-01,8.173668328762885293e-01,8.250584965420501016e-01,8.368999337545859341e-01,8.494031037047359289e-01,8.582930256653444889e-01,8.650074852581449703e-01,8.702896985596151325e-01,8.781221939387667819e-01,8.852191421335257049e-01,8.911890864235504361e-01,8.973476085267910740e-01
1.080000000000000000e+02,7.411357026853168106e-01,7.768068596317012631e-01,7.952351826627946929e-01,8.078033571744761554e-01,8.173668328197132293e-01,8.250584964407086108e-01,8.368999335308486831e-01,8.494031032744332466e-01,8.582930250278129058e-01,8.650074844422378506e-01,8.702896976266174534e-01,8.781221927717516307e-01,8.852191407905977139e-01,8.911890849604566789e-01,8.973476070564269103e-01
1.082500000000000000e+02,7.411356666557487038e-01,7.768068602275782775e-01,7.952351826608029528e-01,8.078033571490211839e-01,8.173668327636181008e-01,8.250584963397208371e-01,8.368999333112371319e-01,8.494031028400257366e-01,8.582930243940896098e-01,8.650074836444558990e-01,8.702896966796719314e-01,8.781221916348850298e-01,8.852191394667341395e-01,8.911890834447259158e-01,8.973476055174367527e-01
1.085000000000000000e+02,7.411356324804175832e-01,7.768068608240001893e-01,7.952351826594736828e-01,8.078033571237350774e-01,8.173668327074996576e-01,8.250584962386945387e-01,8.368999330897801681e-01,8.494031024103327887e-01,8.582930237615048474e-01,8.650074828408063077e-01,8.702896957361336838e-01,8.781221904935790912e-01,8.852191381431608885e-01,8.911890820651779954e-01,8.973476039412806582e-01
1.087500000000000000e+02,7.411356001249265191e-01,7.768068614178587072e-01,7.952351826583980987e-01,8.078033570983103040e-01,8.173668326515141080e-01,8.250584961385588612e-01,8.368999328703923268e-01,8.494031019775553082e-01,8.582930231362403406e-01,8.650074820477693383e-01,8.702896948007856626e-01,8.781221893222335151e-01,8.852191368429982443e-01,8.911890806219675554e-01,8.973476024303131959e-01
1.090000000000000000e+02,7.411355695523855758e-01,7.768068620062101859e-01,7.952351826577060967e-01,8.078033570732375823e-01,8.173668325953604707e-01,8.250584960381249777e-01,8.368999326494763746e-01,8.494031015528251682e-01,8.582930225106696343e-01,8.650074812424609627e-01,8.702896938727102683e-01,8.781221882197615125e-01,8.852191355519462013e-01,8.911890791648110488e-01,8.973476008654341918e-01
1.092500000000000000e+02,7.411355407234689885e-01,7.768068625864774646e-01,7.952351826571708582e-01,8.078033570479818959e-01,8.173668325396392653e-01,8.250584959379807515e-01,8.368999324321833022e-01,8.494031011252223262e-01,8.582930218844437853e-01,8.650074804642698956e-01,8.702896929488841415e-01,8.781221870846998012e-01,8.852191342035222732e-01,8.911890777743846082e-01,8.973475994162044556e-01
1.095000000000000000e+02,7.411355135967309105e-01,7.768068631562085047e-01,7.952351826567938264e-01,8.078033570228854154e-01,8.173668324839225008e-01,8.250584958378591738e-01,8.368999322133914287e-01,8.494031007007375456e-01,8.582930212658322899e-01,8.650074796748938866e-01,8.702896920102304312e-01,8.781221859638022043e-01,8.852191329663228192e-01,8.911890763506740143e-01,8.973475979285162607e-01
1.097500000000000000e+02,7.411354881289672347e-01,7.768068637133852539e-01,7.952351826564075798e-01,8.078033569976280637e-01,8.173668324283295261e-01,8.250584957385663776e-01,8.368999319962934225e-01,8.494031002754204307e-01,8.582930206479441049e-01,8.650074788924091429e-01,8.702896911075230779e-01,8.781221848406670638e-01,8.852191316850875902e-01,8.911890749499963293e-01,8.973475962705870224e-01
1.100000000000000000e+02,7.411354642752610022e-01,7.768068642561283266e-01,7.952351826560980497e-01,8.078033569727762764e-01,8.173668323725655771e-01,8.250584956389818148e-01,8.368999317781575797e-01,8.494030998558129708e-01,8.582930200340276317e-01,8.650074781091816600e-01,8.702896901880987635e-01,8.781221837402980457e-01,8.852191303528935684e-01,8.911890735497556282e-01,8.973475949496886317e-01
1.102500000000000000e+02,7.411354419895089807e-01,7.768068647827472972e-01,7.952351826556132153e-01,8.078033569477159892e-01,8.173668323172420536e-01,8.250584955397186615e-01,8.368999315631386882e-01,8.494030994348863439e-01,8.582930194151623393e-01,8.650074773383588100e-01,8.702896892829309339e-01,8.781221826394846053e-01,8.852191291369911896e-01,8.911890721593143105e-01,8.973475934846837365e-01
1.105000000000000000e+02,7.411354212242448058e-01,7.768068652918849182e-01,7.952351826551866676e-01,8.078033569227998090e-01,8.173668322619165316e-01,8.250584954404809324e-01,8.368999313469478452e-01,8.494030990155181371e-01,8.582930188101834945e-01,8.650074765658456455e-01,8.702896883686231932e-01,8.781221815054062185e-01,8.852191278657151052e-01,8.911890707989973404e-01,8.973475917308814109e-01
1.107500000000000000e+02,7.411354019313498576e-01,7.768068657823523626e-01,7.952351826544735713e-01,8.078033568976963341e-01,8.173668322067251246e-01,8.250584953420145862e-01,8.368999311321430046e-01,8.494030985975006276e-01,8.582930181995226393e-01,8.650074757907173506e-01,8.702896874781645975e-01,8.781221804444818702e-01,8.852191265977205070e-01,8.911890693898784077e-01,8.973475905398685670e-01
1.110000000000000000e+02,7.411353840617137534e-01,7.768068662531210089e-01,7.952351826536349089e-01,8.078033568730340619e-01,8.173668321513560819e-01,8.250584952433378527e-01,8.368999309167134415e-01,8.494030981829319149e-01,8.582930175970088227e-01,8.650074750290170922e-01,8.702896865808696925e-01,8.781221793493709793e-01,8.852191253545768079e-01,8.911890680534390041e-01,8.973475890970804558e-01
1.112500000000000000e+02,7.411353675658788331e-01,7.768068667033491970e-01,7.952351826524433065e-01,8.078033568481441939e-01,8.173668320964128098e-01,8.250584951448877158e-01,8.368999307039507451e-01,8.494030977685173012e-01,8.582930169876501481e-01,8.650074742653889315e-01,8.702896856801555225e-01,8.781221782639878626e-01,8.852191241089966134e-01,8.911890667105105690e-01,8.973475873959905202e-01
1.115000000000000000e+02,7.411353523940240606e-01,7.768068671324500629e-01,7.952351826511511179e-01,8.078033568234230799e-01,8.173668320414755328e-01,8.250584950465656986e-01,8.368999304902988712e-01,8.494030973541779606e-01,8.582930163936502987e-01,8.650074735093480349e-01,8.702896847972262373e-01,8.781221771825904465e-01,8.852191228867496431e-01,8.911890652934113533e-01,8.973475861849881108e-01
1.117500000000000000e+02,7.411353384959490365e-01,7.768068675399582013e-01,7.952351826494886700e-01,8.078033567984720387e-01,8.173668319866597143e-01,8.250584949489047082e-01,8.368999302777472282e-01,8.494030969433012945e-01,8.582930157936848881e-01,8.650074727414126530e-01,8.702896839111013971e-01,8.781221761169616391e-01,8.852191216186715561e-01,8.911890640090467386e-01,8.973475847638838765e-01
1.120000000000000000e+02,7.411353258216257789e-01,7.768068679254940267e-01,7.952351826475488883e-01,8.078033567739731913e-01,8.173668319316993447e-01,8.250584948510988337e-01,8.368999300649989648e-01,8.494030965336833994e-01,8.582930151986751799e-01,8.650074720007053797e-01,8.702896830354061031e-01,8.781221750547106852e-01,8.852191204332978680e-01,8.911890626832315032e-01,8.973475831753529031e-01
1.122500000000000000e+02,7.411353143209199468e-01,7.768068682889405219e-01,7.952351826451865557e-01,8.078033567492217681e-01,8.173668318771252217e-01,8.250584947534630453e-01,8.368999298544420595e-01,8.494030961256359147e-01,8.582930146025272711e-01,8.650074712479773886e-01,8.702896821414800588e-01,8.781221739561209105e-01,8.852191192197031988e-01,8.911890612590035454e-01,8.973475818833036577e-01
1.125000000000000000e+02,7.411353039441473944e-01,7.768068686302129766e-01,7.952351826426665715e-01,8.078033567246799551e-01,8.173668318225736362e-01,8.250584946559985644e-01,8.368999296433221602e-01,8.494030957162467255e-01,8.582930140153460785e-01,8.650074705041254086e-01,8.702896812867377818e-01,8.781221729347190585e-01,8.852191179423434253e-01,8.911890600249282590e-01,8.973475804833130898e-01
1.127500000000000000e+02,7.411352946417695264e-01,7.768068689493848877e-01,7.952351826397228152e-01,8.078033566998693571e-01,8.173668317681581641e-01,8.250584945591651342e-01,8.368999294329690919e-01,8.494030953123511418e-01,8.582930134263931921e-01,8.650074697559128056e-01,8.702896804148536614e-01,8.781221718776310858e-01,8.852191168009524436e-01,8.911890587159277954e-01,8.973475790084918247e-01
1.130000000000000000e+02,7.411352863648005274e-01,7.768068692466718606e-01,7.952351826364547627e-01,8.078033566755407069e-01,8.173668317135762695e-01,8.250584944622142425e-01,8.368999292228408438e-01,8.494030949075890291e-01,8.582930128381917045e-01,8.650074690230070695e-01,8.702896795501807725e-01,8.781221708260926739e-01,8.852191155962368940e-01,8.911890572854325177e-01,8.973475776334726151e-01
1.132500000000000000e+02,7.411352790648680910e-01,7.768068695223202536e-01,7.952351826327809237e-01,8.078033566509364993e-01,8.173668316593889482e-01,8.250584943653971326e-01,8.368999290144640835e-01,8.494030945057923221e-01,8.582930122549348173e-01,8.650074682860867670e-01,8.702896786863957290e-01,8.781221697844245888e-01,8.852191143802176088e-01,8.911890560998444455e-01,8.973475762536533562e-01
1.135000000000000000e+02,7.411352726941179414e-01,7.768068697767167574e-01,7.952351826289068004e-01,8.078033566265420129e-01,8.173668316052256078e-01,8.250584942687878565e-01,8.368999288058210917e-01,8.494030941012539193e-01,8.582930116744409421e-01,8.650074675489620724e-01,8.702896778356231655e-01,8.781221687518970809e-01,8.852191132116857819e-01,8.911890548074233864e-01,8.973475748937822516e-01
1.137500000000000000e+02,7.411352672055738777e-01,7.768068700103104574e-01,7.952351826245975808e-01,8.078033566019018341e-01,8.173668315511631866e-01,8.250584941727853172e-01,8.368999285976408409e-01,8.494030937041728846e-01,8.582930110961982662e-01,8.650074668210124829e-01,8.702896769844543634e-01,8.781221677263404413e-01,8.852191120169635719e-01,8.911890533946020820e-01,8.973475735390971098e-01
1.140000000000000000e+02,7.411352625531092420e-01,7.768068702236209377e-01,7.952351826200237950e-01,8.078033565776663316e-01,8.173668314969720905e-01,8.250584940766524378e-01,8.368999283901028541e-01,8.494030933041911702e-01,8.582930105146985289e-01,8.650074660947038030e-01,8.702896761236388334e-01,8.781221666661422898e-01,8.852191108585968360e-01,8.911890522326195718e-01,8.973475720732143612e-01
1.142500000000000000e+02,7.411352586912847151e-01,7.768068704172411687e-01,7.952351826150416692e-01,8.078033565531402838e-01,8.173668314431560278e-01,8.250584939806373530e-01,8.368999281838885862e-01,8.494030929085208959e-01,8.582930099440080340e-01,8.650074653732074959e-01,8.702896752894098142e-01,8.781221656778064322e-01,8.852191096651310653e-01,8.911890509564929230e-01,8.973475708297089515e-01
1.145000000000000000e+02,7.411352555760014615e-01,7.768068705917815508e-01,7.952351826098722487e-01,8.078033565289254314e-01,8.173668313893736048e-01,8.250584938848961603e-01,8.368999279776550004e-01,8.494030925091702322e-01,8.582930093700915641e-01,8.650074646426934022e-01,8.702896744424063469e-01,8.781221646569269401e-01,8.852191085279700333e-01,8.911890495973024962e-01,8.973475694948672698e-01
1.147500000000000000e+02,7.411352531637304120e-01,7.768068707479857116e-01,7.952351826043377869e-01,8.078033565044000497e-01,8.173668313356887705e-01,8.250584937896644488e-01,8.368999277716503427e-01,8.494030921183494121e-01,8.582930088023401627e-01,8.650074639345061156e-01,8.702896736114634768e-01,8.781221636376755901e-01,8.852191073772628371e-01,8.911890484221396402e-01,8.973475679402577176e-01
1.150000000000000000e+02,7.411352514122726554e-01,7.768068708864955818e-01,7.952351825985612965e-01,8.078033564803147604e-01,8.173668312818807014e-01,8.250584936943585745e-01,8.368999275666285653e-01,8.494030917240288359e-01,8.582930082274748962e-01,8.650074632160414945e-01,8.702896727662347010e-01,8.781221626338251429e-01,8.852191061609844258e-01,8.911890471620423915e-01,8.973475668146408957e-01
1.152500000000000000e+02,7.411352502804485765e-01,7.768068710081439399e-01,7.952351825924444118e-01,8.078033564559687907e-01,8.173668312284236848e-01,8.250584935991724933e-01,8.368999273625359336e-01,8.494030913333802113e-01,8.582930076689795351e-01,8.650074625082271318e-01,8.702896719490404998e-01,8.781221616328785951e-01,8.852191050787953097e-01,8.911890458546022353e-01,8.973475654991666106e-01
1.155000000000000000e+02,7.411352497283870688e-01,7.768068711136496551e-01,7.952351825861709855e-01,8.078033564318597426e-01,8.173668311750249549e-01,8.250584935042620804e-01,8.368999271586952116e-01,8.494030909406953267e-01,8.582930071034895469e-01,8.650074617927850928e-01,8.702896711214125336e-01,8.781221606422703330e-01,8.852191039359966762e-01,8.911890446672323662e-01,8.973475639095059853e-01
1.157500000000000000e+02,7.411352497171843634e-01,7.768068712038417312e-01,7.952351825796180051e-01,8.078033564074581507e-01,8.173668311217097138e-01,8.250584934098272871e-01,8.368999269548077491e-01,8.494030905544096566e-01,8.582930065439822176e-01,8.650074610952442900e-01,8.702896702944892260e-01,8.781221596200678992e-01,8.852191027684285229e-01,8.911890434228963986e-01,8.973475628470759524e-01
1.160000000000000000e+02,7.411352502092463101e-01,7.768068712795757058e-01,7.952351825728654067e-01,8.078033563834798869e-01,8.173668310682777882e-01,8.250584933153396472e-01,8.368999267522732044e-01,8.494030901660420962e-01,8.582930059813275170e-01,8.650074603916347860e-01,8.702896694776821596e-01,8.781221586618255248e-01,8.852191016692155801e-01,8.911890421654200534e-01,8.973475615505210889e-01
1.162500000000000000e+02,7.411352511680795452e-01,7.768068713415562376e-01,7.952351825658469098e-01,8.078033563592678101e-01,8.173668310151941396e-01,8.250584932209290567e-01,8.368999265502576890e-01,8.494030897799362823e-01,8.582930054290296429e-01,8.650074596899782753e-01,8.702896686639289836e-01,8.781221576754847380e-01,8.852191005344702823e-01,8.911890409668209445e-01,8.973475600629888804e-01
1.165000000000000000e+02,7.411352525586754059e-01,7.768068713907214651e-01,7.952351825587211653e-01,8.078033563352468027e-01,8.173668309621685557e-01,8.250584931268436506e-01,8.368999263487830742e-01,8.494030893937744020e-01,8.582930048736756579e-01,8.650074589936331826e-01,8.702896678556978349e-01,8.781221566870541784e-01,8.852190994230236809e-01,8.911890397379955697e-01,8.973475589254772400e-01
1.167500000000000000e+02,7.411352543470002274e-01,7.768068714278126841e-01,7.952351825513649386e-01,8.078033563109864312e-01,8.173668309092205764e-01,8.250584930331918976e-01,8.368999261469681761e-01,8.494030890119493860e-01,8.582930043203597092e-01,8.650074583021521990e-01,8.702896670321780270e-01,8.781221557191893901e-01,8.852190982989447399e-01,8.911890385287791760e-01,8.973475576474272408e-01
1.170000000000000000e+02,7.411352565005022708e-01,7.768068714536854324e-01,7.952351825438943589e-01,8.078033562871395068e-01,8.173668308561606866e-01,8.250584929395147205e-01,8.368999259469037666e-01,8.494030886294001714e-01,8.582930037696047121e-01,8.650074576130082349e-01,8.702896662431961472e-01,8.781221547483936130e-01,8.852190972067435215e-01,8.911890373197888238e-01,8.973475562630929270e-01
1.172500000000000000e+02,7.411352589876841757e-01,7.768068714691223065e-01,7.952351825362222737e-01,8.078033562630507758e-01,8.173668308034438557e-01,8.250584928458908340e-01,8.368999257469410535e-01,8.494030882477425770e-01,8.582930032234286077e-01,8.650074569173976657e-01,8.702896654381248043e-01,8.781221537911435560e-01,8.852190961145853798e-01,8.911890361185050846e-01,8.973475550483692720e-01
1.175000000000000000e+02,7.411352617785549324e-01,7.768068714749254422e-01,7.952351825284791342e-01,8.078033562391668809e-01,8.173668307507797604e-01,8.250584927526248835e-01,8.368999255477843624e-01,8.494030878679810215e-01,8.582930026779590493e-01,8.650074562397082056e-01,8.702896646434684635e-01,8.781221528051234015e-01,8.852190949676895793e-01,8.911890349436003556e-01,8.973475537884048059e-01
1.177500000000000000e+02,7.411352648440625579e-01,7.768068714719462697e-01,7.952351825206053215e-01,8.078033562150365166e-01,8.173668306981910492e-01,8.250584926597067659e-01,8.368999253480441380e-01,8.494030874905477146e-01,8.582930021307274560e-01,8.650074555541241716e-01,8.702896638435554388e-01,8.781221518756342492e-01,8.852190939281570081e-01,8.911890337251899830e-01,8.973475525085178317e-01
1.180000000000000000e+02,7.411352681567553446e-01,7.768068714607051506e-01,7.952351825126477980e-01,8.078033561912738580e-01,8.173668306454912047e-01,8.250584925668681402e-01,8.368999251503588255e-01,8.494030871137042693e-01,8.582930015916228061e-01,8.650074548791439888e-01,8.702896630614275209e-01,8.781221509222528754e-01,8.852190928429676253e-01,8.911890325700927429e-01,8.973475512706459156e-01
1.182500000000000000e+02,7.411352716901368209e-01,7.768068714421512144e-01,7.952351825045267386e-01,8.078033561673189089e-01,8.173668305931643951e-01,8.250584924740107517e-01,8.368999249524433637e-01,8.494030867364228410e-01,8.582930010513865060e-01,8.650074541944345885e-01,8.702896622750057043e-01,8.781221499632345662e-01,8.852190917206625986e-01,8.911890314090331611e-01,8.973475499719421045e-01
1.185000000000000000e+02,7.411352754190710934e-01,7.768068714169747979e-01,7.952351824964074556e-01,8.078033561435224996e-01,8.173668305408339219e-01,8.250584923815523775e-01,8.368999247555495291e-01,8.494030863629045136e-01,8.582930005156028663e-01,8.650074535299595579e-01,8.702896614834025879e-01,8.781221490297034249e-01,8.852190906859962460e-01,8.911890301819352933e-01,8.973475487978879173e-01
1.187500000000000000e+02,7.411352793195892241e-01,7.768068713857853025e-01,7.952351824882432085e-01,8.078033561195304690e-01,8.173668304886222424e-01,8.250584922894129702e-01,8.368999245578351287e-01,8.494030859897894192e-01,8.582929999743500460e-01,8.650074528574994703e-01,8.702896607102943438e-01,8.781221480876889585e-01,8.852190896080140980e-01,8.911890290714364893e-01,8.973475475774089771e-01
1.190000000000000000e+02,7.411352833689833774e-01,7.768068713493441191e-01,7.952351824800111268e-01,8.078033560958839399e-01,8.173668304362912140e-01,8.250584921973290742e-01,8.368999243625293571e-01,8.494030856185343925e-01,8.582929994465878787e-01,8.650074521890073198e-01,8.702896599311701342e-01,8.781221471622355779e-01,8.852190885394441988e-01,8.911890279239874646e-01,8.973475461965735311e-01
1.192500000000000000e+02,7.411352875456269640e-01,7.768068713081687227e-01,7.952351824717018847e-01,8.078033560720435657e-01,8.173668303842857030e-01,8.250584921052400711e-01,8.368999241665994182e-01,8.494030852455687342e-01,8.582929989128308401e-01,8.650074515223182825e-01,8.702896591629453171e-01,8.781221462107037246e-01,8.852190874799867881e-01,8.911890266890223344e-01,8.973475451298156269e-01
1.195000000000000000e+02,7.411352918290162739e-01,7.768068712629193628e-01,7.952351824633866473e-01,8.078033560483709463e-01,8.173668303323401441e-01,8.250584920135777267e-01,8.368999239719498995e-01,8.494030848781803922e-01,8.582929983859109990e-01,8.650074508633813775e-01,8.702896583794226260e-01,8.781221453087031392e-01,8.852190864298183914e-01,8.911890256216142836e-01,8.973475439263850495e-01
1.197500000000000000e+02,7.411352961999143618e-01,7.768068712141590337e-01,7.952351824550768500e-01,8.078033560245284628e-01,8.173668302804861785e-01,8.250584919221959357e-01,8.368999237762302368e-01,8.494030845093109017e-01,8.582929978540750904e-01,8.650074502045491665e-01,8.702896576274231633e-01,8.781221443867668341e-01,8.852190853922528024e-01,8.911890244876233824e-01,8.973475424608701179e-01
1.200000000000000000e+02,7.411353006401232291e-01,7.768068711624668277e-01,7.952351824467360775e-01,8.078033560009867386e-01,8.173668302285161946e-01,8.250584918309084026e-01,8.368999235832578210e-01,8.494030841435107337e-01,8.582929973338551122e-01,8.650074495415961406e-01,8.702896568619524764e-01,8.781221434558232897e-01,8.852190843100052886e-01,8.911890232455091931e-01,8.973475415030504054e-01
1.202500000000000000e+02,7.411353051324564012e-01,7.768068711082961597e-01,7.952351824383702139e-01,8.078033559772718197e-01,8.173668301768513000e-01,8.250584917395448192e-01,8.368999233893045231e-01,8.494030837747914564e-01,8.582929968094321627e-01,8.650074488925036942e-01,8.702896561007545939e-01,8.781221425550852500e-01,8.852190833103306122e-01,8.911890222197411671e-01,8.973475403162377573e-01
1.205000000000000000e+02,7.411353096607868896e-01,7.768068710521913722e-01,7.952351824300218919e-01,8.078033559537165509e-01,8.173668301252956514e-01,8.250584916486645159e-01,8.368999231968432539e-01,8.494030834133776686e-01,8.582929962881663544e-01,8.650074482389875641e-01,8.702896553430562454e-01,8.781221416405962099e-01,8.852190822789240965e-01,8.911890210989569239e-01,8.973475389191404306e-01
1.207500000000000000e+02,7.411353142101245739e-01,7.768068709945605832e-01,7.952351824217102072e-01,8.078033559299724331e-01,8.173668300737537695e-01,8.250584915580397860e-01,8.368999230031112235e-01,8.494030830487866446e-01,8.582929957673753885e-01,8.650074475934880214e-01,8.702896545937666151e-01,8.781221407454670169e-01,8.852190811989041341e-01,8.911890198706104993e-01,8.973475379162549892e-01
1.210000000000000000e+02,7.411353187663687336e-01,7.768068709358724178e-01,7.952351824133918612e-01,8.078033559065317393e-01,8.173668300221734739e-01,8.250584914675251902e-01,8.368999228124049949e-01,8.494030826882535967e-01,8.582929952526924255e-01,8.650074469376107800e-01,8.702896538457934872e-01,8.781221398268992395e-01,8.852190802243479206e-01,8.911890188648718958e-01,8.973475367456509311e-01
1.212500000000000000e+02,7.411353233164235110e-01,7.768068708764438446e-01,7.952351824050649665e-01,8.078033558829689209e-01,8.173668299708705121e-01,8.250584913769106743e-01,8.368999226203998054e-01,8.494030823247313844e-01,8.582929947374164925e-01,8.650074463040519079e-01,8.702896530872293868e-01,8.781221389511593145e-01,8.852190791993232999e-01,8.911890177571827332e-01,8.973475354425457517e-01
1.215000000000000000e+02,7.411353278480270479e-01,7.768068708167372716e-01,7.952351823967961364e-01,8.078033558595221209e-01,8.173668299196351628e-01,8.250584912868136334e-01,8.368999224301018058e-01,8.494030819681404054e-01,8.582929942216932506e-01,8.650074456608334295e-01,8.702896523548487862e-01,8.781221380592005854e-01,8.852190781709243783e-01,8.911890165749462023e-01,8.973475343680745731e-01
1.217500000000000000e+02,7.411353323499282331e-01,7.768068707569658615e-01,7.952351823885909221e-01,8.078033558359197785e-01,8.173668298684733102e-01,8.250584911969188751e-01,8.368999222383880499e-01,8.494030816088553593e-01,8.582929937116862140e-01,8.650074450233687928e-01,8.702896516095216528e-01,8.781221371551622967e-01,8.852190771717308726e-01,8.911890155562035565e-01,8.973475332133895588e-01
1.220000000000000000e+02,7.411353368118223095e-01,7.768068706975801430e-01,7.952351823803506248e-01,8.078033558125892188e-01,8.173668298172275248e-01,8.250584911071534577e-01,8.368999220498540836e-01,8.494030812523950535e-01,8.582929932024739861e-01,8.650074443845223726e-01,8.702896508772838269e-01,8.781221362856548307e-01,8.852190761608345060e-01,8.911890144613371367e-01,8.973475320054618010e-01
1.222500000000000000e+02,7.411353412239869431e-01,7.768068706387440958e-01,7.952351823721754975e-01,8.078033557891465266e-01,8.173668297662475268e-01,8.250584910172827913e-01,8.368999218599131318e-01,8.494030808947240496e-01,8.582929926961175848e-01,8.650074437560566487e-01,8.702896501345387392e-01,8.781221353974949517e-01,8.852190751742070596e-01,8.911890133237249101e-01,8.973475308707128395e-01
1.225000000000000000e+02,7.411353455776226173e-01,7.768068705807487095e-01,7.952351823640182449e-01,8.078033557657989805e-01,8.173668297153849904e-01,8.250584909279701229e-01,8.368999216716307421e-01,8.494030805421027841e-01,8.582929921858512001e-01,8.650074431256584706e-01,8.702896494136731498e-01,8.781221345313932058e-01,8.852190741523098261e-01,8.911890122928086688e-01,8.973475297180916188e-01
1.227500000000000000e+02,7.411353498648681759e-01,7.768068705237780591e-01,7.952351823559502542e-01,8.078033557423293098e-01,8.173668296645567599e-01,8.250584908387786909e-01,8.368999214821213339e-01,8.494030801880397830e-01,8.582929916863928366e-01,8.650074424932706618e-01,8.702896486851698921e-01,8.781221336442407432e-01,8.852190731899437504e-01,8.911890112106783945e-01,8.973475286067152945e-01
1.230000000000000000e+02,7.411353540782390503e-01,7.768068704681646564e-01,7.952351823478787107e-01,8.078033557191057756e-01,8.173668296136749056e-01,8.250584907497716669e-01,8.368999212954933986e-01,8.494030798355204359e-01,8.582929911825123437e-01,8.650074418710591573e-01,8.702896479552973963e-01,8.781221327936380439e-01,8.852190722087057706e-01,8.911890101161357158e-01,8.973475274872779739e-01
1.232500000000000000e+02,7.411353582113771044e-01,7.768068704139292624e-01,7.952351823398695618e-01,8.078033556958033046e-01,8.173668295630606151e-01,8.250584906606381885e-01,8.368999211076881828e-01,8.494030794836019416e-01,8.582929906849195989e-01,8.650074412475885488e-01,8.702896472369913150e-01,8.781221319303529338e-01,8.852190711682910162e-01,8.911890090739373882e-01,8.973475262585433043e-01
1.235000000000000000e+02,7.411353622583791712e-01,7.768068703613195680e-01,7.952351823318603019e-01,8.078033556725850994e-01,8.173668295125169347e-01,8.250584905720678153e-01,8.368999209212486523e-01,8.494030791349078680e-01,8.582929901815552487e-01,8.650074406297311169e-01,8.702896465184428720e-01,8.781221310520237466e-01,8.852190702498744512e-01,8.911890080042524920e-01,8.973475252451424966e-01
1.237500000000000000e+02,7.411353662139961163e-01,7.768068703104479278e-01,7.952351823239561801e-01,8.078033556492408840e-01,8.173668294620412000e-01,8.250584904836053557e-01,8.368999207339680169e-01,8.494030787859474518e-01,8.582929896908432221e-01,8.650074400023198828e-01,8.702896458063937857e-01,8.781221302123831673e-01,8.852190692743587830e-01,8.911890069513533907e-01,8.973475241407083969e-01
1.240000000000000000e+02,7.411353700736015293e-01,7.768068702614200349e-01,7.952351823160543898e-01,8.078033556261130510e-01,8.173668294115044031e-01,8.250584903953420701e-01,8.368999205491898241e-01,8.494030784373454157e-01,8.582929891949493406e-01,8.650074393963573804e-01,8.702896450787944715e-01,8.781221293522595284e-01,8.852190682835149316e-01,8.911890058986958740e-01,8.973475228334291121e-01
1.242500000000000000e+02,7.411353738331881713e-01,7.768068702143587911e-01,7.952351823081854620e-01,8.078033556029334816e-01,8.173668293612087465e-01,8.250584903069283493e-01,8.368999203634684969e-01,8.494030780910506451e-01,8.582929887031757188e-01,8.650074387805757326e-01,8.702896443844370111e-01,8.781221285109938046e-01,8.852190673406205024e-01,8.911890048519969243e-01,8.973475219195669039e-01
1.245000000000000000e+02,7.411353774892734947e-01,7.768068701692949496e-01,7.952351823003512843e-01,8.078033555798231902e-01,8.173668293110306626e-01,8.250584902191130388e-01,8.368999201788539510e-01,8.494030777461840653e-01,8.582929882100608365e-01,8.650074381721806205e-01,8.702896436746502262e-01,8.781221276539193932e-01,8.852190663709370577e-01,8.911890038286746085e-01,8.973475208298125061e-01
1.247500000000000000e+02,7.411353810389341712e-01,7.768068701263147746e-01,7.952351822926160274e-01,8.078033555566197510e-01,8.173668292608805563e-01,8.250584901313696706e-01,8.368999199937686706e-01,8.494030774022519603e-01,8.582929877244190875e-01,8.650074375594845044e-01,8.702896429721417304e-01,8.781221268273566860e-01,8.852190654275459147e-01,8.911890027663048608e-01,8.973475195141157323e-01
1.250000000000000000e+02,7.411353844797119450e-01,7.768068700854536823e-01,7.952351822848713336e-01,8.078033555335955018e-01,8.173668292106940347e-01,8.250584900438409086e-01,8.368999198108051374e-01,8.494030770574864109e-01,8.582929872369730040e-01,8.650074369596003621e-01,8.702896422675044930e-01,8.781221259914909760e-01,8.852190644619961635e-01,8.911890017595774927e-01,8.973475186288470962e-01
1.252500000000000000e+02,7.411353878097316494e-01,7.768068700467569698e-01,7.952351822771815959e-01,8.078033555105607055e-01,8.173668291607426584e-01,8.250584899561203001e-01,8.368999196271348362e-01,8.494030767166840246e-01,8.582929867502818722e-01,8.650074363559024926e-01,8.702896415758446524e-01,8.781221251377664405e-01,8.852190635345342784e-01,8.911890007473293185e-01,8.973475175534567638e-01
1.255000000000000000e+02,7.411353910274370849e-01,7.768068700102298552e-01,7.952351822694890826e-01,8.078033554875604372e-01,8.173668291108977524e-01,8.250584898690521696e-01,8.368999194443663692e-01,8.494030763756033053e-01,8.582929862671943022e-01,8.650074357521843060e-01,8.702896408818926455e-01,8.781221243266450482e-01,8.852190626003283436e-01,8.911889996760381516e-01,8.973475163235972163e-01
1.257500000000000000e+02,7.411353941315645955e-01,7.768068699758654549e-01,7.952351822619054822e-01,8.078033554644614700e-01,8.173668290610929255e-01,8.250584897820156804e-01,8.368999192614199334e-01,8.494030760365715027e-01,8.582929857865190248e-01,8.650074351552254903e-01,8.702896401814309568e-01,8.781221234936132936e-01,8.852190616138929657e-01,8.911889987078852604e-01,8.973475153718977193e-01
1.260000000000000000e+02,7.411353971216271264e-01,7.768068699436613267e-01,7.952351822543111126e-01,8.078033554415766648e-01,8.173668290112325874e-01,8.250584896952058989e-01,8.368999190802437482e-01,8.494030756955927020e-01,8.582929853073685278e-01,8.650074345599315651e-01,8.702896394999176666e-01,8.781221226759025056e-01,8.852190607310438386e-01,8.911889977066277391e-01,8.973475143105008600e-01
1.262500000000000000e+02,7.411353999971579398e-01,7.768068699135890487e-01,7.952351822467584874e-01,8.078033554186360155e-01,8.173668289616217164e-01,8.250584896081850639e-01,8.368999188985989379e-01,8.494030753601783390e-01,8.582929848256589667e-01,8.650074339680661195e-01,8.702896388102083769e-01,8.781221218475067092e-01,8.852190598017993794e-01,8.911889966270727381e-01,8.973475131676538208e-01
1.265000000000000000e+02,7.411354027581746884e-01,7.768068698856538390e-01,7.952351822392038638e-01,8.078033553957765234e-01,8.173668289121193142e-01,8.250584895218475712e-01,8.368999187176054955e-01,8.494030750228362958e-01,8.582929843523343649e-01,8.650074333689070638e-01,8.702896381317809515e-01,8.781221210439890124e-01,8.852190588462033327e-01,8.911889956962504300e-01,8.973475121475320559e-01
1.267500000000000000e+02,7.411354054049611451e-01,7.768068698597913047e-01,7.952351822317447194e-01,8.078033553728189986e-01,8.173668288626367850e-01,8.250584894354900944e-01,8.368999185367624882e-01,8.494030746886375161e-01,8.582929838765743780e-01,8.650074327873549240e-01,8.702896374404150981e-01,8.781221202343467702e-01,8.852190579559661154e-01,8.911889947058480033e-01,8.973475110998871962e-01
1.270000000000000000e+02,7.411354079381662352e-01,7.768068698359390511e-01,7.952351822242330615e-01,8.078033553500150177e-01,8.173668288131167303e-01,8.250584893494151695e-01,8.368999183573686551e-01,8.494030743513698578e-01,8.582929834055162965e-01,8.650074321973576508e-01,8.702896367743958583e-01,8.781221194042045930e-01,8.852190570319088403e-01,8.911889936186837557e-01,8.973475100453215392e-01
1.272500000000000000e+02,7.411354103586955677e-01,7.768068698140982997e-01,7.952351822168379769e-01,8.078033553272027101e-01,8.173668287638340413e-01,8.250584892631007694e-01,8.368999181777181384e-01,8.494030740212429320e-01,8.582929829286938261e-01,8.650074316162426058e-01,8.702896360978781276e-01,8.781221186203815865e-01,8.852190561219597242e-01,8.911889927239569076e-01,8.973475090155075273e-01
1.275000000000000000e+02,7.411354126676679144e-01,7.768068697941182821e-01,7.952351822093627343e-01,8.078033553044409176e-01,8.173668287146705902e-01,8.250584891774777052e-01,8.368999179984871750e-01,8.494030736880490151e-01,8.582929824649613293e-01,8.650074310281491430e-01,8.702896354232987353e-01,8.781221178133141736e-01,8.852190552091913078e-01,8.911889917442281650e-01,8.973475079204366045e-01
1.277500000000000000e+02,7.411354148664125452e-01,7.768068697760436292e-01,7.952351822020156114e-01,8.078033552816096252e-01,8.173668286655206838e-01,8.250584890918100101e-01,8.368999178197532585e-01,8.494030733580764103e-01,8.582929819954431272e-01,8.650074304550747772e-01,8.702896347542845579e-01,8.781221170180838476e-01,8.852190543144813351e-01,8.911889906677746831e-01,8.973475069555347794e-01
1.280000000000000000e+02,7.411354169564752237e-01,7.768068697597392269e-01,7.952351821946104238e-01,8.078033552589104493e-01,8.173668286163453534e-01,8.250584890064404098e-01,8.368999176420615083e-01,8.494030730259974904e-01,8.582929815308815158e-01,8.650074298764846015e-01,8.702896340900061478e-01,8.781221162171897188e-01,8.852190534242625475e-01,8.911889897903276792e-01,8.973475059390110253e-01
1.282500000000000000e+02,7.411354189396958114e-01,7.768068697451226967e-01,7.952351821872853943e-01,8.078033552362425818e-01,8.173668285673836298e-01,8.250584889208112394e-01,8.368999174643853012e-01,8.494030726995199787e-01,8.582929810633469492e-01,8.650074292996760006e-01,8.702896334284275781e-01,8.781221154357085057e-01,8.852190524906363711e-01,8.911889888211749211e-01,8.973475047710127717e-01
1.285000000000000000e+02,7.411354208179986580e-01,7.768068697322050298e-01,7.952351821798836484e-01,8.078033552135913675e-01,8.173668285185370364e-01,8.250584888359024927e-01,8.368999172868881731e-01,8.494030723710123132e-01,8.582929806044872212e-01,8.650074287265088202e-01,8.702896327555654787e-01,8.781221146511684061e-01,8.852190516388771524e-01,8.911889877848209185e-01,8.973475038973264262e-01
1.287500000000000000e+02,7.411354225934361217e-01,7.768068697208169171e-01,7.952351821726171277e-01,8.078033551908636589e-01,8.173668284697080955e-01,8.250584887509160303e-01,8.368999171101766388e-01,8.494030720446048566e-01,8.582929801428186289e-01,8.650074281576463076e-01,8.702896321084631071e-01,8.781221138436156037e-01,8.852190507530239838e-01,8.911889868946906157e-01,8.973475028937750730e-01
1.290000000000000000e+02,7.411354242682768323e-01,7.768068697108895249e-01,7.952351821652942077e-01,8.078033551683166946e-01,8.173668284208903678e-01,8.250584886662393203e-01,8.368999169342410394e-01,8.494030717176984657e-01,8.582929796828889790e-01,8.650074275902274179e-01,8.702896314487451601e-01,8.781221130859200308e-01,8.852190498305076982e-01,8.911889859359659605e-01,8.973475016517488134e-01
1.292500000000000000e+02,7.411354258449187604e-01,7.768068697024184122e-01,7.952351821580184721e-01,8.078033551457434180e-01,8.173668283722311800e-01,8.250584885812867197e-01,8.368999167584898480e-01,8.494030713947043898e-01,8.582929792246952738e-01,8.650074270176172364e-01,8.702896307988855495e-01,8.781221123036574427e-01,8.852190489895243042e-01,8.911889849383848317e-01,8.973475008696455424e-01
1.295000000000000000e+02,7.411354273257221292e-01,7.768068696952390439e-01,7.952351821506928875e-01,8.078033551231903475e-01,8.173668283237239818e-01,8.250584884970920685e-01,8.368999165827117892e-01,8.494030710708048160e-01,8.582929787703985625e-01,8.650074264590550399e-01,8.702896301420370850e-01,8.781221115300308355e-01,8.852190481082701234e-01,8.911889840363521609e-01,8.973474998788230073e-01
1.297500000000000000e+02,7.411354287132616570e-01,7.768068696893292158e-01,7.952351821434743284e-01,8.078033551006285062e-01,8.173668282752362124e-01,8.250584884127849516e-01,8.368999164080195285e-01,8.494030707478761322e-01,8.582929783163970594e-01,8.650074258943217798e-01,8.702896295020535744e-01,8.781221107554182392e-01,8.852190472297140067e-01,8.911889830879585750e-01,8.973474987153722271e-01
1.300000000000000000e+02,7.411354300102985793e-01,7.768068696845699117e-01,7.952351821361798301e-01,8.078033550781497096e-01,8.173668282267162466e-01,8.250584883287878091e-01,8.368999162337660280e-01,8.494030704260457920e-01,8.582929778610430827e-01,8.650074253378189360e-01,8.702896288566990268e-01,8.781221099950898834e-01,8.852190463663798248e-01,8.911889821278786705e-01,8.973474978715504369e-01
1.302500000000000000e+02,7.411354312194730065e-01,7.768068696808819729e-01,7.952351821289606049e-01,8.078033550556981135e-01,8.173668281783901257e-01,8.250584882445176627e-01,8.368999160599146503e-01,8.494030701064955169e-01,8.582929774119651967e-01,8.650074247729524490e-01,8.702896282083892876e-01,8.781221092345876666e-01,8.852190455024231408e-01,8.911889812147419931e-01,8.973474968931692830e-01
1.305000000000000000e+02,7.411354323434778957e-01,7.768068696782297611e-01,7.952351821216850913e-01,8.078033550332581747e-01,8.173668281302135519e-01,8.250584881610141252e-01,8.368999158858408949e-01,8.494030697871016722e-01,8.582929769621400196e-01,8.650074242250415102e-01,8.702896275726964559e-01,8.781221084487433881e-01,8.852190446534509150e-01,8.911889802765025070e-01,8.973474958093854426e-01
1.307500000000000000e+02,7.411354333852677723e-01,7.768068696764895975e-01,7.952351821145094979e-01,8.078033550108113525e-01,8.173668280820250986e-01,8.250584880773691454e-01,8.368999157131274957e-01,8.494030694676166782e-01,8.582929765156624979e-01,8.650074236700975305e-01,8.702896269341879876e-01,8.781221077159779842e-01,8.852190437693631120e-01,8.911889793527100201e-01,8.973474949019979441e-01
1.310000000000000000e+02,7.411354343475000661e-01,7.768068696756229574e-01,7.952351821072571880e-01,8.078033549884445774e-01,8.173668280338384218e-01,8.250584879940547900e-01,8.368999155405311141e-01,8.494030691507614694e-01,8.582929760647864947e-01,8.650074231185493900e-01,8.702896263029225032e-01,8.781221069575492200e-01,8.852190429467959865e-01,8.911889784291888716e-01,8.973474939358103697e-01
1.312500000000000000e+02,7.411354352331771533e-01,7.768068696755245917e-01,7.952351821000731569e-01,8.078033549661489676e-01,8.173668279858293806e-01,8.250584879104451153e-01,8.368999153685688919e-01,8.494030688346000391e-01,8.582929756246314712e-01,8.650074225678214823e-01,8.702896256579382150e-01,8.781221062046127290e-01,8.852190421016479238e-01,8.911889775103344347e-01,8.973474929330041983e-01
1.315000000000000000e+02,7.411354360451486434e-01,7.768068696761305514e-01,7.952351820927975323e-01,8.078033549438085048e-01,8.173668279379633361e-01,8.250584878276440159e-01,8.368999151961556970e-01,8.494030685196233277e-01,8.582929751794944329e-01,8.650074220238027634e-01,8.702896250411574774e-01,8.781221054551906491e-01,8.852190412101992312e-01,8.911889766123146650e-01,8.973474919830374263e-01
1.317500000000000000e+02,7.411354367862822423e-01,7.768068696773804405e-01,7.952351820856642384e-01,8.078033549214806985e-01,8.173668278901035089e-01,8.250584877446400789e-01,8.368999150253891850e-01,8.494030682035264013e-01,8.582929747401065734e-01,8.650074214793971317e-01,8.702896244114727287e-01,8.781221047151409609e-01,8.852190404154304249e-01,8.911889756790762895e-01,8.973474910057752663e-01
1.320000000000000000e+02,7.411354374594354422e-01,7.768068696791980976e-01,7.952351820784208103e-01,8.078033548991878643e-01,8.173668278422326905e-01,8.250584876620181696e-01,8.368999148544516986e-01,8.494030678915289734e-01,8.582929742962994712e-01,8.650074209317153429e-01,8.702896237865729301e-01,8.781221039776844206e-01,8.852190395742898232e-01,8.911889747950748619e-01,8.973474900852443925e-01
1.322500000000000000e+02,7.411354380674607389e-01,7.768068696815204621e-01,7.952351820712764141e-01,8.078033548770119365e-01,8.173668277945526084e-01,8.250584875790674122e-01,8.368999146843312253e-01,8.494030675787099804e-01,8.582929738622152582e-01,8.650074203948400209e-01,8.702896231620431688e-01,8.781221032128021520e-01,8.852190387252721893e-01,8.911889739060608884e-01,8.973474891470869519e-01
1.325000000000000000e+02,7.411354386132564809e-01,7.768068696843025700e-01,7.952351820640090052e-01,8.078033548547991494e-01,8.173668277470041987e-01,8.250584874969304483e-01,8.368999145135634921e-01,8.494030672680910055e-01,8.582929734243841535e-01,8.650074198546376936e-01,8.702896225465843738e-01,8.781221025038226102e-01,8.852190379082739424e-01,8.911889729638410307e-01,8.973474881020497840e-01
1.327500000000000000e+02,7.411354390995928965e-01,7.768068696874961265e-01,7.952351820568760443e-01,8.078033548325803670e-01,8.173668276994571213e-01,8.250584874145805436e-01,8.368999143447181099e-01,8.494030669553048751e-01,8.582929729892262438e-01,8.650074193205543605e-01,8.702896219304656622e-01,8.781221017681483110e-01,8.852190370732588853e-01,8.911889721135425324e-01,8.973474872652723588e-01
1.330000000000000000e+02,7.411354395293400232e-01,7.768068696909480320e-01,7.952351820496588175e-01,8.078033548104049943e-01,8.173668276518997189e-01,8.250584873326257673e-01,8.368999141754117632e-01,8.494030666480910652e-01,8.582929725541076360e-01,8.650074187775496082e-01,8.702896213068331832e-01,8.781221010350913625e-01,8.852190362629652753e-01,8.911889712334288838e-01,8.973474863386522449e-01
1.332500000000000000e+02,7.411354399051034436e-01,7.768068696947809659e-01,7.952351820425089812e-01,8.078033547883369803e-01,8.173668276045225056e-01,8.250584872503267109e-01,8.368999140071226028e-01,8.494030663385373492e-01,8.582929721242004151e-01,8.650074182533611378e-01,8.702896207024040098e-01,8.781221003097755551e-01,8.852190354253468563e-01,8.911889702828582616e-01,8.973474852236600352e-01
1.335000000000000000e+02,7.411354402297493094e-01,7.768068696987888710e-01,7.952351820352837608e-01,8.078033547662484271e-01,8.173668275573017228e-01,8.250584871688821931e-01,8.368999138379669134e-01,8.494030660321971737e-01,8.582929716935073783e-01,8.650074177206715786e-01,8.702896200881364841e-01,8.781220995892127235e-01,8.852190346302666324e-01,8.911889694651694560e-01,8.973474844721733845e-01
1.337500000000000000e+02,7.411354405057991590e-01,7.768068697029963943e-01,7.952351820281531314e-01,8.078033547441277884e-01,8.173668275100641756e-01,8.250584870871559007e-01,8.368999136710086884e-01,8.494030657231608217e-01,8.582929712625598784e-01,8.650074171929011957e-01,8.702896194853472212e-01,8.781220988738446254e-01,8.852190338233154598e-01,8.911889685938930716e-01,8.973474835568483465e-01
1.340000000000000000e+02,7.411354407360033481e-01,7.768068697073930995e-01,7.952351820209609956e-01,8.078033547220703214e-01,8.173668274628312913e-01,8.250584870058732534e-01,8.368999135033055037e-01,8.494030654201669694e-01,8.582929708359299248e-01,8.650074166633250350e-01,8.702896188716785497e-01,8.781220981332531483e-01,8.852190329665766688e-01,8.911889676355551071e-01,8.973474824537808203e-01
1.342500000000000000e+02,7.411354409228385620e-01,7.768068697117647137e-01,7.952351820137869565e-01,8.078033547001154391e-01,8.173668274157654956e-01,8.250584869242059138e-01,8.368999133367882592e-01,8.494030651146476929e-01,8.582929704101178725e-01,8.650074161426891672e-01,8.702896182782148271e-01,8.781220974428682879e-01,8.852190322097016617e-01,8.911889668494413774e-01,8.973474817050582919e-01
1.345000000000000000e+02,7.411354410688049121e-01,7.768068697162573422e-01,7.952351820066023702e-01,8.078033546781319130e-01,8.173668273688555752e-01,8.250584868434260866e-01,8.368999131692413940e-01,8.494030648116807081e-01,8.582929699864566553e-01,8.650074156200007192e-01,8.702896176767203062e-01,8.781220967290378487e-01,8.852190314063065335e-01,8.911889659868641456e-01,8.973474808008341519e-01
1.347500000000000000e+02,7.411354411763715344e-01,7.768068697208129203e-01,7.952351819994752935e-01,8.078033546561518286e-01,8.173668273219344416e-01,8.250584867623547147e-01,8.368999130041527845e-01,8.494030645073354924e-01,8.582929695595776787e-01,8.650074150957764996e-01,8.702896170753537941e-01,8.781220960150850630e-01,8.852190305850702323e-01,8.911889650368337579e-01,8.973474797709718453e-01
1.350000000000000000e+02,7.411354412478839970e-01,7.768068697253089905e-01,7.952351819922923726e-01,8.078033546341730764e-01,8.173668272749954333e-01,8.250584866817116669e-01,8.368999128380166797e-01,8.494030642074579251e-01,8.582929691412937157e-01,8.650074145793857916e-01,8.702896164811213531e-01,8.781220953128783258e-01,8.852190298115868439e-01,8.911889642657411237e-01,8.973474789630765391e-01
1.352500000000000000e+02,7.411354412856862028e-01,7.768068697298218250e-01,7.952351819851560810e-01,8.078033546123482012e-01,8.173668272282231806e-01,8.250584866006911433e-01,8.368999126732749039e-01,8.494030639061245225e-01,8.582929687195230972e-01,8.650074140622524554e-01,8.702896158887476474e-01,8.781220946110253056e-01,8.852190290119318350e-01,8.911889634118210779e-01,8.973474780696908404e-01
1.355000000000000000e+02,7.411354412919889389e-01,7.768068697342307427e-01,7.952351819779501785e-01,8.078033545904435009e-01,8.173668271816204589e-01,8.250584865205565777e-01,8.368999125073667278e-01,8.494030636062779305e-01,8.582929683026864209e-01,8.650074135493270866e-01,8.702896153000807544e-01,8.781220939168477013e-01,8.852190282298875168e-01,8.911889624969636658e-01,8.973474771142536666e-01
1.357500000000000000e+02,7.411354412689344917e-01,7.768068697385902555e-01,7.952351819708296521e-01,8.078033545685917582e-01,8.173668271350074122e-01,8.250584864400987151e-01,8.368999123440470367e-01,8.494030633065123848e-01,8.582929678809069207e-01,8.650074130285987373e-01,8.702896146997122218e-01,8.781220931995163959e-01,8.852190274359317268e-01,8.911889617136790065e-01,8.973474762453572673e-01
1.360000000000000000e+02,7.411354412187184382e-01,7.768068697427890079e-01,7.952351819636696018e-01,8.078033545467279142e-01,8.173668270884062448e-01,8.250584863601015950e-01,8.368999121795923646e-01,8.494030630097348933e-01,8.582929674697410416e-01,8.650074125250931667e-01,8.702896141246265760e-01,8.781220925269885846e-01,8.852190266666875029e-01,8.911889608683001285e-01,8.973474753625667599e-01
1.362500000000000000e+02,7.411354411433627165e-01,7.768068697469341366e-01,7.952351819565217639e-01,8.078033545249933001e-01,8.173668270419441884e-01,8.250584862796975782e-01,8.368999120164664074e-01,8.494030627124613542e-01,8.582929670540502265e-01,8.650074120134297884e-01,8.702896135372384379e-01,8.781220918341720028e-01,8.852190258956573743e-01,8.911889599874558421e-01,8.973474744828240368e-01
1.365000000000000000e+02,7.411354410447373864e-01,7.768068697508996312e-01,7.952351819493612695e-01,8.078033545031906293e-01,8.173668269956295696e-01,8.250584862002178221e-01,8.368999118523536840e-01,8.494030624157080656e-01,8.582929666418486203e-01,8.650074115080108594e-01,8.702896129571567885e-01,8.781220911385358985e-01,8.852190250826863505e-01,8.911889591926884790e-01,8.973474736147205588e-01
1.367500000000000000e+02,7.411354409247918884e-01,7.768068697547151347e-01,7.952351819422359691e-01,8.078033544814740008e-01,8.173668269493090666e-01,8.250584861204003362e-01,8.368999116906078450e-01,8.494030621204503584e-01,8.582929662281656435e-01,8.650074109984476900e-01,8.702896123729041422e-01,8.781220904585183007e-01,8.852190243503510469e-01,8.911889583557324190e-01,8.973474726786048183e-01
1.370000000000000000e+02,7.411354407853679716e-01,7.768068697583128124e-01,7.952351819351010098e-01,8.078033544597233995e-01,8.173668269030288647e-01,8.250584860410317134e-01,8.368999115278771272e-01,8.494030618267071064e-01,8.582929658208447998e-01,8.650074104998330959e-01,8.702896118014125104e-01,8.781220897745972698e-01,8.852190235824248798e-01,8.911889575078076886e-01,8.973474718758905899e-01
1.372500000000000000e+02,7.411354406281801532e-01,7.768068697617808160e-01,7.952351819279698253e-01,8.078033544381106879e-01,8.173668268568601292e-01,8.250584859612615229e-01,8.368999113662780598e-01,8.494030615334416945e-01,8.582929654118035545e-01,8.650074099976181596e-01,8.702896112264433270e-01,8.781220891007349705e-01,8.852190227873787398e-01,8.911889567022477365e-01,8.973474710180807667e-01
1.375000000000000000e+02,7.411354404548267105e-01,7.768068697650508669e-01,7.952351819208018924e-01,8.078033544164130442e-01,8.173668268108466028e-01,8.250584858824239198e-01,8.368999112039746668e-01,8.494030612397239777e-01,8.582929650034250013e-01,8.650074094955061410e-01,8.702896106472196580e-01,8.781220884057427956e-01,8.852190220547875299e-01,8.911889558736241224e-01,8.973474700168494467e-01
1.377500000000000000e+02,7.411354402671241903e-01,7.768068697681144164e-01,7.952351819137093436e-01,8.078033543947891193e-01,8.173668267648430685e-01,8.250584858032157243e-01,8.368999110437386202e-01,8.494030609488816275e-01,8.582929645976761224e-01,8.650074089984419734e-01,8.702896100814521141e-01,8.781220877504145594e-01,8.852190212901507316e-01,8.911889550575904373e-01,8.973474692926931562e-01
1.380000000000000000e+02,7.411354400662926167e-01,7.768068697709447079e-01,7.952351819065953675e-01,8.078033543731216737e-01,8.173668267188245462e-01,8.250584857244983583e-01,8.368999108827146483e-01,8.494030606581236542e-01,8.582929641941575705e-01,8.650074085030623472e-01,8.702896095107965913e-01,8.781220870777387555e-01,8.852190205329681927e-01,8.911889542418398591e-01,8.973474684449970207e-01
1.382500000000000000e+02,7.411354398541014632e-01,7.768068697736195682e-01,7.952351818994795041e-01,8.078033543516449644e-01,8.173668266729443577e-01,8.250584856453313520e-01,8.368999107226244849e-01,8.494030603688050851e-01,8.582929637916421051e-01,8.650074080100748075e-01,8.702896089480018915e-01,8.781220863996782589e-01,8.852190197800779980e-01,8.911889534297174897e-01,8.973474673970864846e-01
1.385000000000000000e+02,7.411354396317408888e-01,7.768068697760447394e-01,7.952351818923223403e-01,8.078033543300550123e-01,8.173668266272694494e-01,8.250584855671274642e-01,8.368999105621093282e-01,8.494030600780748674e-01,8.582929633870242103e-01,8.650074075112103023e-01,8.702896083734544819e-01,8.781220857409334224e-01,8.852190190351948429e-01,8.911889526363248049e-01,8.973474667324752296e-01
1.387500000000000000e+02,7.411354394005886803e-01,7.768068697782626320e-01,7.952351818852488874e-01,8.078033543085545443e-01,8.173668265815605682e-01,8.250584854885164576e-01,8.368999104033314484e-01,8.494030597915459557e-01,8.582929629890884149e-01,8.650074070264098802e-01,8.702896078220067055e-01,8.781220850742891271e-01,8.852190182979881028e-01,8.911889518110966968e-01,8.973474658946499760e-01
1.390000000000000000e+02,7.411354391618768522e-01,7.768068697802766875e-01,7.952351818781328019e-01,8.078033542870106665e-01,8.173668265358584595e-01,8.250584854104131560e-01,8.368999102439843574e-01,8.494030595037500575e-01,8.582929625892460335e-01,8.650074065345612073e-01,8.702896072602299693e-01,8.781220844199356668e-01,8.852190175261688276e-01,8.911889510296258088e-01,8.973474649141561788e-01
1.392500000000000000e+02,7.411354389168279821e-01,7.768068697820823543e-01,7.952351818710361453e-01,8.078033542656104515e-01,8.173668264902944625e-01,8.250584853318612133e-01,8.368999100853724560e-01,8.494030592182915118e-01,8.582929621931081332e-01,8.650074060502622730e-01,8.702896067012543257e-01,8.781220837464106532e-01,8.852190168169630224e-01,8.911889502435644816e-01,8.973474641943883778e-01
1.395000000000000000e+02,7.411354386665682803e-01,7.768068697836875147e-01,7.952351818639376013e-01,8.078033542441288573e-01,8.173668264448907816e-01,8.250584852542812708e-01,8.368999099266115627e-01,8.494030589305001655e-01,8.582929617922413490e-01,8.650074055596079781e-01,8.702896061446138143e-01,8.781220831075582378e-01,8.852190160824691123e-01,8.911889494094002995e-01,8.973474633662904543e-01
1.397500000000000000e+02,7.411354384121667804e-01,7.768068697850657456e-01,7.952351818568463848e-01,8.078033542227376351e-01,8.173668263994653405e-01,8.250584851762901017e-01,8.368999097693119449e-01,8.494030586482317347e-01,8.582929614019155773e-01,8.650074050817542215e-01,8.702896055938842412e-01,8.781220824542319559e-01,8.852190153120742533e-01,8.911889486576378694e-01,8.973474624543421596e-01
1.400000000000000000e+02,7.411354381545546266e-01,7.768068697862681171e-01,7.952351818497637170e-01,8.078033542012744705e-01,8.173668263540714296e-01,8.250584850987929819e-01,8.368999096116231939e-01,8.494030583635118203e-01,8.582929610067773218e-01,8.650074045988801474e-01,8.702896050438543307e-01,8.781220817931223444e-01,8.852190146180310970e-01,8.911889478789069008e-01,8.973474616777175061e-01
1.402500000000000000e+02,7.411354378946619637e-01,7.768068697872606565e-01,7.952351818427180197e-01,8.078033541800131445e-01,8.173668263087917607e-01,8.250584850208326770e-01,8.368999094544694595e-01,8.494030580816682718e-01,8.582929606158643532e-01,8.650074041176123441e-01,8.702896044855299440e-01,8.781220811547881810e-01,8.852190138863780255e-01,8.911889470364333654e-01,8.973474608591102131e-01
1.405000000000000000e+02,7.411354376334592375e-01,7.768068697880543549e-01,7.952351818356203639e-01,8.078033541586419064e-01,8.173668262636913928e-01,8.250584849438803436e-01,8.368999092974340748e-01,8.494030577976826590e-01,8.582929602221325283e-01,8.650074036388557541e-01,8.702896039465264355e-01,8.781220805047568190e-01,8.852190131526311845e-01,8.911889463133793043e-01,8.973474600169220050e-01
1.407500000000000000e+02,7.411354373716908528e-01,7.768068697886740814e-01,7.952351818285513518e-01,8.078033541373518256e-01,8.173668262185701527e-01,8.250584848664797022e-01,8.368999091415824099e-01,8.494030575186934939e-01,8.582929598357811329e-01,8.650074031639723993e-01,8.702896033975118240e-01,8.781220798691556917e-01,8.852190124384049508e-01,8.911889455418998685e-01,8.973474592117147708e-01
1.410000000000000000e+02,7.411354371101507299e-01,7.768068697890884167e-01,7.952351818215014356e-01,8.078033541159884701e-01,8.173668261734580165e-01,8.250584847896044183e-01,8.368999089855271301e-01,8.494030572377343491e-01,8.582929594468481360e-01,8.650074026898580959e-01,8.702896028579154564e-01,8.781220792162021116e-01,8.852190117165242844e-01,8.911889446916499979e-01,8.973474583723488607e-01
1.412500000000000000e+02,7.411354368495188805e-01,7.768068697893415475e-01,7.952351818144491880e-01,8.078033540948247326e-01,8.173668261284556813e-01,8.250584847122405252e-01,8.368999088298265665e-01,8.494030569586936696e-01,8.582929590594543523e-01,8.650074022115871175e-01,8.702896023102293377e-01,8.781220785932176698e-01,8.852190110111475274e-01,8.911889439964484350e-01,8.973474576012318016e-01
1.415000000000000000e+02,7.411354365904643249e-01,7.768068697894419117e-01,7.952351818073795098e-01,8.078033540735732876e-01,8.173668260836424171e-01,8.250584846358867130e-01,8.368999086744758342e-01,8.494030566789013692e-01,8.582929586731720129e-01,8.650074017444852048e-01,8.702896017785581861e-01,8.781220779585003910e-01,8.852190102780964631e-01,8.911889432321074000e-01,8.973474568052555167e-01
1.417500000000000000e+02,7.411354363336660755e-01,7.768068697893891761e-01,7.952351818003094985e-01,8.078033540523845701e-01,8.173668260388279316e-01,8.250584845590839267e-01,8.368999085200530264e-01,8.494030564026641139e-01,8.582929582903032761e-01,8.650074012725145201e-01,8.702896012408602999e-01,8.781220773136346747e-01,8.852190095907471745e-01,8.911889423883051498e-01,8.973474559052159183e-01
1.420000000000000000e+02,7.411354360795928686e-01,7.768068697891675756e-01,7.952351817933067668e-01,8.078033540311339022e-01,8.173668259940012337e-01,8.250584844828031672e-01,8.368999083656026849e-01,8.494030561254042322e-01,8.582929579074440873e-01,8.650074008070168796e-01,8.702896007018178226e-01,8.781220766949566769e-01,8.852190088876685792e-01,8.911889417063725283e-01,8.973474552065330290e-01
1.422500000000000000e+02,7.411354358287977062e-01,7.768068697888328433e-01,7.952351817862823857e-01,8.078033540100796328e-01,8.173668259492805621e-01,8.250584844060616652e-01,8.368999082113266486e-01,8.494030558491395544e-01,8.582929575235234143e-01,8.650074003342583806e-01,8.702896001712177032e-01,8.781220760613378529e-01,8.852190081406347000e-01,8.911889409491250413e-01,8.973474544196292646e-01
1.425000000000000000e+02,7.411354355817477702e-01,7.768068697883288021e-01,7.952351817792262523e-01,8.078033539889150072e-01,8.173668259047728313e-01,8.250584843303103710e-01,8.368999080576616789e-01,8.494030555734339849e-01,8.582929571445283567e-01,8.650073998759789662e-01,8.702895996400441536e-01,8.781220754433023412e-01,8.852190074828523159e-01,8.911889401363950469e-01,8.973474534569081396e-01
1.427500000000000000e+02,7.411354353387737959e-01,7.768068697876868711e-01,7.952351817722006500e-01,8.078033539678568520e-01,8.173668258602273529e-01,8.250584842540605868e-01,8.368999079046403056e-01,8.494030552999475292e-01,8.582929567650751101e-01,8.650073994114069187e-01,8.702895991134966813e-01,8.781220748101096207e-01,8.852190067823106912e-01,8.911889394427368050e-01,8.973474528321959687e-01
1.430000000000000000e+02,7.411354351004194596e-01,7.768068697869495720e-01,7.952351817652217880e-01,8.078033539467027735e-01,8.173668258157033017e-01,8.250584841783891177e-01,8.368999077517791374e-01,8.494030550263156343e-01,8.582929563881823709e-01,8.650073989498289206e-01,8.702895985749344865e-01,8.781220742024141712e-01,8.852190060707280095e-01,8.911889386925744283e-01,8.973474520541548927e-01
1.432500000000000000e+02,7.411354348669322301e-01,7.768068697860819327e-01,7.952351817581971849e-01,8.078033539257337692e-01,8.173668257712787266e-01,8.250584841022090554e-01,8.368999075988923231e-01,8.494030547528000907e-01,8.582929560076753006e-01,8.650073984883845934e-01,8.702895980611192739e-01,8.781220735855554960e-01,8.852190053928780111e-01,8.911889379099176001e-01,8.973474511189832858e-01
1.435000000000000000e+02,7.411354346386279657e-01,7.768068697851382431e-01,7.952351817512032239e-01,8.078033539046827194e-01,8.173668257270413351e-01,8.250584840270527298e-01,8.368999074468912447e-01,8.494030544811189687e-01,8.582929556358074308e-01,8.650073980328514267e-01,8.702895975354031366e-01,8.781220729563977700e-01,8.852190046950544344e-01,8.911889372052204106e-01,8.973474504774661131e-01
1.437500000000000000e+02,7.411354344158598284e-01,7.768068697840597725e-01,7.952351817441926096e-01,8.078033538837180449e-01,8.173668256827721912e-01,8.250584839513930291e-01,8.368999072952534313e-01,8.494030542103050418e-01,8.582929552598228540e-01,8.650073975766117140e-01,8.702895970148154525e-01,8.781220723565461572e-01,8.852190040174305885e-01,8.911889364619990372e-01,8.973474497081136425e-01
1.440000000000000000e+02,7.411354341987413941e-01,7.768068697829435543e-01,7.952351817372137477e-01,8.078033538626675503e-01,8.173668256385554498e-01,8.250584838763287410e-01,8.368999071439575665e-01,8.494030539402410707e-01,8.582929548886631954e-01,8.650073971177461019e-01,8.702895964924078909e-01,8.781220717406207354e-01,8.852190033209111908e-01,8.911889357085110985e-01,8.973474488362143120e-01
1.442500000000000000e+02,7.411354339875184660e-01,7.768068697816856716e-01,7.952351817302567571e-01,8.078033538418462056e-01,8.173668255944045447e-01,8.250584838007144484e-01,8.368999069924796252e-01,8.494030536694279210e-01,8.582929545135357108e-01,8.650073966674352022e-01,8.702895959793899294e-01,8.781220711375899990e-01,8.852190026541657542e-01,8.911889349934193350e-01,8.973474481417149651e-01
1.445000000000000000e+02,7.411354337824036520e-01,7.768068697804170197e-01,7.952351817232544695e-01,8.078033538208971853e-01,8.173668255504401570e-01,8.250584837261529803e-01,8.368999068420973630e-01,8.494030534016758782e-01,8.582929541466937096e-01,8.650073962145987672e-01,8.702895954644482845e-01,8.781220705234351609e-01,8.852190019808027222e-01,8.911889342570809003e-01,8.973474473809008867e-01
1.447500000000000000e+02,7.411354335835135254e-01,7.768068697790307953e-01,7.952351817162706116e-01,8.078033538000333191e-01,8.173668255064733268e-01,8.250584836511106746e-01,8.368999066918295648e-01,8.494030531335257095e-01,8.582929537764859562e-01,8.650073957665259661e-01,8.702895949442234214e-01,8.781220699303969868e-01,8.852190012669238772e-01,8.911889335317911831e-01,8.973474465733888294e-01
1.450000000000000000e+02,7.411354333909995207e-01,7.768068697776190357e-01,7.952351817093299413e-01,8.078033537790538787e-01,8.173668254625122698e-01,8.250584835765648606e-01,8.368999065420530403e-01,8.494030528669704871e-01,8.582929534086052303e-01,8.650073953106631741e-01,8.702895944381041637e-01,8.781220693307283387e-01,8.852190006322139260e-01,8.911889328068491878e-01,8.973474458248510421e-01
1.452500000000000000e+02,7.411354332048760707e-01,7.768068697761384422e-01,7.952351817023668445e-01,8.078033537583382273e-01,8.173668254186620130e-01,8.250584835015871699e-01,8.368999063919454473e-01,8.494030525987973368e-01,8.582929530404318497e-01,8.650073948709380289e-01,8.702895939254460256e-01,8.781220687166358951e-01,8.852189999610328153e-01,8.911889320846897444e-01,8.973474450716710793e-01
1.455000000000000000e+02,7.411354330252658551e-01,7.768068697745874607e-01,7.952351816954235098e-01,8.078033537374711415e-01,8.173668253749868384e-01,8.250584834275698221e-01,8.368999062431716762e-01,8.494030523349176409e-01,8.582929526767795192e-01,8.650073944236583712e-01,8.702895934210707063e-01,8.781220681348990142e-01,8.852189992703749510e-01,8.911889313794134626e-01,8.973474443298772307e-01
1.457500000000000000e+02,7.411354328522214985e-01,7.768068697729901828e-01,7.952351816884596358e-01,8.078033537167291778e-01,8.173668253312811327e-01,8.250584833530524298e-01,8.368999060942572399e-01,8.494030520694049180e-01,8.582929523122563298e-01,8.650073939806505186e-01,8.702895929066718494e-01,8.781220675360014161e-01,8.852189986269218824e-01,8.911889306452206450e-01,8.973474435896279244e-01
1.460000000000000000e+02,7.411354326857731989e-01,7.768068697713734760e-01,7.952351816815311780e-01,8.078033536958503236e-01,8.173668252876166163e-01,8.250584832791139078e-01,8.368999059460175971e-01,8.494030518062875013e-01,8.582929519475598346e-01,8.650073935356297206e-01,8.702895924110856107e-01,8.781220669474065765e-01,8.852189979580746826e-01,8.911889299502355755e-01,8.973474427798386888e-01
1.462500000000000000e+02,7.411354325259259523e-01,7.768068697697672054e-01,7.952351816746179303e-01,8.078033536752416977e-01,8.173668252440369209e-01,8.250584832047039852e-01,8.368999057972601463e-01,8.494030515407711146e-01,8.582929515862539604e-01,8.650073930984317760e-01,8.702895919073097009e-01,8.781220663515093561e-01,8.852189973003153911e-01,8.911889292510455363e-01,8.973474421050409155e-01
1.465000000000000000e+02,7.411354323725756199e-01,7.768068697680873269e-01,7.952351816676755947e-01,8.078033536545029536e-01,8.173668252006501822e-01,8.250584831312696155e-01,8.368999056500500133e-01,8.494030512806579614e-01,8.582929512257507776e-01,8.650073926590758910e-01,8.702895914047235060e-01,8.781220657726673817e-01,8.852189966383302577e-01,8.911889285081558976e-01,8.973474413729528587e-01
1.467500000000000000e+02,7.411354322257832639e-01,7.768068697664192168e-01,7.952351816607026169e-01,8.078033536338652398e-01,8.173668251572231425e-01,8.250584830573360895e-01,8.368999055024649580e-01,8.494030510181648230e-01,8.582929508667899166e-01,8.650073922185779196e-01,8.702895909061074686e-01,8.781220651895167428e-01,8.852189959910977679e-01,8.911889278394692360e-01,8.973474405046349966e-01
1.470000000000000000e+02,7.411354320854621758e-01,7.768068697647076970e-01,7.952351816538355544e-01,8.078033536130819758e-01,8.173668251138427321e-01,8.250584829839272549e-01,8.368999053557266699e-01,8.494030507579850564e-01,8.582929505052394603e-01,8.650073917841673010e-01,8.702895904107950109e-01,8.781220645899830979e-01,8.852189953457841876e-01,8.911889271463304674e-01,8.973474398982477229e-01
1.472500000000000000e+02,7.411354319516060274e-01,7.768068697630098329e-01,7.952351816469286350e-01,8.078033535925650543e-01,8.173668250705321547e-01,8.250584829101134110e-01,8.368999052082911616e-01,8.494030504962856165e-01,8.582929501506060266e-01,8.650073913494246147e-01,8.702895899172579108e-01,8.781220640256641730e-01,8.852189946665016684e-01,8.911889263952742501e-01,8.973474391737781275e-01
1.475000000000000000e+02,7.411354318240911399e-01,7.768068697612628970e-01,7.952351816400365925e-01,8.078033535718887048e-01,8.173668250274150893e-01,8.250584828371935187e-01,8.368999050626267922e-01,8.494030502386448189e-01,8.582929497932197949e-01,8.650073909178274123e-01,8.702895894148927614e-01,8.781220634431560201e-01,8.852189940503180088e-01,8.911889257520522190e-01,8.973474382806324590e-01
1.477500000000000000e+02,7.411354317027866179e-01,7.768068697595327254e-01,7.952351816331106882e-01,8.078033535513788888e-01,8.173668249842608313e-01,8.250584827638813845e-01,8.368999049163912130e-01,8.494030499795247602e-01,8.582929494397411041e-01,8.650073904798053492e-01,8.702895889318521538e-01,8.781220628684844876e-01,8.852189934068549482e-01,8.911889250648873384e-01,8.973474377088493936e-01
1.480000000000000000e+02,7.411354315877040078e-01,7.768068697578063286e-01,7.952351816262545059e-01,8.078033535306949897e-01,8.173668249411603082e-01,8.250584826910100089e-01,8.368999047710971029e-01,8.494030497218409970e-01,8.582929490819415363e-01,8.650073900558178375e-01,8.702895884389202363e-01,8.781220622901539929e-01,8.852189927360080146e-01,8.911889243061743571e-01,8.973474369928101657e-01
1.482500000000000000e+02,7.411354314786549047e-01,7.768068697560822633e-01,7.952351816193610201e-01,8.078033535102937535e-01,8.173668248981054152e-01,8.250584826177589370e-01,8.368999046249929741e-01,8.494030494638848960e-01,8.582929487332474627e-01,8.650073896249869110e-01,8.702895879532515089e-01,8.781220617249750893e-01,8.852189921250064319e-01,8.911889236876967546e-01,8.973474361578223091e-01
1.485000000000000000e+02,7.411354313755066370e-01,7.768068697543477619e-01,7.952351816124919592e-01,8.078033534897487433e-01,8.173668248552728999e-01,8.250584825453917137e-01,8.368999044808900223e-01,8.494030492087086825e-01,8.582929483805172843e-01,8.650073891995124775e-01,8.702895874620091288e-01,8.781220611577117419e-01,8.852189914835527640e-01,8.911889230064722334e-01,8.973474355362056620e-01
1.487500000000000000e+02,7.411354312781914810e-01,7.768068697526073763e-01,7.952351816055837075e-01,8.078033534693179751e-01,8.173668248123553415e-01,8.250584824726113764e-01,8.368999043359550694e-01,8.494030489528990868e-01,8.582929480307894821e-01,8.650073887700587827e-01,8.702895869833011666e-01,8.781220605722103167e-01,8.852189908445883271e-01,8.911889222526816479e-01,8.973474348280552348e-01
1.490000000000000000e+02,7.411354311865231415e-01,7.768068697509090681e-01,7.952351815987686035e-01,8.078033534487313316e-01,8.173668247695584643e-01,8.250584824002722417e-01,8.368999041921141302e-01,8.494030486976906769e-01,8.582929476795343460e-01,8.650073883501331329e-01,8.702895865002707732e-01,8.781220600246135710e-01,8.852189902152257650e-01,8.911889216460361363e-01,8.973474340524534298e-01
1.492500000000000000e+02,7.411354311003838236e-01,7.768068697491622432e-01,7.952351815918652367e-01,8.078033534284255746e-01,8.173668247267804610e-01,8.250584823276166935e-01,8.368999040472910877e-01,8.494030484433923167e-01,8.582929473337665982e-01,8.650073879268125321e-01,8.702895860147149554e-01,8.781220594579171035e-01,8.852189895864333025e-01,8.911889209706812531e-01,8.973474333801255698e-01
1.495000000000000000e+02,7.411354310196408557e-01,7.768068697475246642e-01,7.952351815850502437e-01,8.078033534079631650e-01,8.173668246842243912e-01,8.250584822557720521e-01,8.368999039046925992e-01,8.494030481906564845e-01,8.582929469863611605e-01,8.650073875036885518e-01,8.702895855385776036e-01,8.781220588966186513e-01,8.852189889676564949e-01,8.911889202445306690e-01,8.973474326788070110e-01
1.497500000000000000e+02,7.411354309441642307e-01,7.768068697458981875e-01,7.952351815781162347e-01,8.078033533876368688e-01,8.173668246416037064e-01,8.250584821835573734e-01,8.368999037611025704e-01,8.494030479380835219e-01,8.582929466395978757e-01,8.650073870843622004e-01,8.702895850599674521e-01,8.781220583352526976e-01,8.852189883210439536e-01,8.911889196267634983e-01,8.973474319643645059e-01
1.500000000000000000e+02,7.411354308736922691e-01,7.768068697441941062e-01,7.952351815713525340e-01,8.078033533671753474e-01,8.173668245990370895e-01,8.250584821117593615e-01,8.368999036186486329e-01,8.494030476853106082e-01,8.582929462947547217e-01,8.650073866667112865e-01,8.702895845866942537e-01,8.781220577831728713e-01,8.852189877223994863e-01,8.911889189572361758e-01,8.973474312746858583e-01
1.500000014999999962e+02,7.411354308736922691e-01,7.768068697441941062e-01,7.952351815713525340e-01,8.078033533671753474e-01,8.173668245990370895e-01,8.250584821117593615e-01,8.368999036186486329e-01,8.494030476853106082e-01,8.582929462947547217e-01,8.650073866667112865e-01,8.702895845866942537e-01,8.781220577831728713e-01,8.852189877223994863e-01,8.911889189572361758e-01,8.973474312746858583e-01
1.509547596496835524e+02,7.411354308736922691e-01,7.768068697441941062e-01,7.952351815713525340e-01,8.078033533671753474e-01,8.173668245990370895e-01,8.250584821117593615e-01,8.368999036186486329e-01,8.494030476853106082e-01,8.582929462947547217e-01,8.650073866667112865e-01,8.702895845866942537e-01,8.781220577831728713e-01,8.852189877223994863e-01,8.911889189572361758e-01,8.973474312746858583e-01
1.519155948868022392e+02,7.411354308736922691e-01,7.768068697441941062e-01,7.952351815713525340e-01,8.078033533671753474e-01,8.173668245990370895e-01,8.250584821117593615e-01,8.368999036186486329e-01,8.494030476853106082e-01,8.582929462947547217e-01,8.650073866667112865e-01,8.702895845866942537e-01,8.781220577831728713e-01,8.852189877223994863e-01,8.911889189572361758e-01,8.973474312746858583e-01
1.528825458923472240e+02,7.411354308736922691e-01,7.768068697441941062e-01,7.952351815713525340e-01,8.078033533671753474e-01,8.173668245990370895e-01,8.250584821117593615e-01,8.368999036186486329e-01,8.494030476853106082e-01,8.582929462947547217e-01,8.650073866667112865e-01,8.702895845866942537e-01,8.781220577831728713e-01,8.852189877223994863e-01,8.911889189572361758e-01,8.973474312746858583e-01
1.538556515935167681e+02,7.411354308736922691e-01,7.768068697441941062e-01,7.952351815713525340e-01,8.078033533671753474e-01,8.173668245990370895e-01,8.250584821117593615e-01,8.368999036186486329e-01,8.494030476853106082e-01,8.582929462947547217e-01,8.650073866667112865e-01,8.702895845866942537e-01,8.781220577831728713e-01,8.852189877223994863e-01,8.911889189572361758e-01,8.973474312746858583e-01
1.548349511652823196e+02,7.411354308736922691e-01,7.768068697441941062e-01,7.952351815713525340e-01,8.078033533671753474e-01,8.173668245990370895e-01,8.250584821117593615e-01,8.368999036186486329e-01,8.494030476853106082e-01,8.582929462947547217e-01,8.650073866667112865e-01,8.702895845866942537e-01,8.781220577831728713e-01,8.852189877223994863e-01,8.911889189572361758e-01,8.973474312746858583e-01
1.558204840319663731e+02,7.411354308736922691e-01,7.768068697441941062e-01,7.952351815713525340e-01,8.078033533671753474e-01,8.173668245990370895e-01,8.250584821117593615e-01,8.368999036186486329e-01,8.494030476853106082e-01,8.582929462947547217e-01,8.650073866667112865e-01,8.702895845866942537e-01,8.781220577831728713e-01,8.852189877223994863e-01,8.911889189572361758e-01,8.973474312746858583e-01
1.568122898688293674e+02,7.411354308736922691e-01,7.768068697441941062e-01,7.952351815713525340e-01,8.078033533671753474e-01,8.173668245990370895e-01,8.250584821117593615e-01,8.368999036186486329e-01,8.494030476853106082e-01,8.582929462947547217e-01,8.650073866667112865e-01,8.702895845866942537e-01,8.781220577831728713e-01,8.852189877223994863e-01,8.911889189572361758e-01,8.973474312746858583e-01
1.578104086036667013e+02,7.411354308736922691e-01,7.768068697441941062e-01,7.952351815713525340e-01,8.078033533671753474e-01,8.173668245990370895e-01,8.250584821117593615e-01,8.368999036186486329e-01,8.494030476853106082e-01,8.582929462947547217e-01,8.650073866667112865e-01,8.702895845866942537e-01,8.781220577831728713e-01,8.852189877223994863e-01,8.911889189572361758e-01,8.973474312746858583e-01
1.588148804184169478e+02,7.411354308736922691e-01,7.768068697441941062e-01,7.952351815713525340e-01,8.078033533671753474e-01,8.173668245990370895e-01,8.250584821117593615e-01,8.368999036186486329e-01,8.494030476853106082e-01,8.582929462947547217e-01,8.650073866667112865e-01,8.702895845866942537e-01,8.781220577831728713e-01,8.852189877223994863e-01,8.911889189572361758e-01,8.973474312746858583e-01
1.598257457507783101e+02,7.411354308736922691e-01,7.768068697441941062e-01,7.952351815713525340e-01,8.078033533671753474e-01,8.173668245990370895e-01,8.250584821117593615e-01,8.368999036186486329e-01,8.494030476853106082e-01,8.582929462947547217e-01,8.650073866667112865e-01,8.702895845866942537e-01,8.781220577831728713e-01,8.852189877223994863e-01,8.911889189572361758e-01,8.973474312746858583e-01
1.608430452958373564e+02,7.411354308736922691e-01,7.768068697441941062e-01,7.952351815713525340e-01,8.078033533671753474e-01,8.173668245990370895e-01,8.250584821117593615e-01,8.368999036186486329e-01,8.494030476853106082e-01,8.582929462947547217e-01,8.650073866667112865e-01,8.702895845866942537e-01,8.781220577831728713e-01,8.852189877223994863e-01,8.911889189572361758e-01,8.973474312746858583e-01
1.618668200077070765e+02,7.411354308736922691e-01,7.768068697441941062e-01,7.952351815713525340e-01,8.078033533671753474e-01,8.173668245990370895e-01,8.250584821117593615e-01,8.368999036186486329e-01,8.494030476853106082e-01,8.582929462947547217e-01,8.650073866667112865e-01,8.702895845866942537e-01,8.781220577831728713e-01,8.852189877223994863e-01,8.911889189572361758e-01,8.973474312746858583e-01
1.628971111011756250e+02,7.411354308736922691e-01,7.768068697441941062e-01,7.952351815713525340e-01,8.078033533671753474e-01,8.173668245990370895e-01,8.250584821117593615e-01,8.368999036186486329e-01,8.494030476853106082e-01,8.582929462947547217e-01,8.650073866667112865e-01,8.702895845866942537e-01,8.781220577831728713e-01,8.852189877223994863e-01,8.911889189572361758e-01,8.973474312746858583e-01
1.639339600533653254e+02,7.411354308736922691e-01,7.768068697441941062e-01,7.952351815713525340e-01,8.078033533671753474e-01,8.173668245990370895e-01,8.250584821117593615e-01,8.368999036186486329e-01,8.494030476853106082e-01,8.582929462947547217e-01,8.650073866667112865e-01,8.702895845866942537e-01,8.781220577831728713e-01,8.852189877223994863e-01,8.911889189572361758e-01,8.973474312746858583e-01
1.649774086054031557e+02,7.411354308736922691e-01,7.768068697441941062e-01,7.952351815713525340e-01,8.078033533671753474e-01,8.173668245990370895e-01,8.250584821117593615e-01,8.368999036186486329e-01,8.494030476853106082e-01,8.582929462947547217e-01,8.650073866667112865e-01,8.702895845866942537e-01,8.781220577831728713e-01,8.852189877223994863e-01,8.911889189572361758e-01,8.973474312746858583e-01
1.660274987641001303e+02,7.411354308736922691e-01,7.768068697441941062e-01,7.952351815713525340e-01,8.078033533671753474e-01,8.173668245990370895e-01,8.250584821117593615e-01,8.368999036186486329e-01,8.494030476853106082e-01,8.582929462947547217e-01,8.650073866667112865e-01,8.702895845866942537e-01,8.781220577831728713e-01,8.852189877223994863e-01,8.911889189572361758e-01,8.973474312746858583e-01
1.670842728036430742e+02,7.411354308736922691e-01,7.768068697441941062e-01,7.952351815713525340e-01,8.078033533671753474e-01,8.173668245990370895e-01,8.250584821117593615e-01,8.368999036186486329e-01,8.494030476853106082e-01,8.582929462947547217e-01,8.650073866667112865e-01,8.702895845866942537e-01,8.781220577831728713e-01,8.852189877223994863e-01,8.911889189572361758e-01,8.973474312746858583e-01
1.681477732672962588e+02,7.411354308736922691e-01,7.768068697441941062e-01,7.952351815713525340e-01,8.078033533671753474e-01,8.173668245990370895e-01,8.250584821117593615e-01,8.368999036186486329e-01,8.494030476853106082e-01,8.582929462947547217e-01,8.650073866667112865e-01,8.702895845866942537e-01,8.781220577831728713e-01,8.852189877223994863e-01,8.911889189572361758e-01,8.973474312746858583e-01
1.692180429691140091e+02,7.411354308736922691e-01,7.768068697441941062e-01,7.952351815713525340e-01,8.078033533671753474e-01,8.173668245990370895e-01,8.250584821117593615e-01,8.368999036186486329e-01,8.494030476853106082e-01,8.582929462947547217e-01,8.650073866667112865e-01,8.702895845866942537e-01,8.781220577831728713e-01,8.852189877223994863e-01,8.911889189572361758e-01,8.973474312746858583e-01
1.702951249956649349e+02,7.411354308736922691e-01,7.768068697441941062e-01,7.952351815713525340e-01,8.078033533671753474e-01,8.173668245990370895e-01,8.250584821117593615e-01,8.368999036186486329e-01,8.494030476853106082e-01,8.582929462947547217e-01,8.650073866667112865e-01,8.702895845866942537e-01,8.781220577831728713e-01,8.852189877223994863e-01,8.911889189572361758e-01,8.973474312746858583e-01
1.713790627077654847e+02,7.411354308736922691e-01,7.768068697441941062e-01,7.952351815713525340e-01,8.078033533671753474e-01,8.173668245990370895e-01,8.250584821117593615e-01,8.368999036186486329e-01,8.494030476853106082e-01,8.582929462947547217e-01,8.650073866667112865e-01,8.702895845866942537e-01,8.781220577831728713e-01,8.852189877223994863e-01,8.911889189572361758e-01,8.973474312746858583e-01
1.724698997422262323e+02,7.411354308736922691e-01,7.768068697441941062e-01,7.952351815713525340e-01,8.078033533671753474e-01,8.173668245990370895e-01,8.250584821117593615e-01,8.368999036186486329e-01,8.494030476853106082e-01,8.582929462947547217e-01,8.650073866667112865e-01,8.702895845866942537e-01,8.781220577831728713e-01,8.852189877223994863e-01,8.911889189572361758e-01,8.973474312746858583e-01
1.735676800136083955e+02,7.411354308736922691e-01,7.768068697441941062e-01,7.952351815713525340e-01,8.078033533671753474e-01,8.173668245990370895e-01,8.250584821117593615e-01,8.368999036186486329e-01,8.494030476853106082e-01,8.582929462947547217e-01,8.650073866667112865e-01,8.702895845866942537e-01,8.781220577831728713e-01,8.852189877223994863e-01,8.911889189572361758e-01,8.973474312746858583e-01
1.746724477159917797e+02,7.411354308736922691e-01,7.768068697441941062e-01,7.952351815713525340e-01,8.078033533671753474e-01,8.173668245990370895e-01,8.250584821117593615e-01,8.368999036186486329e-01,8.494030476853106082e-01,8.582929462947547217e-01,8.650073866667112865e-01,8.702895845866942537e-01,8.781220577831728713e-01,8.852189877223994863e-01,8.911889189572361758e-01,8.973474312746858583e-01
1.757842473247537214e+02,7.411354308736922691e-01,7.768068697441941062e-01,7.952351815713525340e-01,8.078033533671753474e-01,8.173668245990370895e-01,8.250584821117593615e-01,8.368999036186486329e-01,8.494030476853106082e-01,8.582929462947547217e-01,8.650073866667112865e-01,8.702895845866942537e-01,8.781220577831728713e-01,8.852189877223994863e-01,8.911889189572361758e-01,8.973474312746858583e-01
1.769031235983602812e+02,7.411354308736922691e-01,7.768068697441941062e-01,7.952351815713525340e-01,8.078033533671753474e-01,8.173668245990370895e-01,8.250584821117593615e-01,8.368999036186486329e-01,8.494030476853106082e-01,8.582929462947547217e-01,8.650073866667112865e-01,8.702895845866942537e-01,8.781220577831728713e-01,8.852189877223994863e-01,8.911889189572361758e-01,8.973474312746858583e-01
1.780291215801670432e+02,7.411354308736922691e-01,7.768068697441941062e-01,7.952351815713525340e-01,8.078033533671753474e-01,8.173668245990370895e-01,8.250584821117593615e-01,8.368999036186486329e-01,8.494030476853106082e-01,8.582929462947547217e-01,8.650073866667112865e-01,8.702895845866942537e-01,8.781220577831728713e-01,8.852189877223994863e-01,8.911889189572361758e-01,8.973474312746858583e-01
1.791622866002331875e+02,7.411354308736922691e-01,7.768068697441941062e-01,7.952351815713525340e-01,8.078033533671753474e-01,8.173668245990370895e-01,8.250584821117593615e-01,8.368999036186486329e-01,8.494030476853106082e-01,8.582929462947547217e-01,8.650073866667112865e-01,8.702895845866942537e-01,8.781220577831728713e-01,8.852189877223994863e-01,8.911889189572361758e-01,8.973474312746858583e-01
1.803026642771461638e+02,7.411354308736922691e-01,7.768068697441941062e-01,7.952351815713525340e-01,8.078033533671753474e-01,8.173668245990370895e-01,8.250584821117593615e-01,8.368999036186486329e-01,8.494030476853106082e-01,8.582929462947547217e-01,8.650073866667112865e-01,8.702895845866942537e-01,8.781220577831728713e-01,8.852189877223994863e-01,8.911889189572361758e-01,8.973474312746858583e-01
1.814503005198580183e+02,7.411354308736922691e-01,7.768068697441941062e-01,7.952351815713525340e-01,8.078033533671753474e-01,8.173668245990370895e-01,8.250584821117593615e-01,8.368999036186486329e-01,8.494030476853106082e-01,8.582929462947547217e-01,8.650073866667112865e-01,8.702895845866942537e-01,8.781220577831728713e-01,8.852189877223994863e-01,8.911889189572361758e-01,8.973474312746858583e-01
1.826052415295343678e+02,7.411354308736922691e-01,7.768068697441941062e-01,7.952351815713525340e-01,8.078033533671753474e-01,8.173668245990370895e-01,8.250584821117593615e-01,8.368999036186486329e-01,8.494030476853106082e-01,8.582929462947547217e-01,8.650073866667112865e-01,8.702895845866942537e-01,8.781220577831728713e-01,8.852189877223994863e-01,8.911889189572361758e-01,8.973474312746858583e-01
1.837675338014131512e+02,7.411354308736922691e-01,7.768068697441941062e-01,7.952351815713525340e-01,8.078033533671753474e-01,8.173668245990370895e-01,8.250584821117593615e-01,8.368999036186486329e-01,8.494030476853106082e-01,8.582929462947547217e-01,8.650073866667112865e-01,8.702895845866942537e-01,8.781220577831728713e-01,8.852189877223994863e-01,8.911889189572361758e-01,8.973474312746858583e-01
1.849372241266772505e+02,7.411354308736922691e-01,7.768068697441941062e-01,7.952351815713525340e-01,8.078033533671753474e-01,8.173668245990370895e-01,8.250584821117593615e-01,8.368999036186486329e-01,8.494030476853106082e-01,8.582929462947547217e-01,8.650073866667112865e-01,8.702895845866942537e-01,8.781220577831728713e-01,8.852189877223994863e-01,8.911889189572361758e-01,8.973474312746858583e-01
1.861143595943378841e+02,7.411354308736922691e-01,7.768068697441941062e-01,7.952351815713525340e-01,8.078033533671753474e-01,8.173668245990370895e-01,8.250584821117593615e-01,8.368999036186486329e-01,8.494030476853106082e-01,8.582929462947547217e-01,8.650073866667112865e-01,8.702895845866942537e-01,8.781220577831728713e-01,8.852189877223994863e-01,8.911889189572361758e-01,8.973474312746858583e-01
1.872989875931302777e+02,7.411354308736922691e-01,7.768068697441941062e-01,7.952351815713525340e-01,8.078033533671753474e-01,8.173668245990370895e-01,8.250584821117593615e-01,8.368999036186486329e-01,8.494030476853106082e-01,8.582929462947547217e-01,8.650073866667112865e-01,8.702895845866942537e-01,8.781220577831728713e-01,8.852189877223994863e-01,8.911889189572361758e-01,8.973474312746858583e-01
1.884911558134220400e+02,7.411354308736922691e-01,7.768068697441941062e-01,7.952351815713525340e-01,8.078033533671753474e-01,8.173668245990370895e-01,8.250584821117593615e-01,8.368999036186486329e-01,8.494030476853106082e-01,8.582929462947547217e-01,8.650073866667112865e-01,8.702895845866942537e-01,8.781220577831728713e-01,8.852189877223994863e-01,8.911889189572361758e-01,8.973474312746858583e-01
1.896909122491320545e+02,7.411354308736922691e-01,7.768068697441941062e-01,7.952351815713525340e-01,8.078033533671753474e-01,8.173668245990370895e-01,8.250584821117593615e-01,8.368999036186486329e-01,8.494030476853106082e-01,8.582929462947547217e-01,8.650073866667112865e-01,8.702895845866942537e-01,8.781220577831728713e-01,8.852189877223994863e-01,8.911889189572361758e-01,8.973474312746858583e-01
1.908983051996632412e+02,7.411354308736922691e-01,7.768068697441941062e-01,7.952351815713525340e-01,8.078033533671753474e-01,8.173668245990370895e-01,8.250584821117593615e-01,8.368999036186486329e-01,8.494030476853106082e-01,8.582929462947547217e-01,8.650073866667112865e-01,8.702895845866942537e-01,8.781220577831728713e-01,8.852189877223994863e-01,8.911889189572361758e-01,8.973474312746858583e-01
1.921133832718468284e+02,7.411354308736922691e-01,7.768068697441941062e-01,7.952351815713525340e-01,8.078033533671753474e-01,8.173668245990370895e-01,8.250584821117593615e-01,8.368999036186486329e-01,8.494030476853106082e-01,8.582929462947547217e-01,8.650073866667112865e-01,8.702895845866942537e-01,8.781220577831728713e-01,8.852189877223994863e-01,8.911889189572361758e-01,8.973474312746858583e-01
1.933361953818990173e+02,7.411354308736922691e-01,7.768068697441941062e-01,7.952351815713525340e-01,8.078033533671753474e-01,8.173668245990370895e-01,8.250584821117593615e-01,8.368999036186486329e-01,8.494030476853106082e-01,8.582929462947547217e-01,8.650073866667112865e-01,8.702895845866942537e-01,8.781220577831728713e-01,8.852189877223994863e-01,8.911889189572361758e-01,8.973474312746858583e-01
1.945667907573909190e+02,7.411354308736922691e-01,7.768068697441941062e-01,7.952351815713525340e-01,8.078033533671753474e-01,8.173668245990370895e-01,8.250584821117593615e-01,8.368999036186486329e-01,8.494030476853106082e-01,8.582929462947547217e-01,8.650073866667112865e-01,8.702895845866942537e-01,8.781220577831728713e-01,8.852189877223994863e-01,8.911889189572361758e-01,8.973474312746858583e-01
1.958052189392292632e+02,7.411354308736922691e-01,7.768068697441941062e-01,7.952351815713525340e-01,8.078033533671753474e-01,8.173668245990370895e-01,8.250584821117593615e-01,8.368999036186486329e-01,8.494030476853106082e-01,8.582929462947547217e-01,8.650073866667112865e-01,8.702895845866942537e-01,8.781220577831728713e-01,8.852189877223994863e-01,8.911889189572361758e-01,8.973474312746858583e-01
1.970515297836514890e+02,7.411354308736922691e-01,7.768068697441941062e-01,7.952351815713525340e-01,8.078033533671753474e-01,8.173668245990370895e-01,8.250584821117593615e-01,8.368999036186486329e-01,8.494030476853106082e-01,8.582929462947547217e-01,8.650073866667112865e-01,8.702895845866942537e-01,8.781220577831728713e-01,8.852189877223994863e-01,8.911889189572361758e-01,8.973474312746858583e-01
1.983057734642327432e+02,7.411354308736922691e-01,7.768068697441941062e-01,7.952351815713525340e-01,8.078033533671753474e-01,8.173668245990370895e-01,8.250584821117593615e-01,8.368999036186486329e-01,8.494030476853106082e-01,8.582929462947547217e-01,8.650073866667112865e-01,8.702895845866942537e-01,8.781220577831728713e-01,8.852189877223994863e-01,8.911889189572361758e-01,8.973474312746858583e-01
1.995680004739056415e+02,7.411354308736922691e-01,7.768068697441941062e-01,7.952351815713525340e-01,8.078033533671753474e-01,8.173668245990370895e-01,8.250584821117593615e-01,8.368999036186486329e-01,8.494030476853106082e-01,8.582929462947547217e-01,8.650073866667112865e-01,8.702895845866942537e-01,8.781220577831728713e-01,8.852189877223994863e-01,8.911889189572361758e-01,8.973474312746858583e-01
2.008382616269929031e+02,7.411354308736922691e-01,7.768068697441941062e-01,7.952351815713525340e-01,8.078033533671753474e-01,8.173668245990370895e-01,8.250584821117593615e-01,8.368999036186486329e-01,8.494030476853106082e-01,8.582929462947547217e-01,8.650073866667112865e-01,8.702895845866942537e-01,8.781220577831728713e-01,8.852189877223994863e-01,8.911889189572361758e-01,8.973474312746858583e-01
2.021166080612537712e+02,7.411354308736922691e-01,7.768068697441941062e-01,7.952351815713525340e-01,8.078033533671753474e-01,8.173668245990370895e-01,8.250584821117593615e-01,8.368999036186486329e-01,8.494030476853106082e-01,8.582929462947547217e-01,8.650073866667112865e-01,8.702895845866942537e-01,8.781220577831728713e-01,8.852189877223994863e-01,8.911889189572361758e-01,8.973474312746858583e-01
2.034030912399414603e+02,7.411354308736922691e-01,7.768068697441941062e-01,7.952351815713525340e-01,8.078033533671753474e-01,8.173668245990370895e-01,8.250584821117593615e-01,8.368999036186486329e-01,8.494030476853106082e-01,8.582929462947547217e-01,8.650073866667112865e-01,8.702895845866942537e-01,8.781220577831728713e-01,8.852189877223994863e-01,8.911889189572361758e-01,8.973474312746858583e-01
2.046977629538758094e+02,7.411354308736922691e-01,7.768068697441941062e-01,7.952351815713525340e-01,8.078033533671753474e-01,8.173668245990370895e-01,8.250584821117593615e-01,8.368999036186486329e-01,8.494030476853106082e-01,8.582929462947547217e-01,8.650073866667112865e-01,8.702895845866942537e-01,8.781220577831728713e-01,8.852189877223994863e-01,8.911889189572361758e-01,8.973474312746858583e-01
2.060006753235280712e+02,7.411354308736922691e-01,7.768068697441941062e-01,7.952351815713525340e-01,8.078033533671753474e-01,8.173668245990370895e-01,8.250584821117593615e-01,8.368999036186486329e-01,8.494030476853106082e-01,8.582929462947547217e-01,8.650073866667112865e-01,8.702895845866942537e-01,8.781220577831728713e-01,8.852189877223994863e-01,8.911889189572361758e-01,8.973474312746858583e-01
2.073118808011188321e+02,7.411354308736922691e-01,7.768068697441941062e-01,7.952351815713525340e-01,8.078033533671753474e-01,8.173668245990370895e-01,8.250584821117593615e-01,8.368999036186486329e-01,8.494030476853106082e-01,8.582929462947547217e-01,8.650073866667112865e-01,8.702895845866942537e-01,8.781220577831728713e-01,8.852189877223994863e-01,8.911889189572361758e-01,8.973474312746858583e-01
2.086314321727305980e+02,7.411354308736922691e-01,7.768068697441941062e-01,7.952351815713525340e-01,8.078033533671753474e-01,8.173668245990370895e-01,8.250584821117593615e-01,8.368999036186486329e-01,8.494030476853106082e-01,8.582929462947547217e-01,8.650073866667112865e-01,8.702895845866942537e-01,8.781220577831728713e-01,8.852189877223994863e-01,8.911889189572361758e-01,8.973474312746858583e-01
2.099593825604315214e+02,7.411354308736922691e-01,7.768068697441941062e-01,7.952351815713525340e-01,8.078033533671753474e-01,8.173668245990370895e-01,8.250584821117593615e-01,8.368999036186486329e-01,8.494030476853106082e-01,8.582929462947547217e-01,8.650073866667112865e-01,8.702895845866942537e-01,8.781220577831728713e-01,8.852189877223994863e-01,8.911889189572361758e-01,8.973474312746858583e-01
2.112957854244148166e+02,7.411354308736922691e-01,7.768068697441941062e-01,7.952351815713525340e-01,8.078033533671753474e-01,8.173668245990370895e-01,8.250584821117593615e-01,8.368999036186486329e-01,8.494030476853106082e-01,8.582929462947547217e-01,8.650073866667112865e-01,8.702895845866942537e-01,8.781220577831728713e-01,8.852189877223994863e-01,8.911889189572361758e-01,8.973474312746858583e-01
2.126406945651507101e+02,7.411354308736922691e-01,7.768068697441941062e-01,7.952351815713525340e-01,8.078033533671753474e-01,8.173668245990370895e-01,8.250584821117593615e-01,8.368999036186486329e-01,8.494030476853106082e-01,8.582929462947547217e-01,8.650073866667112865e-01,8.702895845866942537e-01,8.781220577831728713e-01,8.852189877223994863e-01,8.911889189572361758e-01,8.973474312746858583e-01
2.139941641255523450e+02,7.411354308736922691e-01,7.768068697441941062e-01,7.952351815713525340e-01,8.078033533671753474e-01,8.173668245990370895e-01,8.250584821117593615e-01,8.368999036186486329e-01,8.494030476853106082e-01,8.582929462947547217e-01,8.650073866667112865e-01,8.702895845866942537e-01,8.781220577831728713e-01,8.852189877223994863e-01,8.911889189572361758e-01,8.973474312746858583e-01
2.153562485931552146e+02,7.411354308736922691e-01,7.768068697441941062e-01,7.952351815713525340e-01,8.078033533671753474e-01,8.173668245990370895e-01,8.250584821117593615e-01,8.368999036186486329e-01,8.494030476853106082e-01,8.582929462947547217e-01,8.650073866667112865e-01,8.702895845866942537e-01,8.781220577831728713e-01,8.852189877223994863e-01,8.911889189572361758e-01,8.973474312746858583e-01
2.167270028023116026e+02,7.411354308736922691e-01,7.768068697441941062e-01,7.952351815713525340e-01,8.078033533671753474e-01,8.173668245990370895e-01,8.250584821117593615e-01,8.368999036186486329e-01,8.494030476853106082e-01,8.582929462947547217e-01,8.650073866667112865e-01,8.702895845866942537e-01,8.781220577831728713e-01,8.852189877223994863e-01,8.911889189572361758e-01,8.973474312746858583e-01
2.181064819363967899e+02,7.411354308736922691e-01,7.768068697441941062e-01,7.952351815713525340e-01,8.078033533671753474e-01,8.173668245990370895e-01,8.250584821117593615e-01,8.368999036186486329e-01,8.494030476853106082e-01,8.582929462947547217e-01,8.650073866667112865e-01,8.702895845866942537e-01,8.781220577831728713e-01,8.852189877223994863e-01,8.911889189572361758e-01,8.973474312746858583e-01
2.194947415300314333e+02,7.411354308736922691e-01,7.768068697441941062e-01,7.952351815713525340e-01,8.078033533671753474e-01,8.173668245990370895e-01,8.250584821117593615e-01,8.368999036186486329e-01,8.494030476853106082e-01,8.582929462947547217e-01,8.650073866667112865e-01,8.702895845866942537e-01,8.781220577831728713e-01,8.852189877223994863e-01,8.911889189572361758e-01,8.973474312746858583e-01
2.208918374713170181e+02,7.411354308736922691e-01,7.768068697441941062e-01,7.952351815713525340e-01,8.078033533671753474e-01,8.173668245990370895e-01,8.250584821117593615e-01,8.368999036186486329e-01,8.494030476853106082e-01,8.582929462947547217e-01,8.650073866667112865e-01,8.702895845866942537e-01,8.781220577831728713e-01,8.852189877223994863e-01,8.911889189572361758e-01,8.973474312746858583e-01
2.222978260040856640e+02,7.411354308736922691e-01,7.768068697441941062e-01,7.952351815713525340e-01,8.078033533671753474e-01,8.173668245990370895e-01,8.250584821117593615e-01,8.368999036186486329e-01,8.494030476853106082e-01,8.582929462947547217e-01,8.650073866667112865e-01,8.702895845866942537e-01,8.781220577831728713e-01,8.852189877223994863e-01,8.911889189572361758e-01,8.973474312746858583e-01
2.237127637301651930e+02,7.411354308736922691e-01,7.768068697441941062e-01,7.952351815713525340e-01,8.078033533671753474e-01,8.173668245990370895e-01,8.250584821117593615e-01,8.368999036186486329e-01,8.494030476853106082e-01,8.582929462947547217e-01,8.650073866667112865e-01,8.702895845866942537e-01,8.781220577831728713e-01,8.852189877223994863e-01,8.911889189572361758e-01,8.973474312746858583e-01
2.251367076116564760e+02,7.411354308736922691e-01,7.768068697441941062e-01,7.952351815713525340e-01,8.078033533671753474e-01,8.173668245990370895e-01,8.250584821117593615e-01,8.368999036186486329e-01,8.494030476853106082e-01,8.582929462947547217e-01,8.650073866667112865e-01,8.702895845866942537e-01,8.781220577831728713e-01,8.852189877223994863e-01,8.911889189572361758e-01,8.973474312746858583e-01
2.265697149732274056e+02,7.411354308736922691e-01,7.768068697441941062e-01,7.952351815713525340e-01,8.078033533671753474e-01,8.173668245990370895e-01,8.250584821117593615e-01,8.368999036186486329e-01,8.494030476853106082e-01,8.582929462947547217e-01,8.650073866667112865e-01,8.702895845866942537e-01,8.781220577831728713e-01,8.852189877223994863e-01,8.911889189572361758e-01,8.973474312746858583e-01
2.280118435044205683e+02,7.411354308736922691e-01,7.768068697441941062e-01,7.952351815713525340e-01,8.078033533671753474e-01,8.173668245990370895e-01,8.250584821117593615e-01,8.368999036186486329e-01,8.494030476853106082e-01,8.582929462947547217e-01,8.650073866667112865e-01,8.702895845866942537e-01,8.781220577831728713e-01,8.852189877223994863e-01,8.911889189572361758e-01,8.973474312746858583e-01
2.294631512619753835e+02,7.411354308736922691e-01,7.768068697441941062e-01,7.952351815713525340e-01,8.078033533671753474e-01,8.173668245990370895e-01,8.250584821117593615e-01,8.368999036186486329e-01,8.494030476853106082e-01,8.582929462947547217e-01,8.650073866667112865e-01,8.702895845866942537e-01,8.781220577831728713e-01,8.852189877223994863e-01,8.911889189572361758e-01,8.973474312746858583e-01
2.309236966721661872e+02,7.411354308736922691e-01,7.768068697441941062e-01,7.952351815713525340e-01,8.078033533671753474e-01,8.173668245990370895e-01,8.250584821117593615e-01,8.368999036186486329e-01,8.494030476853106082e-01,8.582929462947547217e-01,8.650073866667112865e-01,8.702895845866942537e-01,8.781220577831728713e-01,8.852189877223994863e-01,8.911889189572361758e-01,8.973474312746858583e-01
2.323935385331531336e+02,7.411354308736922691e-01,7.768068697441941062e-01,7.952351815713525340e-01,8.078033533671753474e-01,8.173668245990370895e-01,8.250584821117593615e-01,8.368999036186486329e-01,8.494030476853106082e-01,8.582929462947547217e-01,8.650073866667112865e-01,8.702895845866942537e-01,8.781220577831728713e-01,8.852189877223994863e-01,8.911889189572361758e-01,8.973474312746858583e-01
2.338727360173499790e+02,7.411354308736922691e-01,7.768068697441941062e-01,7.952351815713525340e-01,8.078033533671753474e-01,8.173668245990370895e-01,8.250584821117593615e-01,8.368999036186486329e-01,8.494030476853106082e-01,8.582929462947547217e-01,8.650073866667112865e-01,8.702895845866942537e-01,8.781220577831728713e-01,8.852189877223994863e-01,8.911889189572361758e-01,8.973474312746858583e-01
2.353613486738062193e+02,7.411354308736922691e-01,7.768068697441941062e-01,7.952351815713525340e-01,8.078033533671753474e-01,8.173668245990370895e-01,8.250584821117593615e-01,8.368999036186486329e-01,8.494030476853106082e-01,8.582929462947547217e-01,8.650073866667112865e-01,8.702895845866942537e-01,8.781220577831728713e-01,8.852189877223994863e-01,8.911889189572361758e-01,8.973474312746858583e-01
2.368594364306039779e+02,7.411354308736922691e-01,7.768068697441941062e-01,7.952351815713525340e-01,8.078033533671753474e-01,8.173668245990370895e-01,8.250584821117593615e-01,8.368999036186486329e-01,8.494030476853106082e-01,8.582929462947547217e-01,8.650073866667112865e-01,8.702895845866942537e-01,8.781220577831728713e-01,8.852189877223994863e-01,8.911889189572361758e-01,8.973474312746858583e-01
2.383670595972715489e+02,7.411354308736922691e-01,7.768068697441941062e-01,7.952351815713525340e-01,8.078033533671753474e-01,8.173668245990370895e-01,8.250584821117593615e-01,8.368999036186486329e-01,8.494030476853106082e-01,8.582929462947547217e-01,8.650073866667112865e-01,8.702895845866942537e-01,8.781220577831728713e-01,8.852189877223994863e-01,8.911889189572361758e-01,8.973474312746858583e-01
2.398842788672100141e+02,7.411354308736922691e-01,7.768068697441941062e-01,7.952351815713525340e-01,8.078033533671753474e-01,8.173668245990370895e-01,8.250584821117593615e-01,8.368999036186486329e-01,8.494030476853106082e-01,8.582929462947547217e-01,8.650073866667112865e-01,8.702895845866942537e-01,8.781220577831728713e-01,8.852189877223994863e-01,8.911889189572361758e-01,8.973474312746858583e-01
2.414111553201374534e+02,7.411354308736922691e-01,7.768068697441941062e-01,7.952351815713525340e-01,8.078033533671753474e-01,8.173668245990370895e-01,8.250584821117593615e-01,8.368999036186486329e-01,8.494030476853106082e-01,8.582929462947547217e-01,8.650073866667112865e-01,8.702895845866942537e-01,8.781220577831728713e-01,8.852189877223994863e-01,8.911889189572361758e-01,8.973474312746858583e-01
2.429477504245476496e+02,7.411354308736922691e-01,7.768068697441941062e-01,7.952351815713525340e-01,8.078033533671753474e-01,8.173668245990370895e-01,8.250584821117593615e-01,8.368999036186486329e-01,8.494030476853106082e-01,8.582929462947547217e-01,8.650073866667112865e-01,8.702895845866942537e-01,8.781220577831728713e-01,8.852189877223994863e-01,8.911889189572361758e-01,8.973474312746858583e-01
2.444941260401847103e+02,7.411354308736922691e-01,7.768068697441941062e-01,7.952351815713525340e-01,8.078033533671753474e-01,8.173668245990370895e-01,8.250584821117593615e-01,8.368999036186486329e-01,8.494030476853106082e-01,8.582929462947547217e-01,8.650073866667112865e-01,8.702895845866942537e-01,8.781220577831728713e-01,8.852189877223994863e-01,8.911889189572361758e-01,8.973474312746858583e-01
2.460503444205331220e+02,7.411354308736922691e-01,7.768068697441941062e-01,7.952351815713525340e-01,8.078033533671753474e-01,8.173668245990370895e-01,8.250584821117593615e-01,8.368999036186486329e-01,8.494030476853106082e-01,8.582929462947547217e-01,8.650073866667112865e-01,8.702895845866942537e-01,8.781220577831728713e-01,8.852189877223994863e-01,8.911889189572361758e-01,8.973474312746858583e-01
2.476164682153248577e+02,7.411354308736922691e-01,7.768068697441941062e-01,7.952351815713525340e-01,8.078033533671753474e-01,8.173668245990370895e-01,8.250584821117593615e-01,8.368999036186486329e-01,8.494030476853106082e-01,8.582929462947547217e-01,8.650073866667112865e-01,8.702895845866942537e-01,8.781220577831728713e-01,8.852189877223994863e-01,8.911889189572361758e-01,8.973474312746858583e-01
2.491925604730602117e+02,7.411354308736922691e-01,7.768068697441941062e-01,7.952351815713525340e-01,8.078033533671753474e-01,8.173668245990370895e-01,8.250584821117593615e-01,8.368999036186486329e-01,8.494030476853106082e-01,8.582929462947547217e-01,8.650073866667112865e-01,8.702895845866942537e-01,8.781220577831728713e-01,8.852189877223994863e-01,8.911889189572361758e-01,8.973474312746858583e-01
2.507786846435467396e+02,7.411354308736922691e-01,7.768068697441941062e-01,7.952351815713525340e-01,8.078033533671753474e-01,8.173668245990370895e-01,8.250584821117593615e-01,8.368999036186486329e-01,8.494030476853106082e-01,8.582929462947547217e-01,8.650073866667112865e-01,8.702895845866942537e-01,8.781220577831728713e-01,8.852189877223994863e-01,8.911889189572361758e-01,8.973474312746858583e-01
2.523749045804535172e+02,7.411354308736922691e-01,7.768068697441941062e-01,7.952351815713525340e-01,8.078033533671753474e-01,8.173668245990370895e-01,8.250584821117593615e-01,8.368999036186486329e-01,8.494030476853106082e-01,8.582929462947547217e-01,8.650073866667112865e-01,8.702895845866942537e-01,8.781220577831728713e-01,8.852189877223994863e-01,8.911889189572361758e-01,8.973474312746858583e-01
2.539812845438814293e+02,7.411354308736922691e-01,7.768068697441941062e-01,7.952351815713525340e-01,8.078033533671753474e-01,8.173668245990370895e-01,8.250584821117593615e-01,8.368999036186486329e-01,8.494030476853106082e-01,8.582929462947547217e-01,8.650073866667112865e-01,8.702895845866942537e-01,8.781220577831728713e-01,8.852189877223994863e-01,8.911889189572361758e-01,8.973474312746858583e-01
2.555978892029511655e+02,7.411354308736922691e-01,7.768068697441941062e-01,7.952351815713525340e-01,8.078033533671753474e-01,8.173668245990370895e-01,8.250584821117593615e-01,8.368999036186486329e-01,8.494030476853106082e-01,8.582929462947547217e-01,8.650073866667112865e-01,8.702895845866942537e-01,8.781220577831728713e-01,8.852189877223994863e-01,8.911889189572361758e-01,8.973474312746858583e-01
2.572247836384050856e+02,7.411354308736922691e-01,7.768068697441941062e-01,7.952351815713525340e-01,8.078033533671753474e-01,8.173668245990370895e-01,8.250584821117593615e-01,8.368999036186486329e-01,8.494030476853106082e-01,8.582929462947547217e-01,8.650073866667112865e-01,8.702895845866942537e-01,8.781220577831728713e-01,8.852189877223994863e-01,8.911889189572361758e-01,8.973474312746858583e-01
2.588620333452283262e+02,7.411354308736922691e-01,7.768068697441941062e-01,7.952351815713525340e-01,8.078033533671753474e-01,8.173668245990370895e-01,8.250584821117593615e-01,8.368999036186486329e-01,8.494030476853106082e-01,8.582929462947547217e-01,8.650073866667112865e-01,8.702895845866942537e-01,8.781220577831728713e-01,8.852189877223994863e-01,8.911889189572361758e-01,8.973474312746858583e-01
2.605097042352850281e+02,7.411354308736922691e-01,7.768068697441941062e-01,7.952351815713525340e-01,8.078033533671753474e-01,8.173668245990370895e-01,8.250584821117593615e-01,8.368999036186486329e-01,8.494030476853106082e-01,8.582929462947547217e-01,8.650073866667112865e-01,8.702895845866942537e-01,8.781220577831728713e-01,8.852189877223994863e-01,8.911889189572361758e-01,8.973474312746858583e-01
2.621678626399720429e+02,7.411354308736922691e-01,7.768068697441941062e-01,7.952351815713525340e-01,8.078033533671753474e-01,8.173668245990370895e-01,8.250584821117593615e-01,8.368999036186486329e-01,8.494030476853106082e-01,8.582929462947547217e-01,8.650073866667112865e-01,8.702895845866942537e-01,8.781220577831728713e-01,8.852189877223994863e-01,8.911889189572361758e-01,8.973474312746858583e-01
2.638365753128888400e+02,7.411354308736922691e-01,7.768068697441941062e-01,7.952351815713525340e-01,8.078033533671753474e-01,8.173668245990370895e-01,8.250584821117593615e-01,8.368999036186486329e-01,8.494030476853106082e-01,8.582929462947547217e-01,8.650073866667112865e-01,8.702895845866942537e-01,8.781220577831728713e-01,8.852189877223994863e-01,8.911889189572361758e-01,8.973474312746858583e-01
2.655159094325260298e+02,7.411354308736922691e-01,7.768068697441941062e-01,7.952351815713525340e-01,8.078033533671753474e-01,8.173668245990370895e-01,8.250584821117593615e-01,8.368999036186486329e-01,8.494030476853106082e-01,8.582929462947547217e-01,8.650073866667112865e-01,8.702895845866942537e-01,8.781220577831728713e-01,8.852189877223994863e-01,8.911889189572361758e-01,8.973474312746858583e-01
2.672059326049680976e+02,7.411354308736922691e-01,7.768068697441941062e-01,7.952351815713525340e-01,8.078033533671753474e-01,8.173668245990370895e-01,8.250584821117593615e-01,8.368999036186486329e-01,8.494030476853106082e-01,8.582929462947547217e-01,8.650073866667112865e-01,8.702895845866942537e-01,8.781220577831728713e-01,8.852189877223994863e-01,8.911889189572361758e-01,8.973474312746858583e-01
2.689067128666162034e+02,7.411354308736922691e-01,7.768068697441941062e-01,7.952351815713525340e-01,8.078033533671753474e-01,8.173668245990370895e-01,8.250584821117593615e-01,8.368999036186486329e-01,8.494030476853106082e-01,8.582929462947547217e-01,8.650073866667112865e-01,8.702895845866942537e-01,8.781220577831728713e-01,8.852189877223994863e-01,8.911889189572361758e-01,8.973474312746858583e-01
2.706183186869266137e+02,7.411354308736922691e-01,7.768068697441941062e-01,7.952351815713525340e-01,8.078033533671753474e-01,8.173668245990370895e-01,8.250584821117593615e-01,8.368999036186486329e-01,8.494030476853106082e-01,8.582929462947547217e-01,8.650073866667112865e-01,8.702895845866942537e-01,8.781220577831728713e-01,8.852189877223994863e-01,8.911889189572361758e-01,8.973474312746858583e-01
2.723408189711683463e+02,7.411354308736922691e-01,7.768068697441941062e-01,7.952351815713525340e-01,8.078033533671753474e-01,8.173668245990370895e-01,8.250584821117593615e-01,8.368999036186486329e-01,8.494030476853106082e-01,8.582929462947547217e-01,8.650073866667112865e-01,8.702895845866942537e-01,8.781220577831728713e-01,8.852189877223994863e-01,8.911889189572361758e-01,8.973474312746858583e-01
2.740742830631951392e+02,7.411354308736922691e-01,7.768068697441941062e-01,7.952351815713525340e-01,8.078033533671753474e-01,8.173668245990370895e-01,8.250584821117593615e-01,8.368999036186486329e-01,8.494030476853106082e-01,8.582929462947547217e-01,8.650073866667112865e-01,8.702895845866942537e-01,8.781220577831728713e-01,8.852189877223994863e-01,8.911889189572361758e-01,8.973474312746858583e-01
2.758187807482385665e+02,7.411354308736922691e-01,7.768068697441941062e-01,7.952351815713525340e-01,8.078033533671753474e-01,8.173668245990370895e-01,8.250584821117593615e-01,8.368999036186486329e-01,8.494030476853106082e-01,8.582929462947547217e-01,8.650073866667112865e-01,8.702895845866942537e-01,8.781220577831728713e-01,8.852189877223994863e-01,8.911889189572361758e-01,8.973474312746858583e-01
2.775743822557169551e+02,7.411354308736922691e-01,7.768068697441941062e-01,7.952351815713525340e-01,8.078033533671753474e-01,8.173668245990370895e-01,8.250584821117593615e-01,8.368999036186486329e-01,8.494030476853106082e-01,8.582929462947547217e-01,8.650073866667112865e-01,8.702895845866942537e-01,8.781220577831728713e-01,8.852189877223994863e-01,8.911889189572361758e-01,8.973474312746858583e-01
2.793411582620626632e+02,7.411354308736922691e-01,7.768068697441941062e-01,7.952351815713525340e-01,8.078033533671753474e-01,8.173668245990370895e-01,8.250584821117593615e-01,8.368999036186486329e-01,8.494030476853106082e-01,8.582929462947547217e-01,8.650073866667112865e-01,8.702895845866942537e-01,8.781220577831728713e-01,8.852189877223994863e-01,8.911889189572361758e-01,8.973474312746858583e-01
2.811191798935674342e+02,7.411354308736922691e-01,7.768068697441941062e-01,7.952351815713525340e-01,8.078033533671753474e-01,8.173668245990370895e-01,8.250584821117593615e-01,8.368999036186486329e-01,8.494030476853106082e-01,8.582929462947547217e-01,8.650073866667112865e-01,8.702895845866942537e-01,8.781220577831728713e-01,8.852189877223994863e-01,8.911889189572361758e-01,8.973474312746858583e-01
2.829085187292453725e+02,7.411354308736922691e-01,7.768068697441941062e-01,7.952351815713525340e-01,8.078033533671753474e-01,8.173668245990370895e-01,8.250584821117593615e-01,8.368999036186486329e-01,8.494030476853106082e-01,8.582929462947547217e-01,8.650073866667112865e-01,8.702895845866942537e-01,8.781220577831728713e-01,8.852189877223994863e-01,8.911889189572361758e-01,8.973474312746858583e-01
2.847092468037157573e+02,7.411354308736922691e-01,7.768068697441941062e-01,7.952351815713525340e-01,8.078033533671753474e-01,8.173668245990370895e-01,8.250584821117593615e-01,8.368999036186486329e-01,8.494030476853106082e-01,8.582929462947547217e-01,8.650073866667112865e-01,8.702895845866942537e-01,8.781220577831728713e-01,8.852189877223994863e-01,8.911889189572361758e-01,8.973474312746858583e-01
2.865214366101012615e+02,7.411354308736922691e-01,7.768068697441941062e-01,7.952351815713525340e-01,8.078033533671753474e-01,8.173668245990370895e-01,8.250584821117593615e-01,8.368999036186486329e-01,8.494030476853106082e-01,8.582929462947547217e-01,8.650073866667112865e-01,8.702895845866942537e-01,8.781220577831728713e-01,8.852189877223994863e-01,8.911889189572361758e-01,8.973474312746858583e-01
2.883451611029475998e+02,7.411354308736922691e-01,7.768068697441941062e-01,7.952351815713525340e-01,8.078033533671753474e-01,8.173668245990370895e-01,8.250584821117593615e-01,8.368999036186486329e-01,8.494030476853106082e-01,8.582929462947547217e-01,8.650073866667112865e-01,8.702895845866942537e-01,8.781220577831728713e-01,8.852189877223994863e-01,8.911889189572361758e-01,8.973474312746858583e-01
2.901804937011596621e+02,7.411354308736922691e-01,7.768068697441941062e-01,7.952351815713525340e-01,8.078033533671753474e-01,8.173668245990370895e-01,8.250584821117593615e-01,8.368999036186486329e-01,8.494030476853106082e-01,8.582929462947547217e-01,8.650073866667112865e-01,8.702895845866942537e-01,8.781220577831728713e-01,8.852189877223994863e-01,8.911889189572361758e-01,8.973474312746858583e-01
2.920275082909586786e+02,7.411354308736922691e-01,7.768068697441941062e-01,7.952351815713525340e-01,8.078033533671753474e-01,8.173668245990370895e-01,8.250584821117593615e-01,8.368999036186486329e-01,8.494030476853106082e-01,8.582929462947547217e-01,8.650073866667112865e-01,8.702895845866942537e-01,8.781220577831728713e-01,8.852189877223994863e-01,8.911889189572361758e-01,8.973474312746858583e-01
2.938862792288548462e+02,7.411354308736922691e-01,7.768068697441941062e-01,7.952351815713525340e-01,8.078033533671753474e-01,8.173668245990370895e-01,8.250584821117593615e-01,8.368999036186486329e-01,8.494030476853106082e-01,8.582929462947547217e-01,8.650073866667112865e-01,8.702895845866942537e-01,8.781220577831728713e-01,8.852189877223994863e-01,8.911889189572361758e-01,8.973474312746858583e-01
2.957568813446416129e+02,7.411354308736922691e-01,7.768068697441941062e-01,7.952351815713525340e-01,8.078033533671753474e-01,8.173668245990370895e-01,8.250584821117593615e-01,8.368999036186486329e-01,8.494030476853106082e-01,8.582929462947547217e-01,8.650073866667112865e-01,8.702895845866942537e-01,8.781220577831728713e-01,8.852189877223994863e-01,8.911889189572361758e-01,8.973474312746858583e-01
2.976393899444084354e+02,7.411354308736922691e-01,7.768068697441941062e-01,7.952351815713525340e-01,8.078033533671753474e-01,8.173668245990370895e-01,8.250584821117593615e-01,8.368999036186486329e-01,8.494030476853106082e-01,8.582929462947547217e-01,8.650073866667112865e-01,8.702895845866942537e-01,8.781220577831728713e-01,8.852189877223994863e-01,8.911889189572361758e-01,8.973474312746858583e-01
2.995338808135719546e+02,7.411354308736922691e-01,7.768068697441941062e-01,7.952351815713525340e-01,8.078033533671753474e-01,8.173668245990370895e-01,8.250584821117593615e-01,8.368999036186486329e-01,8.494030476853106082e-01,8.582929462947547217e-01,8.650073866667112865e-01,8.702895845866942537e-01,8.781220577831728713e-01,8.852189877223994863e-01,8.911889189572361758e-01,8.973474312746858583e-01
3.014404302199268386e+02,7.411354308736922691e-01,7.768068697441941062e-01,7.952351815713525340e-01,8.078033533671753474e-01,8.173668245990370895e-01,8.250584821117593615e-01,8.368999036186486329e-01,8.494030476853106082e-01,8.582929462947547217e-01,8.650073866667112865e-01,8.702895845866942537e-01,8.781220577831728713e-01,8.852189877223994863e-01,8.911889189572361758e-01,8.973474312746858583e-01
3.033591149167172603e+02,7.411354308736922691e-01,7.768068697441941062e-01,7.952351815713525340e-01,8.078033533671753474e-01,8.173668245990370895e-01,8.250584821117593615e-01,8.368999036186486329e-01,8.494030476853106082e-01,8.582929462947547217e-01,8.650073866667112865e-01,8.702895845866942537e-01,8.781220577831728713e-01,8.852189877223994863e-01,8.911889189572361758e-01,8.973474312746858583e-01
3.052900121457251430e+02,7.411354308736922691e-01,7.768068697441941062e-01,7.952351815713525340e-01,8.078033533671753474e-01,8.173668245990370895e-01,8.250584821117593615e-01,8.368999036186486329e-01,8.494030476853106082e-01,8.582929462947547217e-01,8.650073866667112865e-01,8.702895845866942537e-01,8.781220577831728713e-01,8.852189877223994863e-01,8.911889189572361758e-01,8.973474312746858583e-01
3.072331996403807466e+02,7.411354308736922691e-01,7.768068697441941062e-01,7.952351815713525340e-01,8.078033533671753474e-01,8.173668245990370895e-01,8.250584821117593615e-01,8.368999036186486329e-01,8.494030476853106082e-01,8.582929462947547217e-01,8.650073866667112865e-01,8.702895845866942537e-01,8.781220577831728713e-01,8.852189877223994863e-01,8.911889189572361758e-01,8.973474312746858583e-01
3.091887556288918972e+02,7.411354308736922691e-01,7.768068697441941062e-01,7.952351815713525340e-01,8.078033533671753474e-01,8.173668245990370895e-01,8.250584821117593615e-01,8.368999036186486329e-01,8.494030476853106082e-01,8.582929462947547217e-01,8.650073866667112865e-01,8.702895845866942537e-01,8.781220577831728713e-01,8.852189877223994863e-01,8.911889189572361758e-01,8.973474312746858583e-01
3.111567588373928857e+02,7.411354308736922691e-01,7.768068697441941062e-01,7.952351815713525340e-01,8.078033533671753474e-01,8.173668245990370895e-01,8.250584821117593615e-01,8.368999036186486329e-01,8.494030476853106082e-01,8.582929462947547217e-01,8.650073866667112865e-01,8.702895845866942537e-01,8.781220577831728713e-01,8.852189877223994863e-01,8.911889189572361758e-01,8.973474312746858583e-01
3.131372884931150224e+02,7.411354308736922691e-01,7.768068697441941062e-01,7.952351815713525340e-01,8.078033533671753474e-01,8.173668245990370895e-01,8.250584821117593615e-01,8.368999036186486329e-01,8.494030476853106082e-01,8.582929462947547217e-01,8.650073866667112865e-01,8.702895845866942537e-01,8.781220577831728713e-01,8.852189877223994863e-01,8.911889189572361758e-01,8.973474312746858583e-01
3.151304243275744170e+02,7.411354308736922691e-01,7.768068697441941062e-01,7.952351815713525340e-01,8.078033533671753474e-01,8.173668245990370895e-01,8.250584821117593615e-01,8.368999036186486329e-01,8.494030476853106082e-01,8.582929462947547217e-01,8.650073866667112865e-01,8.702895845866942537e-01,8.781220577831728713e-01,8.852189877223994863e-01,8.911889189572361758e-01,8.973474312746858583e-01
3.171362465797827781e+02,7.411354308736922691e-01,7.768068697441941062e-01,7.952351815713525340e-01,8.078033533671753474e-01,8.173668245990370895e-01,8.250584821117593615e-01,8.368999036186486329e-01,8.494030476853106082e-01,8.582929462947547217e-01,8.650073866667112865e-01,8.702895845866942537e-01,8.781220577831728713e-01,8.852189877223994863e-01,8.911889189572361758e-01,8.973474312746858583e-01
3.191548359994775410e+02,7.411354308736922691e-01,7.768068697441941062e-01,7.952351815713525340e-01,8.078033533671753474e-01,8.173668245990370895e-01,8.250584821117593615e-01,8.368999036186486329e-01,8.494030476853106082e-01,8.582929462947547217e-01,8.650073866667112865e-01,8.702895845866942537e-01,8.781220577831728713e-01,8.852189877223994863e-01,8.911889189572361758e-01,8.973474312746858583e-01
3.211862738503726291e+02,7.411354308736922691e-01,7.768068697441941062e-01,7.952351815713525340e-01,8.078033533671753474e-01,8.173668245990370895e-01,8.250584821117593615e-01,8.368999036186486329e-01,8.494030476853106082e-01,8.582929462947547217e-01,8.650073866667112865e-01,8.702895845866942537e-01,8.781220577831728713e-01,8.852189877223994863e-01,8.911889189572361758e-01,8.973474312746858583e-01
3.232306419134295083e+02,7.411354308736922691e-01,7.768068697441941062e-01,7.952351815713525340e-01,8.078033533671753474e-01,8.173668245990370895e-01,8.250584821117593615e-01,8.368999036186486329e-01,8.494030476853106082e-01,8.582929462947547217e-01,8.650073866667112865e-01,8.702895845866942537e-01,8.781220577831728713e-01,8.852189877223994863e-01,8.911889189572361758e-01,8.973474312746858583e-01
3.252880224901509791e+02,7.411354308736922691e-01,7.768068697441941062e-01,7.952351815713525340e-01,8.078033533671753474e-01,8.173668245990370895e-01,8.250584821117593615e-01,8.368999036186486329e-01,8.494030476853106082e-01,8.582929462947547217e-01,8.650073866667112865e-01,8.702895845866942537e-01,8.781220577831728713e-01,8.852189877223994863e-01,8.911889189572361758e-01,8.973474312746858583e-01
3.273584984058923624e+02,7.411354308736922691e-01,7.768068697441941062e-01,7.952351815713525340e-01,8.078033533671753474e-01,8.173668245990370895e-01,8.250584821117593615e-01,8.368999036186486329e-01,8.494030476853106082e-01,8.582929462947547217e-01,8.650073866667112865e-01,8.702895845866942537e-01,8.781220577831728713e-01,8.852189877223994863e-01,8.911889189572361758e-01,8.973474312746858583e-01
3.294421530131971281e+02,7.411354308736922691e-01,7.768068697441941062e-01,7.952351815713525340e-01,8.078033533671753474e-01,8.173668245990370895e-01,8.250584821117593615e-01,8.368999036186486329e-01,8.494030476853106082e-01,8.582929462947547217e-01,8.650073866667112865e-01,8.702895845866942537e-01,8.781220577831728713e-01,8.852189877223994863e-01,8.911889189572361758e-01,8.973474312746858583e-01
3.315390701951519077e+02,7.411354308736922691e-01,7.768068697441941062e-01,7.952351815713525340e-01,8.078033533671753474e-01,8.173668245990370895e-01,8.250584821117593615e-01,8.368999036186486329e-01,8.494030476853106082e-01,8.582929462947547217e-01,8.650073866667112865e-01,8.702895845866942537e-01,8.781220577831728713e-01,8.852189877223994863e-01,8.911889189572361758e-01,8.973474312746858583e-01
3.336493343687648121e+02,7.411354308736922691e-01,7.768068697441941062e-01,7.952351815713525340e-01,8.078033533671753474e-01,8.173668245990370895e-01,8.250584821117593615e-01,8.368999036186486329e-01,8.494030476853106082e-01,8.582929462947547217e-01,8.650073866667112865e-01,8.702895845866942537e-01,8.781220577831728713e-01,8.852189877223994863e-01,8.911889189572361758e-01,8.973474312746858583e-01
3.357730304883616554e+02,7.411354308736922691e-01,7.768068697441941062e-01,7.952351815713525340e-01,8.078033533671753474e-01,8.173668245990370895e-01,8.250584821117593615e-01,8.368999036186486329e-01,8.494030476853106082e-01,8.582929462947547217e-01,8.650073866667112865e-01,8.702895845866942537e-01,8.781220577831728713e-01,8.852189877223994863e-01,8.911889189572361758e-01,8.973474312746858583e-01
3.379102440490075310e+02,7.411354308736922691e-01,7.768068697441941062e-01,7.952351815713525340e-01,8.078033533671753474e-01,8.173668245990370895e-01,8.250584821117593615e-01,8.368999036186486329e-01,8.494030476853106082e-01,8.582929462947547217e-01,8.650073866667112865e-01,8.702895845866942537e-01,8.781220577831728713e-01,8.852189877223994863e-01,8.911889189572361758e-01,8.973474312746858583e-01
3.400610610899483390e+02,7.411354308736922691e-01,7.768068697441941062e-01,7.952351815713525340e-01,8.078033533671753474e-01,8.173668245990370895e-01,8.250584821117593615e-01,8.368999036186486329e-01,8.494030476853106082e-01,8.582929462947547217e-01,8.650073866667112865e-01,8.702895845866942537e-01,8.781220577831728713e-01,8.852189877223994863e-01,8.911889189572361758e-01,8.973474312746858583e-01
3.422255681980743702e+02,7.411354308736922691e-01,7.768068697441941062e-01,7.952351815713525340e-01,8.078033533671753474e-01,8.173668245990370895e-01,8.250584821117593615e-01,8.368999036186486329e-01,8.494030476853106082e-01,8.582929462947547217e-01,8.650073866667112865e-01,8.702895845866942537e-01,8.781220577831728713e-01,8.852189877223994863e-01,8.911889189572361758e-01,8.973474312746858583e-01
3.444038525114061713e+02,7.411354308736922691e-01,7.768068697441941062e-01,7.952351815713525340e-01,8.078033533671753474e-01,8.173668245990370895e-01,8.250584821117593615e-01,8.368999036186486329e-01,8.494030476853106082e-01,8.582929462947547217e-01,8.650073866667112865e-01,8.702895845866942537e-01,8.781220577831728713e-01,8.852189877223994863e-01,8.911889189572361758e-01,8.973474312746858583e-01
3.465960017226021819e+02,7.411354308736922691e-01,7.768068697441941062e-01,7.952351815713525340e-01,8.078033533671753474e-01,8.173668245990370895e-01,8.250584821117593615e-01,8.368999036186486329e-01,8.494030476853106082e-01,8.582929462947547217e-01,8.650073866667112865e-01,8.702895845866942537e-01,8.781220577831728713e-01,8.852189877223994863e-01,8.911889189572361758e-01,8.973474312746858583e-01
3.488021040824904162e+02,7.411354308736922691e-01,7.768068697441941062e-01,7.952351815713525340e-01,8.078033533671753474e-01,8.173668245990370895e-01,8.250584821117593615e-01,8.368999036186486329e-01,8.494030476853106082e-01,8.582929462947547217e-01,8.650073866667112865e-01,8.702895845866942537e-01,8.781220577831728713e-01,8.852189877223994863e-01,8.911889189572361758e-01,8.973474312746858583e-01
3.510222484036191872e+02,7.411354308736922691e-01,7.768068697441941062e-01,7.952351815713525340e-01,8.078033533671753474e-01,8.173668245990370895e-01,8.250584821117593615e-01,8.368999036186486329e-01,8.494030476853106082e-01,8.582929462947547217e-01,8.650073866667112865e-01,8.702895845866942537e-01,8.781220577831728713e-01,8.852189877223994863e-01,8.911889189572361758e-01,8.973474312746858583e-01
3.532565240638337514e+02,7.411354308736922691e-01,7.768068697441941062e-01,7.952351815713525340e-01,8.078033533671753474e-01,8.173668245990370895e-01,8.250584821117593615e-01,8.368999036186486329e-01,8.494030476853106082e-01,8.582929462947547217e-01,8.650073866667112865e-01,8.702895845866942537e-01,8.781220577831728713e-01,8.852189877223994863e-01,8.911889189572361758e-01,8.973474312746858583e-01
3.555050210098739285e+02,7.411354308736922691e-01,7.768068697441941062e-01,7.952351815713525340e-01,8.078033533671753474e-01,8.173668245990370895e-01,8.250584821117593615e-01,8.368999036186486329e-01,8.494030476853106082e-01,8.582929462947547217e-01,8.650073866667112865e-01,8.702895845866942537e-01,8.781220577831728713e-01,8.852189877223994863e-01,8.911889189572361758e-01,8.973474312746858583e-01
3.577678297609965057e+02,7.411354308736922691e-01,7.768068697441941062e-01,7.952351815713525340e-01,8.078033533671753474e-01,8.173668245990370895e-01,8.250584821117593615e-01,8.368999036186486329e-01,8.494030476853106082e-01,8.582929462947547217e-01,8.650073866667112865e-01,8.702895845866942537e-01,8.781220577831728713e-01,8.852189877223994863e-01,8.911889189572361758e-01,8.973474312746858583e-01
3.600450414126170813e+02,7.411354308736922691e-01,7.768068697441941062e-01,7.952351815713525340e-01,8.078033533671753474e-01,8.173668245990370895e-01,8.250584821117593615e-01,8.368999036186486329e-01,8.494030476853106082e-01,8.582929462947547217e-01,8.650073866667112865e-01,8.702895845866942537e-01,8.781220577831728713e-01,8.852189877223994863e-01,8.911889189572361758e-01,8.973474312746858583e-01
3.623367476399790235e+02,7.411354308736922691e-01,7.768068697441941062e-01,7.952351815713525340e-01,8.078033533671753474e-01,8.173668245990370895e-01,8.250584821117593615e-01,8.368999036186486329e-01,8.494030476853106082e-01,8.582929462947547217e-01,8.650073866667112865e-01,8.702895845866942537e-01,8.781220577831728713e-01,8.852189877223994863e-01,8.911889189572361758e-01,8.973474312746858583e-01
3.646430407018434607e+02,7.411354308736922691e-01,7.768068697441941062e-01,7.952351815713525340e-01,8.078033533671753474e-01,8.173668245990370895e-01,8.250584821117593615e-01,8.368999036186486329e-01,8.494030476853106082e-01,8.582929462947547217e-01,8.650073866667112865e-01,8.702895845866942537e-01,8.781220577831728713e-01,8.852189877223994863e-01,8.911889189572361758e-01,8.973474312746858583e-01
3.669640134442035446e+02,7.411354308736922691e-01,7.768068697441941062e-01,7.952351815713525340e-01,8.078033533671753474e-01,8.173668245990370895e-01,8.250584821117593615e-01,8.368999036186486329e-01,8.494030476853106082e-01,8.582929462947547217e-01,8.650073866667112865e-01,8.702895845866942537e-01,8.781220577831728713e-01,8.852189877223994863e-01,8.911889189572361758e-01,8.973474312746858583e-01
3.692997593040219613e+02,7.411354308736922691e-01,7.768068697441941062e-01,7.952351815713525340e-01,8.078033533671753474e-01,8.173668245990370895e-01,8.250584821117593615e-01,8.368999036186486329e-01,8.494030476853106082e-01,8.582929462947547217e-01,8.650073866667112865e-01,8.702895845866942537e-01,8.781220577831728713e-01,8.852189877223994863e-01,8.911889189572361758e-01,8.973474312746858583e-01
3.716503723129937953e+02,7.411354308736922691e-01,7.768068697441941062e-01,7.952351815713525340e-01,8.078033533671753474e-01,8.173668245990370895e-01,8.250584821117593615e-01,8.368999036186486329e-01,8.494030476853106082e-01,8.582929462947547217e-01,8.650073866667112865e-01,8.702895845866942537e-01,8.781220577831728713e-01,8.852189877223994863e-01,8.911889189572361758e-01,8.973474312746858583e-01
3.740159471013297434e+02,7.411354308736922691e-01,7.768068697441941062e-01,7.952351815713525340e-01,8.078033533671753474e-01,8.173668245990370895e-01,8.250584821117593615e-01,8.368999036186486329e-01,8.494030476853106082e-01,8.582929462947547217e-01,8.650073866667112865e-01,8.702895845866942537e-01,8.781220577831728713e-01,8.852189877223994863e-01,8.911889189572361758e-01,8.973474312746858583e-01
3.763965789015674659e+02,7.411354308736922691e-01,7.768068697441941062e-01,7.952351815713525340e-01,8.078033533671753474e-01,8.173668245990370895e-01,8.250584821117593615e-01,8.368999036186486329e-01,8.494030476853106082e-01,8.582929462947547217e-01,8.650073866667112865e-01,8.702895845866942537e-01,8.781220577831728713e-01,8.852189877223994863e-01,8.911889189572361758e-01,8.973474312746858583e-01
3.787923635524048223e+02,7.411354308736922691e-01,7.768068697441941062e-01,7.952351815713525340e-01,8.078033533671753474e-01,8.173668245990370895e-01,8.250584821117593615e-01,8.368999036186486329e-01,8.494030476853106082e-01,8.582929462947547217e-01,8.650073866667112865e-01,8.702895845866942537e-01,8.781220577831728713e-01,8.852189877223994863e-01,8.911889189572361758e-01,8.973474312746858583e-01
3.812033975025577774e+02,7.411354308736922691e-01,7.768068697441941062e-01,7.952351815713525340e-01,8.078033533671753474e-01,8.173668245990370895e-01,8.250584821117593615e-01,8.368999036186486329e-01,8.494030476853106082e-01,8.582929462947547217e-01,8.650073866667112865e-01,8.702895845866942537e-01,8.781220577831728713e-01,8.852189877223994863e-01,8.911889189572361758e-01,8.973474312746858583e-01
3.836297778146447968e+02,7.411354308736922691e-01,7.768068697441941062e-01,7.952351815713525340e-01,8.078033533671753474e-01,8.173668245990370895e-01,8.250584821117593615e-01,8.368999036186486329e-01,8.494030476853106082e-01,8.582929462947547217e-01,8.650073866667112865e-01,8.702895845866942537e-01,8.781220577831728713e-01,8.852189877223994863e-01,8.911889189572361758e-01,8.973474312746858583e-01
3.860716021690920456e+02,7.411354308736922691e-01,7.768068697441941062e-01,7.952351815713525340e-01,8.078033533671753474e-01,8.173668245990370895e-01,8.250584821117593615e-01,8.368999036186486329e-01,8.494030476853106082e-01,8.582929462947547217e-01,8.650073866667112865e-01,8.702895845866942537e-01,8.781220577831728713e-01,8.852189877223994863e-01,8.911889189572361758e-01,8.973474312746858583e-01
3.885289688680672384e+02,7.411354308736922691e-01,7.768068697441941062e-01,7.952351815713525340e-01,8.078033533671753474e-01,8.173668245990370895e-01,8.250584821117593615e-01,8.368999036186486329e-01,8.494030476853106082e-01,8.582929462947547217e-01,8.650073866667112865e-01,8.702895845866942537e-01,8.781220577831728713e-01,8.852189877223994863e-01,8.911889189572361758e-01,8.973474312746858583e-01
3.910019768394366793e+02,7.411354308736922691e-01,7.768068697441941062e-01,7.952351815713525340e-01,8.078033533671753474e-01,8.173668245990370895e-01,8.250584821117593615e-01,8.368999036186486329e-01,8.494030476853106082e-01,8.582929462947547217e-01,8.650073866667112865e-01,8.702895845866942537e-01,8.781220577831728713e-01,8.852189877223994863e-01,8.911889189572361758e-01,8.973474312746858583e-01
3.934907256407481100e+02,7.411354308736922691e-01,7.768068697441941062e-01,7.952351815713525340e-01,8.078033533671753474e-01,8.173668245990370895e-01,8.250584821117593615e-01,8.368999036186486329e-01,8.494030476853106082e-01,8.582929462947547217e-01,8.650073866667112865e-01,8.702895845866942537e-01,8.781220577831728713e-01,8.852189877223994863e-01,8.911889189572361758e-01,8.973474312746858583e-01
3.959953154632377732e+02,7.411354308736922691e-01,7.768068697441941062e-01,7.952351815713525340e-01,8.078033533671753474e-01,8.173668245990370895e-01,8.250584821117593615e-01,8.368999036186486329e-01,8.494030476853106082e-01,8.582929462947547217e-01,8.650073866667112865e-01,8.702895845866942537e-01,8.781220577831728713e-01,8.852189877223994863e-01,8.911889189572361758e-01,8.973474312746858583e-01
3.985158471358660108e+02,7.411354308736922691e-01,7.768068697441941062e-01,7.952351815713525340e-01,8.078033533671753474e-01,8.173668245990370895e-01,8.250584821117593615e-01,8.368999036186486329e-01,8.494030476853106082e-01,8.582929462947547217e-01,8.650073866667112865e-01,8.702895845866942537e-01,8.781220577831728713e-01,8.852189877223994863e-01,8.911889189572361758e-01,8.973474312746858583e-01
4.010524221293736673e+02,7.411354308736922691e-01,7.768068697441941062e-01,7.952351815713525340e-01,8.078033533671753474e-01,8.173668245990370895e-01,8.250584821117593615e-01,8.368999036186486329e-01,8.494030476853106082e-01,8.582929462947547217e-01,8.650073866667112865e-01,8.702895845866942537e-01,8.781220577831728713e-01,8.852189877223994863e-01,8.911889189572361758e-01,8.973474312746858583e-01
4.036051425603687903e+02,7.411354308736922691e-01,7.768068697441941062e-01,7.952351815713525340e-01,8.078033533671753474e-01,8.173668245990370895e-01,8.250584821117593615e-01,8.368999036186486329e-01,8.494030476853106082e-01,8.582929462947547217e-01,8.650073866667112865e-01,8.702895845866942537e-01,8.781220577831728713e-01,8.852189877223994863e-01,8.911889189572361758e-01,8.973474312746858583e-01
4.061741111954367511e+02,7.411354308736922691e-01,7.768068697441941062e-01,7.952351815713525340e-01,8.078033533671753474e-01,8.173668245990370895e-01,8.250584821117593615e-01,8.368999036186486329e-01,8.494030476853106082e-01,8.582929462947547217e-01,8.650073866667112865e-01,8.702895845866942537e-01,8.781220577831728713e-01,8.852189877223994863e-01,8.911889189572361758e-01,8.973474312746858583e-01
4.087594314552789569e+02,7.411354308736922691e-01,7.768068697441941062e-01,7.952351815713525340e-01,8.078033533671753474e-01,8.173668245990370895e-01,8.250584821117593615e-01,8.368999036186486329e-01,8.494030476853106082e-01,8.582929462947547217e-01,8.650073866667112865e-01,8.702895845866942537e-01,8.781220577831728713e-01,8.852189877223994863e-01,8.911889189572361758e-01,8.973474312746858583e-01
4.113612074188741303e+02,7.411354308736922691e-01,7.768068697441941062e-01,7.952351815713525340e-01,8.078033533671753474e-01,8.173668245990370895e-01,8.250584821117593615e-01,8.368999036186486329e-01,8.494030476853106082e-01,8.582929462947547217e-01,8.650073866667112865e-01,8.702895845866942537e-01,8.781220577831728713e-01,8.852189877223994863e-01,8.911889189572361758e-01,8.973474312746858583e-01
4.139795438276697155e+02,7.411354308736922691e-01,7.768068697441941062e-01,7.952351815713525340e-01,8.078033533671753474e-01,8.173668245990370895e-01,8.250584821117593615e-01,8.368999036186486329e-01,8.494030476853106082e-01,8.582929462947547217e-01,8.650073866667112865e-01,8.702895845866942537e-01,8.781220577831728713e-01,8.852189877223994863e-01,8.911889189572361758e-01,8.973474312746858583e-01
4.166145460897979547e+02,7.411354308736922691e-01,7.768068697441941062e-01,7.952351815713525340e-01,8.078033533671753474e-01,8.173668245990370895e-01,8.250584821117593615e-01,8.368999036186486329e-01,8.494030476853106082e-01,8.582929462947547217e-01,8.650073866667112865e-01,8.702895845866942537e-01,8.781220577831728713e-01,8.852189877223994863e-01,8.911889189572361758e-01,8.973474312746858583e-01
4.192663202843198746e+02,7.411354308736922691e-01,7.768068697441941062e-01,7.952351815713525340e-01,8.078033533671753474e-01,8.173668245990370895e-01,8.250584821117593615e-01,8.368999036186486329e-01,8.494030476853106082e-01,8.582929462947547217e-01,8.650073866667112865e-01,8.702895845866942537e-01,8.781220577831728713e-01,8.852189877223994863e-01,8.911889189572361758e-01,8.973474312746858583e-01
4.219349731654953075e+02,7.411354308736922691e-01,7.768068697441941062e-01,7.952351815713525340e-01,8.078033533671753474e-01,8.173668245990370895e-01,8.250584821117593615e-01,8.368999036186486329e-01,8.494030476853106082e-01,8.582929462947547217e-01,8.650073866667112865e-01,8.702895845866942537e-01,8.781220577831728713e-01,8.852189877223994863e-01,8.911889189572361758e-01,8.973474312746858583e-01
4.246206121670802531e+02,7.411354308736922691e-01,7.768068697441941062e-01,7.952351815713525340e-01,8.078033533671753474e-01,8.173668245990370895e-01,8.250584821117593615e-01,8.368999036186486329e-01,8.494030476853106082e-01,8.582929462947547217e-01,8.650073866667112865e-01,8.702895845866942537e-01,8.781220577831728713e-01,8.852189877223994863e-01,8.911889189572361758e-01,8.973474312746858583e-01
4.273233454066538570e+02,7.411354308736922691e-01,7.768068697441941062e-01,7.952351815713525340e-01,8.078033533671753474e-01,8.173668245990370895e-01,8.250584821117593615e-01,8.368999036186486329e-01,8.494030476853106082e-01,8.582929462947547217e-01,8.650073866667112865e-01,8.702895845866942537e-01,8.781220577831728713e-01,8.852189877223994863e-01,8.911889189572361758e-01,8.973474312746858583e-01
4.300432816899680688e+02,7.411354308736922691e-01,7.768068697441941062e-01,7.952351815713525340e-01,8.078033533671753474e-01,8.173668245990370895e-01,8.250584821117593615e-01,8.368999036186486329e-01,8.494030476853106082e-01,8.582929462947547217e-01,8.650073866667112865e-01,8.702895845866942537e-01,8.781220577831728713e-01,8.852189877223994863e-01,8.911889189572361758e-01,8.973474312746858583e-01
4.327805305153299855e+02,7.411354308736922691e-01,7.768068697441941062e-01,7.952351815713525340e-01,8.078033533671753474e-01,8.173668245990370895e-01,8.250584821117593615e-01,8.368999036186486329e-01,8.494030476853106082e-01,8.582929462947547217e-01,8.650073866667112865e-01,8.702895845866942537e-01,8.781220577831728713e-01,8.852189877223994863e-01,8.911889189572361758e-01,8.973474312746858583e-01
4.355352020780086946e+02,7.411354308736922691e-01,7.768068697441941062e-01,7.952351815713525340e-01,8.078033533671753474e-01,8.173668245990370895e-01,8.250584821117593615e-01,8.368999036186486329e-01,8.494030476853106082e-01,8.582929462947547217e-01,8.650073866667112865e-01,8.702895845866942537e-01,8.781220577831728713e-01,8.852189877223994863e-01,8.911889189572361758e-01,8.973474312746858583e-01
4.383074072746736647e+02,7.411354308736922691e-01,7.768068697441941062e-01,7.952351815713525340e-01,8.078033533671753474e-01,8.173668245990370895e-01,8.250584821117593615e-01,8.368999036186486329e-01,8.494030476853106082e-01,8.582929462947547217e-01,8.650073866667112865e-01,8.702895845866942537e-01,8.781220577831728713e-01,8.852189877223994863e-01,8.911889189572361758e-01,8.973474312746858583e-01
4.410972577078562153e+02,7.411354308736922691e-01,7.768068697441941062e-01,7.952351815713525340e-01,8.078033533671753474e-01,8.173668245990370895e-01,8.250584821117593615e-01,8.368999036186486329e-01,8.494030476853106082e-01,8.582929462947547217e-01,8.650073866667112865e-01,8.702895845866942537e-01,8.781220577831728713e-01,8.852189877223994863e-01,8.911889189572361758e-01,8.973474312746858583e-01
4.439048656904444101e+02,7.411354308736922691e-01,7.768068697441941062e-01,7.952351815713525340e-01,8.078033533671753474e-01,8.173668245990370895e-01,8.250584821117593615e-01,8.368999036186486329e-01,8.494030476853106082e-01,8.582929462947547217e-01,8.650073866667112865e-01,8.702895845866942537e-01,8.781220577831728713e-01,8.852189877223994863e-01,8.911889189572361758e-01,8.973474312746858583e-01
4.467303442502038706e+02,7.411354308736922691e-01,7.768068697441941062e-01,7.952351815713525340e-01,8.078033533671753474e-01,8.173668245990370895e-01,8.250584821117593615e-01,8.368999036186486329e-01,8.494030476853106082e-01,8.582929462947547217e-01,8.650073866667112865e-01,8.702895845866942537e-01,8.781220577831728713e-01,8.852189877223994863e-01,8.911889189572361758e-01,8.973474312746858583e-01
4.495738071343280353e+02,7.411354308736922691e-01,7.768068697441941062e-01,7.952351815713525340e-01,8.078033533671753474e-01,8.173668245990370895e-01,8.250584821117593615e-01,8.368999036186486329e-01,8.494030476853106082e-01,8.582929462947547217e-01,8.650073866667112865e-01,8.702895845866942537e-01,8.781220577831728713e-01,8.852189877223994863e-01,8.911889189572361758e-01,8.973474312746858583e-01
4.524353688140170107e+02,7.411354308736922691e-01,7.768068697441941062e-01,7.952351815713525340e-01,8.078033533671753474e-01,8.173668245990370895e-01,8.250584821117593615e-01,8.368999036186486329e-01,8.494030476853106082e-01,8.582929462947547217e-01,8.650073866667112865e-01,8.702895845866942537e-01,8.781220577831728713e-01,8.852189877223994863e-01,8.911889189572361758e-01,8.973474312746858583e-01
4.553151444890876860e+02,7.411354308736922691e-01,7.768068697441941062e-01,7.952351815713525340e-01,8.078033533671753474e-01,8.173668245990370895e-01,8.250584821117593615e-01,8.368999036186486329e-01,8.494030476853106082e-01,8.582929462947547217e-01,8.650073866667112865e-01,8.702895845866942537e-01,8.781220577831728713e-01,8.852189877223994863e-01,8.911889189572361758e-01,8.973474312746858583e-01
4.582132500926086323e+02,7.411354308736922691e-01,7.768068697441941062e-01,7.952351815713525340e-01,8.078033533671753474e-01,8.173668245990370895e-01,8.250584821117593615e-01,8.368999036186486329e-01,8.494030476853106082e-01,8.582929462947547217e-01,8.650073866667112865e-01,8.702895845866942537e-01,8.781220577831728713e-01,8.852189877223994863e-01,8.911889189572361758e-01,8.973474312746858583e-01
4.611298022955691636e+02,7.411354308736922691e-01,7.768068697441941062e-01,7.952351815713525340e-01,8.078033533671753474e-01,8.173668245990370895e-01,8.250584821117593615e-01,8.368999036186486329e-01,8.494030476853106082e-01,8.582929462947547217e-01,8.650073866667112865e-01,8.702895845866942537e-01,8.781220577831728713e-01,8.852189877223994863e-01,8.911889189572361758e-01,8.973474312746858583e-01
4.640649185115757405e+02,7.411354308736922691e-01,7.768068697441941062e-01,7.952351815713525340e-01,8.078033533671753474e-01,8.173668245990370895e-01,8.250584821117593615e-01,8.368999036186486329e-01,8.494030476853106082e-01,8.582929462947547217e-01,8.650073866667112865e-01,8.702895845866942537e-01,8.781220577831728713e-01,8.852189877223994863e-01,8.911889189572361758e-01,8.973474312746858583e-01
4.670187169015783297e+02,7.411354308736922691e-01,7.768068697441941062e-01,7.952351815713525340e-01,8.078033533671753474e-01,8.173668245990370895e-01,8.250584821117593615e-01,8.368999036186486329e-01,8.494030476853106082e-01,8.582929462947547217e-01,8.650073866667112865e-01,8.702895845866942537e-01,8.781220577831728713e-01,8.852189877223994863e-01,8.911889189572361758e-01,8.973474312746858583e-01
4.699913163786292785e+02,7.411354308736922691e-01,7.768068697441941062e-01,7.952351815713525340e-01,8.078033533671753474e-01,8.173668245990370895e-01,8.250584821117593615e-01,8.368999036186486329e-01,8.494030476853106082e-01,8.582929462947547217e-01,8.650073866667112865e-01,8.702895845866942537e-01,8.781220577831728713e-01,8.852189877223994863e-01,8.911889189572361758e-01,8.973474312746858583e-01
4.729828366126673700e+02,7.411354308736922691e-01,7.768068697441941062e-01,7.952351815713525340e-01,8.078033533671753474e-01,8.173668245990370895e-01,8.250584821117593615e-01,8.368999036186486329e-01,8.494030476853106082e-01,8.582929462947547217e-01,8.650073866667112865e-01,8.702895845866942537e-01,8.781220577831728713e-01,8.852189877223994863e-01,8.911889189572361758e-01,8.973474312746858583e-01
4.759933980353376910e+02,7.411354308736922691e-01,7.768068697441941062e-01,7.952351815713525340e-01,8.078033533671753474e-01,8.173668245990370895e-01,8.250584821117593615e-01,8.368999036186486329e-01,8.494030476853106082e-01,8.582929462947547217e-01,8.650073866667112865e-01,8.702895845866942537e-01,8.781220577831728713e-01,8.852189877223994863e-01,8.911889189572361758e-01,8.973474312746858583e-01
4.790231218448391246e+02,7.411354308736922691e-01,7.768068697441941062e-01,7.952351815713525340e-01,8.078033533671753474e-01,8.173668245990370895e-01,8.250584821117593615e-01,8.368999036186486329e-01,8.494030476853106082e-01,8.582929462947547217e-01,8.650073866667112865e-01,8.702895845866942537e-01,8.781220577831728713e-01,8.852189877223994863e-01,8.911889189572361758e-01,8.973474312746858583e-01
4.820721300108038463e+02,7.411354308736922691e-01,7.768068697441941062e-01,7.952351815713525340e-01,8.078033533671753474e-01,8.173668245990370895e-01,8.250584821117593615e-01,8.368999036186486329e-01,8.494030476853106082e-01,8.582929462947547217e-01,8.650073866667112865e-01,8.702895845866942537e-01,8.781220577831728713e-01,8.852189877223994863e-01,8.911889189572361758e-01,8.973474312746858583e-01
4.851405452792066626e+02,7.411354308736922691e-01,7.768068697441941062e-01,7.952351815713525340e-01,8.078033533671753474e-01,8.173668245990370895e-01,8.250584821117593615e-01,8.368999036186486329e-01,8.494030476853106082e-01,8.582929462947547217e-01,8.650073866667112865e-01,8.702895845866942537e-01,8.781220577831728713e-01,8.852189877223994863e-01,8.911889189572361758e-01,8.973474312746858583e-01
4.882284911773088538e+02,7.411354308736922691e-01,7.768068697441941062e-01,7.952351815713525340e-01,8.078033533671753474e-01,8.173668245990370895e-01,8.250584821117593615e-01,8.368999036186486329e-01,8.494030476853106082e-01,8.582929462947547217e-01,8.650073866667112865e-01,8.702895845866942537e-01,8.781220577831728713e-01,8.852189877223994863e-01,8.911889189572361758e-01,8.973474312746858583e-01
4.913360920186277667e+02,7.411354308736922691e-01,7.768068697441941062e-01,7.952351815713525340e-01,8.078033533671753474e-01,8.173668245990370895e-01,8.250584821117593615e-01,8.368999036186486329e-01,8.494030476853106082e-01,8.582929462947547217e-01,8.650073866667112865e-01,8.702895845866942537e-01,8.781220577831728713e-01,8.852189877223994863e-01,8.911889189572361758e-01,8.973474312746858583e-01
4.944634729079436397e+02,7.411354308736922691e-01,7.768068697441941062e-01,7.952351815713525340e-01,8.078033533671753474e-01,8.173668245990370895e-01,8.250584821117593615e-01,8.368999036186486329e-01,8.494030476853106082e-01,8.582929462947547217e-01,8.650073866667112865e-01,8.702895845866942537e-01,8.781220577831728713e-01,8.852189877223994863e-01,8.911889189572361758e-01,8.973474312746858583e-01
4.976107597463348498e+02,7.411354308736922691e-01,7.768068697441941062e-01,7.952351815713525340e-01,8.078033533671753474e-01,8.173668245990370895e-01,8.250584821117593615e-01,8.368999036186486329e-01,8.494030476853106082e-01,8.582929462947547217e-01,8.650073866667112865e-01,8.702895845866942537e-01,8.781220577831728713e-01,8.852189877223994863e-01,8.911889189572361758e-01,8.973474312746858583e-01
5.007780792362485727e+02,7.411354308736922691e-01,7.768068697441941062e-01,7.952351815713525340e-01,8.078033533671753474e-01,8.173668245990370895e-01,8.250584821117593615e-01,8.368999036186486329e-01,8.494030476853106082e-01,8.582929462947547217e-01,8.650073866667112865e-01,8.702895845866942537e-01,8.781220577831728713e-01,8.852189877223994863e-01,8.911889189572361758e-01,8.973474312746858583e-01
5.039655588865983304e+02,7.411354308736922691e-01,7.768068697441941062e-01,7.952351815713525340e-01,8.078033533671753474e-01,8.173668245990370895e-01,8.250584821117593615e-01,8.368999036186486329e-01,8.494030476853106082e-01,8.582929462947547217e-01,8.650073866667112865e-01,8.702895845866942537e-01,8.781220577831728713e-01,8.852189877223994863e-01,8.911889189572361758e-01,8.973474312746858583e-01
5.071733270178993962e+02,7.411354308736922691e-01,7.768068697441941062e-01,7.952351815713525340e-01,8.078033533671753474e-01,8.173668245990370895e-01,8.250584821117593615e-01,8.368999036186486329e-01,8.494030476853106082e-01,8.582929462947547217e-01,8.650073866667112865e-01,8.702895845866942537e-01,8.781220577831728713e-01,8.852189877223994863e-01,8.911889189572361758e-01,8.973474312746858583e-01
5.104015127674339283e+02,7.411354308736922691e-01,7.768068697441941062e-01,7.952351815713525340e-01,8.078033533671753474e-01,8.173668245990370895e-01,8.250584821117593615e-01,8.368999036186486329e-01,8.494030476853106082e-01,8.582929462947547217e-01,8.650073866667112865e-01,8.702895845866942537e-01,8.781220577831728713e-01,8.852189877223994863e-01,8.911889189572361758e-01,8.973474312746858583e-01
5.136502460944500399e+02,7.411354308736922691e-01,7.768068697441941062e-01,7.952351815713525340e-01,8.078033533671753474e-01,8.173668245990370895e-01,8.250584821117593615e-01,8.368999036186486329e-01,8.494030476853106082e-01,8.582929462947547217e-01,8.650073866667112865e-01,8.702895845866942537e-01,8.781220577831728713e-01,8.852189877223994863e-01,8.911889189572361758e-01,8.973474312746858583e-01
5.169196577853934969e+02,7.411354308736922691e-01,7.768068697441941062e-01,7.952351815713525340e-01,8.078033533671753474e-01,8.173668245990370895e-01,8.250584821117593615e-01,8.368999036186486329e-01,8.494030476853106082e-01,8.582929462947547217e-01,8.650073866667112865e-01,8.702895845866942537e-01,8.781220577831728713e-01,8.852189877223994863e-01,8.911889189572361758e-01,8.973474312746858583e-01
5.202098794591723845e+02,7.411354308736922691e-01,7.768068697441941062e-01,7.952351815713525340e-01,8.078033533671753474e-01,8.173668245990370895e-01,8.250584821117593615e-01,8.368999036186486329e-01,8.494030476853106082e-01,8.582929462947547217e-01,8.650073866667112865e-01,8.702895845866942537e-01,8.781220577831728713e-01,8.852189877223994863e-01,8.911889189572361758e-01,8.973474312746858583e-01
5.235210435724576428e+02,7.411354308736922691e-01,7.768068697441941062e-01,7.952351815713525340e-01,8.078033533671753474e-01,8.173668245990370895e-01,8.250584821117593615e-01,8.368999036186486329e-01,8.494030476853106082e-01,8.582929462947547217e-01,8.650073866667112865e-01,8.702895845866942537e-01,8.781220577831728713e-01,8.852189877223994863e-01,8.911889189572361758e-01,8.973474312746858583e-01
5.268532834250129326e+02,7.411354308736922691e-01,7.768068697441941062e-01,7.952351815713525340e-01,8.078033533671753474e-01,8.173668245990370895e-01,8.250584821117593615e-01,8.368999036186486329e-01,8.494030476853106082e-01,8.582929462947547217e-01,8.650073866667112865e-01,8.702895845866942537e-01,8.781220577831728713e-01,8.852189877223994863e-01,8.911889189572361758e-01,8.973474312746858583e-01
5.302067331650621327e+02,7.411354308736922691e-01,7.768068697441941062e-01,7.952351815713525340e-01,8.078033533671753474e-01,8.173668245990370895e-01,8.250584821117593615e-01,8.368999036186486329e-01,8.494030476853106082e-01,8.582929462947547217e-01,8.650073866667112865e-01,8.702895845866942537e-01,8.781220577831728713e-01,8.852189877223994863e-01,8.911889189572361758e-01,8.973474312746858583e-01
5.335815277946899187e+02,7.411354308736922691e-01,7.768068697441941062e-01,7.952351815713525340e-01,8.078033533671753474e-01,8.173668245990370895e-01,8.250584821117593615e-01,8.368999036186486329e-01,8.494030476853106082e-01,8.582929462947547217e-01,8.650073866667112865e-01,8.702895845866942537e-01,8.781220577831728713e-01,8.852189877223994863e-01,8.911889189572361758e-01,8.973474312746858583e-01
5.369778031752776997e+02,7.411354308736922691e-01,7.768068697441941062e-01,7.952351815713525340e-01,8.078033533671753474e-01,8.173668245990370895e-01,8.250584821117593615e-01,8.368999036186486329e-01,8.494030476853106082e-01,8.582929462947547217e-01,8.650073866667112865e-01,8.702895845866942537e-01,8.781220577831728713e-01,8.852189877223994863e-01,8.911889189572361758e-01,8.973474312746858583e-01
5.403956960329705907e+02,7.411354308736922691e-01,7.768068697441941062e-01,7.952351815713525340e-01,8.078033533671753474e-01,8.173668245990370895e-01,8.250584821117593615e-01,8.368999036186486329e-01,8.494030476853106082e-01,8.582929462947547217e-01,8.650073866667112865e-01,8.702895845866942537e-01,8.781220577831728713e-01,8.852189877223994863e-01,8.911889189572361758e-01,8.973474312746858583e-01
5.438353439641833802e+02,7.411354308736922691e-01,7.768068697441941062e-01,7.952351815713525340e-01,8.078033533671753474e-01,8.173668245990370895e-01,8.250584821117593615e-01,8.368999036186486329e-01,8.494030476853106082e-01,8.582929462947547217e-01,8.650073866667112865e-01,8.702895845866942537e-01,8.781220577831728713e-01,8.852189877223994863e-01,8.911889189572361758e-01,8.973474312746858583e-01
5.472968854411396933e+02,7.411354308736922691e-01,7.768068697441941062e-01,7.952351815713525340e-01,8.078033533671753474e-01,8.173668245990370895e-01,8.250584821117593615e-01,8.368999036186486329e-01,8.494030476853106082e-01,8.582929462947547217e-01,8.650073866667112865e-01,8.702895845866942537e-01,8.781220577831728713e-01,8.852189877223994863e-01,8.911889189572361758e-01,8.973474312746858583e-01
5.507804598174462853e+02,7.411354308736922691e-01,7.768068697441941062e-01,7.952351815713525340e-01,8.078033533671753474e-01,8.173668245990370895e-01,8.250584821117593615e-01,8.368999036186486329e-01,8.494030476853106082e-01,8.582929462947547217e-01,8.650073866667112865e-01,8.702895845866942537e-01,8.781220577831728713e-01,8.852189877223994863e-01,8.911889189572361758e-01,8.973474312746858583e-01
5.542862073337032598e+02,7.411354308736922691e-01,7.768068697441941062e-01,7.952351815713525340e-01,8.078033533671753474e-01,8.173668245990370895e-01,8.250584821117593615e-01,8.368999036186486329e-01,8.494030476853106082e-01,8.582929462947547217e-01,8.650073866667112865e-01,8.702895845866942537e-01,8.781220577831728713e-01,8.852189877223994863e-01,8.911889189572361758e-01,8.973474312746858583e-01
5.578142691231489607e+02,7.411354308736922691e-01,7.768068697441941062e-01,7.952351815713525340e-01,8.078033533671753474e-01,8.173668245990370895e-01,8.250584821117593615e-01,8.368999036186486329e-01,8.494030476853106082e-01,8.582929462947547217e-01,8.650073866667112865e-01,8.702895845866942537e-01,8.781220577831728713e-01,8.852189877223994863e-01,8.911889189572361758e-01,8.973474312746858583e-01
5.613647872173444284e+02,7.411354308736922691e-01,7.768068697441941062e-01,7.952351815713525340e-01,8.078033533671753474e-01,8.173668245990370895e-01,8.250584821117593615e-01,8.368999036186486329e-01,8.494030476853106082e-01,8.582929462947547217e-01,8.650073866667112865e-01,8.702895845866942537e-01,8.781220577831728713e-01,8.852189877223994863e-01,8.911889189572361758e-01,8.973474312746858583e-01
5.649379045518875273e+02,7.411354308736922691e-01,7.768068697441941062e-01,7.952351815713525340e-01,8.078033533671753474e-01,8.173668245990370895e-01,8.250584821117593615e-01,8.368999036186486329e-01,8.494030476853106082e-01,8.582929462947547217e-01,8.650073866667112865e-01,8.702895845866942537e-01,8.781220577831728713e-01,8.852189877223994863e-01,8.911889189572361758e-01,8.973474312746858583e-01
5.685337649721686830e+02,7.411354308736922691e-01,7.768068697441941062e-01,7.952351815713525340e-01,8.078033533671753474e-01,8.173668245990370895e-01,8.250584821117593615e-01,8.368999036186486329e-01,8.494030476853106082e-01,8.582929462947547217e-01,8.650073866667112865e-01,8.702895845866942537e-01,8.781220577831728713e-01,8.852189877223994863e-01,8.911889189572361758e-01,8.973474312746858583e-01
5.721525132391642501e+02,7.411354308736922691e-01,7.768068697441941062e-01,7.952351815713525340e-01,8.078033533671753474e-01,8.173668245990370895e-01,8.250584821117593615e-01,8.368999036186486329e-01,8.494030476853106082e-01,8.582929462947547217e-01,8.650073866667112865e-01,8.702895845866942537e-01,8.781220577831728713e-01,8.852189877223994863e-01,8.911889189572361758e-01,8.973474312746858583e-01
5.757942950352598928e+02,7.411354308736922691e-01,7.768068697441941062e-01,7.952351815713525340e-01,8.078033533671753474e-01,8.173668245990370895e-01,8.250584821117593615e-01,8.368999036186486329e-01,8.494030476853106082e-01,8.582929462947547217e-01,8.650073866667112865e-01,8.702895845866942537e-01,8.781220577831728713e-01,8.852189877223994863e-01,8.911889189572361758e-01,8.973474312746858583e-01
5.794592569701183038e+02,7.411354308736922691e-01,7.768068697441941062e-01,7.952351815713525340e-01,8.078033533671753474e-01,8.173668245990370895e-01,8.250584821117593615e-01,8.368999036186486329e-01,8.494030476853106082e-01,8.582929462947547217e-01,8.650073866667112865e-01,8.702895845866942537e-01,8.781220577831728713e-01,8.852189877223994863e-01,8.911889189572361758e-01,8.973474312746858583e-01
5.831475465865808019e+02,7.411354308736922691e-01,7.768068697441941062e-01,7.952351815713525340e-01,8.078033533671753474e-01,8.173668245990370895e-01,8.250584821117593615e-01,8.368999036186486329e-01,8.494030476853106082e-01,8.582929462947547217e-01,8.650073866667112865e-01,8.702895845866942537e-01,8.781220577831728713e-01,8.852189877223994863e-01,8.911889189572361758e-01,8.973474312746858583e-01
5.868593123666064457e+02,7.411354308736922691e-01,7.768068697441941062e-01,7.952351815713525340e-01,8.078033533671753474e-01,8.173668245990370895e-01,8.250584821117593615e-01,8.368999036186486329e-01,8.494030476853106082e-01,8.582929462947547217e-01,8.650073866667112865e-01,8.702895845866942537e-01,8.781220577831728713e-01,8.852189877223994863e-01,8.911889189572361758e-01,8.973474312746858583e-01
5.905947037372505974e+02,7.411354308736922691e-01,7.768068697441941062e-01,7.952351815713525340e-01,8.078033533671753474e-01,8.173668245990370895e-01,8.250584821117593615e-01,8.368999036186486329e-01,8.494030476853106082e-01,8.582929462947547217e-01,8.650073866667112865e-01,8.702895845866942537e-01,8.781220577831728713e-01,8.852189877223994863e-01,8.911889189572361758e-01,8.973474312746858583e-01
5.943538710766788427e+02,7.411354308736922691e-01,7.768068697441941062e-01,7.952351815713525340e-01,8.078033533671753474e-01,8.173668245990370895e-01,8.250584821117593615e-01,8.368999036186486329e-01,8.494030476853106082e-01,8.582929462947547217e-01,8.650073866667112865e-01,8.702895845866942537e-01,8.781220577831728713e-01,8.852189877223994863e-01,8.911889189572361758e-01,8.973474312746858583e-01
5.981369657202241115e+02,7.411354308736922691e-01,7.768068697441941062e-01,7.952351815713525340e-01,8.078033533671753474e-01,8.173668245990370895e-01,8.250584821117593615e-01,8.368999036186486329e-01,8.494030476853106082e-01,8.582929462947547217e-01,8.650073866667112865e-01,8.702895845866942537e-01,8.781220577831728713e-01,8.852189877223994863e-01,8.911889189572361758e-01,8.973474312746858583e-01
6.019441399664748360e+02,7.411354308736922691e-01,7.768068697441941062e-01,7.952351815713525340e-01,8.078033533671753474e-01,8.173668245990370895e-01,8.250584821117593615e-01,8.368999036186486329e-01,8.494030476853106082e-01,8.582929462947547217e-01,8.650073866667112865e-01,8.702895845866942537e-01,8.781220577831728713e-01,8.852189877223994863e-01,8.911889189572361758e-01,8.973474312746858583e-01
6.057755470834090374e+02,7.411354308736922691e-01,7.768068697441941062e-01,7.952351815713525340e-01,8.078033533671753474e-01,8.173668245990370895e-01,8.250584821117593615e-01,8.368999036186486329e-01,8.494030476853106082e-01,8.582929462947547217e-01,8.650073866667112865e-01,8.702895845866942537e-01,8.781220577831728713e-01,8.852189877223994863e-01,8.911889189572361758e-01,8.973474312746858583e-01
6.096313413145632012e+02,7.411354308736922691e-01,7.768068697441941062e-01,7.952351815713525340e-01,8.078033533671753474e-01,8.173668245990370895e-01,8.250584821117593615e-01,8.368999036186486329e-01,8.494030476853106082e-01,8.582929462947547217e-01,8.650073866667112865e-01,8.702895845866942537e-01,8.781220577831728713e-01,8.852189877223994863e-01,8.911889189572361758e-01,8.973474312746858583e-01
6.135116778852437847e+02,7.411354308736922691e-01,7.768068697441941062e-01,7.952351815713525340e-01,8.078033533671753474e-01,8.173668245990370895e-01,8.250584821117593615e-01,8.368999036186486329e-01,8.494030476853106082e-01,8.582929462947547217e-01,8.650073866667112865e-01,8.702895845866942537e-01,8.781220577831728713e-01,8.852189877223994863e-01,8.911889189572361758e-01,8.973474312746858583e-01
6.174167130087731721e+02,7.411354308736922691e-01,7.768068697441941062e-01,7.952351815713525340e-01,8.078033533671753474e-01,8.173668245990370895e-01,8.250584821117593615e-01,8.368999036186486329e-01,8.494030476853106082e-01,8.582929462947547217e-01,8.650073866667112865e-01,8.702895845866942537e-01,8.781220577831728713e-01,8.852189877223994863e-01,8.911889189572361758e-01,8.973474312746858583e-01
6.213466038927806494e+02,7.411354308736922691e-01,7.768068697441941062e-01,7.952351815713525340e-01,8.078033533671753474e-01,8.173668245990370895e-01,8.250584821117593615e-01,8.368999036186486329e-01,8.494030476853106082e-01,8.582929462947547217e-01,8.650073866667112865e-01,8.702895845866942537e-01,8.781220577831728713e-01,8.852189877223994863e-01,8.911889189572361758e-01,8.973474312746858583e-01
6.253015087455304410e+02,7.411354308736922691e-01,7.768068697441941062e-01,7.952351815713525340e-01,8.078033533671753474e-01,8.173668245990370895e-01,8.250584821117593615e-01,8.368999036186486329e-01,8.494030476853106082e-01,8.582929462947547217e-01,8.650073866667112865e-01,8.702895845866942537e-01,8.781220577831728713e-01,8.852189877223994863e-01,8.911889189572361758e-01,8.973474312746858583e-01
6.292815867822911287e+02,7.411354308736922691e-01,7.768068697441941062e-01,7.952351815713525340e-01,8.078033533671753474e-01,8.173668245990370895e-01,8.250584821117593615e-01,8.368999036186486329e-01,8.494030476853106082e-01,8.582929462947547217e-01,8.650073866667112865e-01,8.702895845866942537e-01,8.781220577831728713e-01,8.852189877223994863e-01,8.911889189572361758e-01,8.973474312746858583e-01
6.332869982317449740e+02,7.411354308736922691e-01,7.768068697441941062e-01,7.952351815713525340e-01,8.078033533671753474e-01,8.173668245990370895e-01,8.250584821117593615e-01,8.368999036186486329e-01,8.494030476853106082e-01,8.582929462947547217e-01,8.650073866667112865e-01,8.702895845866942537e-01,8.781220577831728713e-01,8.852189877223994863e-01,8.911889189572361758e-01,8.973474312746858583e-01
6.373179043424378278e+02,7.411354308736922691e-01,7.768068697441941062e-01,7.952351815713525340e-01,8.078033533671753474e-01,8.173668245990370895e-01,8.250584821117593615e-01,8.368999036186486329e-01,8.494030476853106082e-01,8.582929462947547217e-01,8.650073866667112865e-01,8.702895845866942537e-01,8.781220577831728713e-01,8.852189877223994863e-01,8.911889189572361758e-01,8.973474312746858583e-01
6.413744673892733772e+02,7.411354308736922691e-01,7.768068697441941062e-01,7.952351815713525340e-01,8.078033533671753474e-01,8.173668245990370895e-01,8.250584821117593615e-01,8.368999036186486329e-01,8.494030476853106082e-01,8.582929462947547217e-01,8.650073866667112865e-01,8.702895845866942537e-01,8.781220577831728713e-01,8.852189877223994863e-01,8.911889189572361758e-01,8.973474312746858583e-01
6.454568506800419527e+02,7.411354308736922691e-01,7.768068697441941062e-01,7.952351815713525340e-01,8.078033533671753474e-01,8.173668245990370895e-01,8.250584821117593615e-01,8.368999036186486329e-01,8.494030476853106082e-01,8.582929462947547217e-01,8.650073866667112865e-01,8.702895845866942537e-01,8.781220577831728713e-01,8.852189877223994863e-01,8.911889189572361758e-01,8.973474312746858583e-01
6.495652185619973125e+02,7.411354308736922691e-01,7.768068697441941062e-01,7.952351815713525340e-01,8.078033533671753474e-01,8.173668245990370895e-01,8.250584821117593615e-01,8.368999036186486329e-01,8.494030476853106082e-01,8.582929462947547217e-01,8.650073866667112865e-01,8.702895845866942537e-01,8.781220577831728713e-01,8.852189877223994863e-01,8.911889189572361758e-01,8.973474312746858583e-01
6.536997364284717378e+02,7.411354308736922691e-01,7.768068697441941062e-01,7.952351815713525340e-01,8.078033533671753474e-01,8.173668245990370895e-01,8.250584821117593615e-01,8.368999036186486329e-01,8.494030476853106082e-01,8.582929462947547217e-01,8.650073866667112865e-01,8.702895845866942537e-01,8.781220577831728713e-01,8.852189877223994863e-01,8.911889189572361758e-01,8.973474312746858583e-01
6.578605707255371726e+02,7.411354308736922691e-01,7.768068697441941062e-01,7.952351815713525340e-01,8.078033533671753474e-01,8.173668245990370895e-01,8.250584821117593615e-01,8.368999036186486329e-01,8.494030476853106082e-01,8.582929462947547217e-01,8.650073866667112865e-01,8.702895845866942537e-01,8.781220577831728713e-01,8.852189877223994863e-01,8.911889189572361758e-01,8.973474312746858583e-01
6.620478889587018330e+02,7.411354308736922691e-01,7.768068697441941062e-01,7.952351815713525340e-01,8.078033533671753474e-01,8.173668245990370895e-01,8.250584821117593615e-01,8.368999036186486329e-01,8.494030476853106082e-01,8.582929462947547217e-01,8.650073866667112865e-01,8.702895845866942537e-01,8.781220577831728713e-01,8.852189877223994863e-01,8.911889189572361758e-01,8.973474312746858583e-01
6.662618596996562701e+02,7.411354308736922691e-01,7.768068697441941062e-01,7.952351815713525340e-01,8.078033533671753474e-01,8.173668245990370895e-01,8.250584821117593615e-01,8.368999036186486329e-01,8.494030476853106082e-01,8.582929462947547217e-01,8.650073866667112865e-01,8.702895845866942537e-01,8.781220577831728713e-01,8.852189877223994863e-01,8.911889189572361758e-01,8.973474312746858583e-01
6.705026525930587695e+02,7.411354308736922691e-01,7.768068697441941062e-01,7.952351815713525340e-01,8.078033533671753474e-01,8.173668245990370895e-01,8.250584821117593615e-01,8.368999036186486329e-01,8.494030476853106082e-01,8.582929462947547217e-01,8.650073866667112865e-01,8.702895845866942537e-01,8.781220577831728713e-01,8.852189877223994863e-01,8.911889189572361758e-01,8.973474312746858583e-01
6.747704383633653151e+02,7.411354308736922691e-01,7.768068697441941062e-01,7.952351815713525340e-01,8.078033533671753474e-01,8.173668245990370895e-01,8.250584821117593615e-01,8.368999036186486329e-01,8.494030476853106082e-01,8.582929462947547217e-01,8.650073866667112865e-01,8.702895845866942537e-01,8.781220577831728713e-01,8.852189877223994863e-01,8.911889189572361758e-01,8.973474312746858583e-01
6.790653888217021859e+02,7.411354308736922691e-01,7.768068697441941062e-01,7.952351815713525340e-01,8.078033533671753474e-01,8.173668245990370895e-01,8.250584821117593615e-01,8.368999036186486329e-01,8.494030476853106082e-01,8.582929462947547217e-01,8.650073866667112865e-01,8.702895845866942537e-01,8.781220577831728713e-01,8.852189877223994863e-01,8.911889189572361758e-01,8.973474312746858583e-01
6.833876768727823219e+02,7.411354308736922691e-01,7.768068697441941062e-01,7.952351815713525340e-01,8.078033533671753474e-01,8.173668245990370895e-01,8.250584821117593615e-01,8.368999036186486329e-01,8.494030476853106082e-01,8.582929462947547217e-01,8.650073866667112865e-01,8.702895845866942537e-01,8.781220577831728713e-01,8.852189877223994863e-01,8.911889189572361758e-01,8.973474312746858583e-01
6.877374765218683024e+02,7.411354308736922691e-01,7.768068697441941062e-01,7.952351815713525340e-01,8.078033533671753474e-01,8.173668245990370895e-01,8.250584821117593615e-01,8.368999036186486329e-01,8.494030476853106082e-01,8.582929462947547217e-01,8.650073866667112865e-01,8.702895845866942537e-01,8.781220577831728713e-01,8.852189877223994863e-01,8.911889189572361758e-01,8.973474312746858583e-01
6.921149628817738630e+02,7.411354308736922691e-01,7.768068697441941062e-01,7.952351815713525340e-01,8.078033533671753474e-01,8.173668245990370895e-01,8.250584821117593615e-01,8.368999036186486329e-01,8.494030476853106082e-01,8.582929462947547217e-01,8.650073866667112865e-01,8.702895845866942537e-01,8.781220577831728713e-01,8.852189877223994863e-01,8.911889189572361758e-01,8.973474312746858583e-01
6.965203121799149812e+02,7.411354308736922691e-01,7.768068697441941062e-01,7.952351815713525340e-01,8.078033533671753474e-01,8.173668245990370895e-01,8.250584821117593615e-01,8.368999036186486329e-01,8.494030476853106082e-01,8.582929462947547217e-01,8.650073866667112865e-01,8.702895845866942537e-01,8.781220577831728713e-01,8.852189877223994863e-01,8.911889189572361758e-01,8.973474312746858583e-01
7.009537017654071178e+02,7.411354308736922691e-01,7.768068697441941062e-01,7.952351815713525340e-01,8.078033533671753474e-01,8.173668245990370895e-01,8.250584821117593615e-01,8.368999036186486329e-01,8.494030476853106082e-01,8.582929462947547217e-01,8.650073866667112865e-01,8.702895845866942537e-01,8.781220577831728713e-01,8.852189877223994863e-01,8.911889189572361758e-01,8.973474312746858583e-01
7.054153101162002031e+02,7.411354308736922691e-01,7.768068697441941062e-01,7.952351815713525340e-01,8.078033533671753474e-01,8.173668245990370895e-01,8.250584821117593615e-01,8.368999036186486329e-01,8.494030476853106082e-01,8.582929462947547217e-01,8.650073866667112865e-01,8.702895845866942537e-01,8.781220577831728713e-01,8.852189877223994863e-01,8.911889189572361758e-01,8.973474312746858583e-01
7.099053168462667145e+02,7.411354308736922691e-01,7.768068697441941062e-01,7.952351815713525340e-01,8.078033533671753474e-01,8.173668245990370895e-01,8.250584821117593615e-01,8.368999036186486329e-01,8.494030476853106082e-01,8.582929462947547217e-01,8.650073866667112865e-01,8.702895845866942537e-01,8.781220577831728713e-01,8.852189877223994863e-01,8.911889189572361758e-01,8.973474312746858583e-01
7.144239027128319321e+02,7.411354308736922691e-01,7.768068697441941062e-01,7.952351815713525340e-01,8.078033533671753474e-01,8.173668245990370895e-01,8.250584821117593615e-01,8.368999036186486329e-01,8.494030476853106082e-01,8.582929462947547217e-01,8.650073866667112865e-01,8.702895845866942537e-01,8.781220577831728713e-01,8.852189877223994863e-01,8.911889189572361758e-01,8.973474312746858583e-01
7.189712496236504649e+02,7.411354308736922691e-01,7.768068697441941062e-01,7.952351815713525340e-01,8.078033533671753474e-01,8.173668245990370895e-01,8.250584821117593615e-01,8.368999036186486329e-01,8.494030476853106082e-01,8.582929462947547217e-01,8.650073866667112865e-01,8.702895845866942537e-01,8.781220577831728713e-01,8.852189877223994863e-01,8.911889189572361758e-01,8.973474312746858583e-01
7.235475406443298425e+02,7.411354308736922691e-01,7.768068697441941062e-01,7.952351815713525340e-01,8.078033533671753474e-01,8.173668245990370895e-01,8.250584821117593615e-01,8.368999036186486329e-01,8.494030476853106082e-01,8.582929462947547217e-01,8.650073866667112865e-01,8.702895845866942537e-01,8.781220577831728713e-01,8.852189877223994863e-01,8.911889189572361758e-01,8.973474312746858583e-01
7.281529600056993559e+02,7.411354308736922691e-01,7.768068697441941062e-01,7.952351815713525340e-01,8.078033533671753474e-01,8.173668245990370895e-01,8.250584821117593615e-01,8.368999036186486329e-01,8.494030476853106082e-01,8.582929462947547217e-01,8.650073866667112865e-01,8.702895845866942537e-01,8.781220577831728713e-01,8.852189877223994863e-01,8.911889189572361758e-01,8.973474312746858583e-01
7.327876931112297143e+02,7.411354308736922691e-01,7.768068697441941062e-01,7.952351815713525340e-01,8.078033533671753474e-01,8.173668245990370895e-01,8.250584821117593615e-01,8.368999036186486329e-01,8.494030476853106082e-01,8.582929462947547217e-01,8.650073866667112865e-01,8.702895845866942537e-01,8.781220577831728713e-01,8.852189877223994863e-01,8.911889189572361758e-01,8.973474312746858583e-01
7.374519265444923803e+02,7.411354308736922691e-01,7.768068697441941062e-01,7.952351815713525340e-01,8.078033533671753474e-01,8.173668245990370895e-01,8.250584821117593615e-01,8.368999036186486329e-01,8.494030476853106082e-01,8.582929462947547217e-01,8.650073866667112865e-01,8.702895845866942537e-01,8.781220577831728713e-01,8.852189877223994863e-01,8.911889189572361758e-01,8.973474312746858583e-01
7.421458480766743833e+02,7.411354308736922691e-01,7.768068697441941062e-01,7.952351815713525340e-01,8.078033533671753474e-01,8.173668245990370895e-01,8.250584821117593615e-01,8.368999036186486329e-01,8.494030476853106082e-01,8.582929462947547217e-01,8.650073866667112865e-01,8.702895845866942537e-01,8.781220577831728713e-01,8.852189877223994863e-01,8.911889189572361758e-01,8.973474312746858583e-01
7.468696466741357654e+02,7.411354308736922691e-01,7.768068697441941062e-01,7.952351815713525340e-01,8.078033533671753474e-01,8.173668245990370895e-01,8.250584821117593615e-01,8.368999036186486329e-01,8.494030476853106082e-01,8.582929462947547217e-01,8.650073866667112865e-01,8.702895845866942537e-01,8.781220577831728713e-01,8.852189877223994863e-01,8.911889189572361758e-01,8.973474312746858583e-01
7.516235125060197788e+02,7.411354308736922691e-01,7.768068697441941062e-01,7.952351815713525340e-01,8.078033533671753474e-01,8.173668245990370895e-01,8.250584821117593615e-01,8.368999036186486329e-01,8.494030476853106082e-01,8.582929462947547217e-01,8.650073866667112865e-01,8.702895845866942537e-01,8.781220577831728713e-01,8.852189877223994863e-01,8.911889189572361758e-01,8.973474312746858583e-01
7.564076369519045784e+02,7.411354308736922691e-01,7.768068697441941062e-01,7.952351815713525340e-01,8.078033533671753474e-01,8.173668245990370895e-01,8.250584821117593615e-01,8.368999036186486329e-01,8.494030476853106082e-01,8.582929462947547217e-01,8.650073866667112865e-01,8.702895845866942537e-01,8.781220577831728713e-01,8.852189877223994863e-01,8.911889189572361758e-01,8.973474312746858583e-01
7.612222126095101657e+02,7.411354308736922691e-01,7.768068697441941062e-01,7.952351815713525340e-01,8.078033533671753474e-01,8.173668245990370895e-01,8.250584821117593615e-01,8.368999036186486329e-01,8.494030476853106082e-01,8.582929462947547217e-01,8.650073866667112865e-01,8.702895845866942537e-01,8.781220577831728713e-01,8.852189877223994863e-01,8.911889189572361758e-01,8.973474312746858583e-01
7.660674333024518319e+02,7.411354308736922691e-01,7.768068697441941062e-01,7.952351815713525340e-01,8.078033533671753474e-01,8.173668245990370895e-01,8.250584821117593615e-01,8.368999036186486329e-01,8.494030476853106082e-01,8.582929462947547217e-01,8.650073866667112865e-01,8.702895845866942537e-01,8.781220577831728713e-01,8.852189877223994863e-01,8.911889189572361758e-01,8.973474312746858583e-01
7.709434940880423710e+02,7.411354308736922691e-01,7.768068697441941062e-01,7.952351815713525340e-01,8.078033533671753474e-01,8.173668245990370895e-01,8.250584821117593615e-01,8.368999036186486329e-01,8.494030476853106082e-01,8.582929462947547217e-01,8.650073866667112865e-01,8.702895845866942537e-01,8.781220577831728713e-01,8.852189877223994863e-01,8.911889189572361758e-01,8.973474312746858583e-01
7.758505912651452263e+02,7.411354308736922691e-01,7.768068697441941062e-01,7.952351815713525340e-01,8.078033533671753474e-01,8.173668245990370895e-01,8.250584821117593615e-01,8.368999036186486329e-01,8.494030476853106082e-01,8.582929462947547217e-01,8.650073866667112865e-01,8.702895845866942537e-01,8.781220577831728713e-01,8.852189877223994863e-01,8.911889189572361758e-01,8.973474312746858583e-01
7.807889223820757252e+02,7.411354308736922691e-01,7.768068697441941062e-01,7.952351815713525340e-01,8.078033533671753474e-01,8.173668245990370895e-01,8.250584821117593615e-01,8.368999036186486329e-01,8.494030476853106082e-01,8.582929462947547217e-01,8.650073866667112865e-01,8.702895845866942537e-01,8.781220577831728713e-01,8.852189877223994863e-01,8.911889189572361758e-01,8.973474312746858583e-01
7.857586862445576799e+02,7.411354308736922691e-01,7.768068697441941062e-01,7.952351815713525340e-01,8.078033533671753474e-01,8.173668245990370895e-01,8.250584821117593615e-01,8.368999036186486329e-01,8.494030476853106082e-01,8.582929462947547217e-01,8.650073866667112865e-01,8.702895845866942537e-01,8.781220577831728713e-01,8.852189877223994863e-01,8.911889189572361758e-01,8.973474312746858583e-01
7.907600829237212565e+02,7.411354308736922691e-01,7.768068697441941062e-01,7.952351815713525340e-01,8.078033533671753474e-01,8.173668245990370895e-01,8.250584821117593615e-01,8.368999036186486329e-01,8.494030476853106082e-01,8.582929462947547217e-01,8.650073866667112865e-01,8.702895845866942537e-01,8.781220577831728713e-01,8.852189877223994863e-01,8.911889189572361758e-01,8.973474312746858583e-01
7.957933137641613257e+02,7.411354308736922691e-01,7.768068697441941062e-01,7.952351815713525340e-01,8.078033533671753474e-01,8.173668245990370895e-01,8.250584821117593615e-01,8.368999036186486329e-01,8.494030476853106082e-01,8.582929462947547217e-01,8.650073866667112865e-01,8.702895845866942537e-01,8.781220577831728713e-01,8.852189877223994863e-01,8.911889189572361758e-01,8.973474312746858583e-01
8.008585813920412875e+02,7.411354308736922691e-01,7.768068697441941062e-01,7.952351815713525340e-01,8.078033533671753474e-01,8.173668245990370895e-01,8.250584821117593615e-01,8.368999036186486329e-01,8.494030476853106082e-01,8.582929462947547217e-01,8.650073866667112865e-01,8.702895845866942537e-01,8.781220577831728713e-01,8.852189877223994863e-01,8.911889189572361758e-01,8.973474312746858583e-01
8.059560897232532852e+02,7.411354308736922691e-01,7.768068697441941062e-01,7.952351815713525340e-01,8.078033533671753474e-01,8.173668245990370895e-01,8.250584821117593615e-01,8.368999036186486329e-01,8.494030476853106082e-01,8.582929462947547217e-01,8.650073866667112865e-01,8.702895845866942537e-01,8.781220577831728713e-01,8.852189877223994863e-01,8.911889189572361758e-01,8.973474312746858583e-01
8.110860439716227575e+02,7.411354308736922691e-01,7.768068697441941062e-01,7.952351815713525340e-01,8.078033533671753474e-01,8.173668245990370895e-01,8.250584821117593615e-01,8.368999036186486329e-01,8.494030476853106082e-01,8.582929462947547217e-01,8.650073866667112865e-01,8.702895845866942537e-01,8.781220577831728713e-01,8.852189877223994863e-01,8.911889189572361758e-01,8.973474312746858583e-01
8.162486506571733571e+02,7.411354308736922691e-01,7.768068697441941062e-01,7.952351815713525340e-01,8.078033533671753474e-01,8.173668245990370895e-01,8.250584821117593615e-01,8.368999036186486329e-01,8.494030476853106082e-01,8.582929462947547217e-01,8.650073866667112865e-01,8.702895845866942537e-01,8.781220577831728713e-01,8.852189877223994863e-01,8.911889189572361758e-01,8.973474312746858583e-01
8.214441176144396195e+02,7.411354308736922691e-01,7.768068697441941062e-01,7.952351815713525340e-01,8.078033533671753474e-01,8.173668245990370895e-01,8.250584821117593615e-01,8.368999036186486329e-01,8.494030476853106082e-01,8.582929462947547217e-01,8.650073866667112865e-01,8.702895845866942537e-01,8.781220577831728713e-01,8.852189877223994863e-01,8.911889189572361758e-01,8.973474312746858583e-01
8.266726540008341999e+02,7.411354308736922691e-01,7.768068697441941062e-01,7.952351815713525340e-01,8.078033533671753474e-01,8.173668245990370895e-01,8.250584821117593615e-01,8.368999036186486329e-01,8.494030476853106082e-01,8.582929462947547217e-01,8.650073866667112865e-01,8.702895845866942537e-01,8.781220577831728713e-01,8.852189877223994863e-01,8.911889189572361758e-01,8.973474312746858583e-01
8.319344703050683165e+02,7.411354308736922691e-01,7.768068697441941062e-01,7.952351815713525340e-01,8.078033533671753474e-01,8.173668245990370895e-01,8.250584821117593615e-01,8.368999036186486329e-01,8.494030476853106082e-01,8.582929462947547217e-01,8.650073866667112865e-01,8.702895845866942537e-01,8.781220577831728713e-01,8.852189877223994863e-01,8.911889189572361758e-01,8.973474312746858583e-01
8.372297783556239210e+02,7.411354308736922691e-01,7.768068697441941062e-01,7.952351815713525340e-01,8.078033533671753474e-01,8.173668245990370895e-01,8.250584821117593615e-01,8.368999036186486329e-01,8.494030476853106082e-01,8.582929462947547217e-01,8.650073866667112865e-01,8.702895845866942537e-01,8.781220577831728713e-01,8.852189877223994863e-01,8.911889189572361758e-01,8.973474312746858583e-01
8.425587913292856683e+02,7.411354308736922691e-01,7.768068697441941062e-01,7.952351815713525340e-01,8.078033533671753474e-01,8.173668245990370895e-01,8.250584821117593615e-01,8.368999036186486329e-01,8.494030476853106082e-01,8.582929462947547217e-01,8.650073866667112865e-01,8.702895845866942537e-01,8.781220577831728713e-01,8.852189877223994863e-01,8.911889189572361758e-01,8.973474312746858583e-01
8.479217237597173380e+02,7.411354308736922691e-01,7.768068697441941062e-01,7.952351815713525340e-01,8.078033533671753474e-01,8.173668245990370895e-01,8.250584821117593615e-01,8.368999036186486329e-01,8.494030476853106082e-01,8.582929462947547217e-01,8.650073866667112865e-01,8.702895845866942537e-01,8.781220577831728713e-01,8.852189877223994863e-01,8.911889189572361758e-01,8.973474312746858583e-01
8.533187915461012381e+02,7.411354308736922691e-01,7.768068697441941062e-01,7.952351815713525340e-01,8.078033533671753474e-01,8.173668245990370895e-01,8.250584821117593615e-01,8.368999036186486329e-01,8.494030476853106082e-01,8.582929462947547217e-01,8.650073866667112865e-01,8.702895845866942537e-01,8.781220577831728713e-01,8.852189877223994863e-01,8.911889189572361758e-01,8.973474312746858583e-01
8.587502119618321785e+02,7.411354308736922691e-01,7.768068697441941062e-01,7.952351815713525340e-01,8.078033533671753474e-01,8.173668245990370895e-01,8.250584821117593615e-01,8.368999036186486329e-01,8.494030476853106082e-01,8.582929462947547217e-01,8.650073866667112865e-01,8.702895845866942537e-01,8.781220577831728713e-01,8.852189877223994863e-01,8.911889189572361758e-01,8.973474312746858583e-01
8.642162036632590798e+02,7.411354308736922691e-01,7.768068697441941062e-01,7.952351815713525340e-01,8.078033533671753474e-01,8.173668245990370895e-01,8.250584821117593615e-01,8.368999036186486329e-01,8.494030476853106082e-01,8.582929462947547217e-01,8.650073866667112865e-01,8.702895845866942537e-01,8.781220577831728713e-01,8.852189877223994863e-01,8.911889189572361758e-01,8.973474312746858583e-01
8.697169866984918372e+02,7.411354308736922691e-01,7.768068697441941062e-01,7.952351815713525340e-01,8.078033533671753474e-01,8.173668245990370895e-01,8.250584821117593615e-01,8.368999036186486329e-01,8.494030476853106082e-01,8.582929462947547217e-01,8.650073866667112865e-01,8.702895845866942537e-01,8.781220577831728713e-01,8.852189877223994863e-01,8.911889189572361758e-01,8.973474312746858583e-01
8.752527825162578665e+02,7.411354308736922691e-01,7.768068697441941062e-01,7.952351815713525340e-01,8.078033533671753474e-01,8.173668245990370895e-01,8.250584821117593615e-01,8.368999036186486329e-01,8.494030476853106082e-01,8.582929462947547217e-01,8.650073866667112865e-01,8.702895845866942537e-01,8.781220577831728713e-01,8.852189877223994863e-01,8.911889189572361758e-01,8.973474312746858583e-01
8.808238139748182221e+02,7.411354308736922691e-01,7.768068697441941062e-01,7.952351815713525340e-01,8.078033533671753474e-01,8.173668245990370895e-01,8.250584821117593615e-01,8.368999036186486329e-01,8.494030476853106082e-01,8.582929462947547217e-01,8.650073866667112865e-01,8.702895845866942537e-01,8.781220577831728713e-01,8.852189877223994863e-01,8.911889189572361758e-01,8.973474312746858583e-01
8.864303053509387382e+02,7.411354308736922691e-01,7.768068697441941062e-01,7.952351815713525340e-01,8.078033533671753474e-01,8.173668245990370895e-01,8.250584821117593615e-01,8.368999036186486329e-01,8.494030476853106082e-01,8.582929462947547217e-01,8.650073866667112865e-01,8.702895845866942537e-01,8.781220577831728713e-01,8.852189877223994863e-01,8.911889189572361758e-01,8.973474312746858583e-01
8.920724823489179016e+02,7.411354308736922691e-01,7.768068697441941062e-01,7.952351815713525340e-01,8.078033533671753474e-01,8.173668245990370895e-01,8.250584821117593615e-01,8.368999036186486329e-01,8.494030476853106082e-01,8.582929462947547217e-01,8.650073866667112865e-01,8.702895845866942537e-01,8.781220577831728713e-01,8.852189877223994863e-01,8.911889189572361758e-01,8.973474312746858583e-01
8.977505721096774778e+02,7.411354308736922691e-01,7.768068697441941062e-01,7.952351815713525340e-01,8.078033533671753474e-01,8.173668245990370895e-01,8.250584821117593615e-01,8.368999036186486329e-01,8.494030476853106082e-01,8.582929462947547217e-01,8.650073866667112865e-01,8.702895845866942537e-01,8.781220577831728713e-01,8.852189877223994863e-01,8.911889189572361758e-01,8.973474312746858583e-01
9.034648032199004319e+02,7.411354308736922691e-01,7.768068697441941062e-01,7.952351815713525340e-01,8.078033533671753474e-01,8.173668245990370895e-01,8.250584821117593615e-01,8.368999036186486329e-01,8.494030476853106082e-01,8.582929462947547217e-01,8.650073866667112865e-01,8.702895845866942537e-01,8.781220577831728713e-01,8.852189877223994863e-01,8.911889189572361758e-01,8.973474312746858583e-01
9.092154057212374028e+02,7.411354308736922691e-01,7.768068697441941062e-01,7.952351815713525340e-01,8.078033533671753474e-01,8.173668245990370895e-01,8.250584821117593615e-01,8.368999036186486329e-01,8.494030476853106082e-01,8.582929462947547217e-01,8.650073866667112865e-01,8.702895845866942537e-01,8.781220577831728713e-01,8.852189877223994863e-01,8.911889189572361758e-01,8.973474312746858583e-01
9.150026111195655858e+02,7.411354308736922691e-01,7.768068697441941062e-01,7.952351815713525340e-01,8.078033533671753474e-01,8.173668245990370895e-01,8.250584821117593615e-01,8.368999036186486329e-01,8.494030476853106082e-01,8.582929462947547217e-01,8.650073866667112865e-01,8.702895845866942537e-01,8.781220577831728713e-01,8.852189877223994863e-01,8.911889189572361758e-01,8.973474312746858583e-01
9.208266523943127595e+02,7.411354308736922691e-01,7.768068697441941062e-01,7.952351815713525340e-01,8.078033533671753474e-01,8.173668245990370895e-01,8.250584821117593615e-01,8.368999036186486329e-01,8.494030476853106082e-01,8.582929462947547217e-01,8.650073866667112865e-01,8.702895845866942537e-01,8.781220577831728713e-01,8.852189877223994863e-01,8.911889189572361758e-01,8.973474312746858583e-01
9.266877640078303102e+02,7.411354308736922691e-01,7.768068697441941062e-01,7.952351815713525340e-01,8.078033533671753474e-01,8.173668245990370895e-01,8.250584821117593615e-01,8.368999036186486329e-01,8.494030476853106082e-01,8.582929462947547217e-01,8.650073866667112865e-01,8.702895845866942537e-01,8.781220577831728713e-01,8.852189877223994863e-01,8.911889189572361758e-01,8.973474312746858583e-01
9.325861819148360610e+02,7.411354308736922691e-01,7.768068697441941062e-01,7.952351815713525340e-01,8.078033533671753474e-01,8.173668245990370895e-01,8.250584821117593615e-01,8.368999036186486329e-01,8.494030476853106082e-01,8.582929462947547217e-01,8.650073866667112865e-01,8.702895845866942537e-01,8.781220577831728713e-01,8.852189877223994863e-01,8.911889189572361758e-01,8.973474312746858583e-01
9.385221435719129204e+02,7.411354308736922691e-01,7.768068697441941062e-01,7.952351815713525340e-01,8.078033533671753474e-01,8.173668245990370895e-01,8.250584821117593615e-01,8.368999036186486329e-01,8.494030476853106082e-01,8.582929462947547217e-01,8.650073866667112865e-01,8.702895845866942537e-01,8.781220577831728713e-01,8.852189877223994863e-01,8.911889189572361758e-01,8.973474312746858583e-01
9.444958879470672173e+02,7.411354308736922691e-01,7.768068697441941062e-01,7.952351815713525340e-01,8.078033533671753474e-01,8.173668245990370895e-01,8.250584821117593615e-01,8.368999036186486329e-01,8.494030476853106082e-01,8.582929462947547217e-01,8.650073866667112865e-01,8.702895845866942537e-01,8.781220577831728713e-01,8.852189877223994863e-01,8.911889189572361758e-01,8.973474312746858583e-01
9.505076555293499041e+02,7.411354308736922691e-01,7.768068697441941062e-01,7.952351815713525340e-01,8.078033533671753474e-01,8.173668245990370895e-01,8.250584821117593615e-01,8.368999036186486329e-01,8.494030476853106082e-01,8.582929462947547217e-01,8.650073866667112865e-01,8.702895845866942537e-01,8.781220577831728713e-01,8.852189877223994863e-01,8.911889189572361758e-01,8.973474312746858583e-01
9.565576883385369911e+02,7.411354308736922691e-01,7.768068697441941062e-01,7.952351815713525340e-01,8.078033533671753474e-01,8.173668245990370895e-01,8.250584821117593615e-01,8.368999036186486329e-01,8.494030476853106082e-01,8.582929462947547217e-01,8.650073866667112865e-01,8.702895845866942537e-01,8.781220577831728713e-01,8.852189877223994863e-01,8.911889189572361758e-01,8.973474312746858583e-01
9.626462299348760325e+02,7.411354308736922691e-01,7.768068697441941062e-01,7.952351815713525340e-01,8.078033533671753474e-01,8.173668245990370895e-01,8.250584821117593615e-01,8.368999036186486329e-01,8.494030476853106082e-01,8.582929462947547217e-01,8.650073866667112865e-01,8.702895845866942537e-01,8.781220577831728713e-01,8.852189877223994863e-01,8.911889189572361758e-01,8.973474312746858583e-01
9.687735254288862734e+02,7.411354308736922691e-01,7.768068697441941062e-01,7.952351815713525340e-01,8.078033533671753474e-01,8.173668245990370895e-01,8.250584821117593615e-01,8.368999036186486329e-01,8.494030476853106082e-01,8.582929462947547217e-01,8.650073866667112865e-01,8.702895845866942537e-01,8.781220577831728713e-01,8.852189877223994863e-01,8.911889189572361758e-01,8.973474312746858583e-01
9.749398214912292815e+02,7.411354308736922691e-01,7.768068697441941062e-01,7.952351815713525340e-01,8.078033533671753474e-01,8.173668245990370895e-01,8.250584821117593615e-01,8.368999036186486329e-01,8.494030476853106082e-01,8.582929462947547217e-01,8.650073866667112865e-01,8.702895845866942537e-01,8.781220577831728713e-01,8.852189877223994863e-01,8.911889189572361758e-01,8.973474312746858583e-01
9.811453663626380148e+02,7.411354308736922691e-01,7.768068697441941062e-01,7.952351815713525340e-01,8.078033533671753474e-01,8.173668245990370895e-01,8.250584821117593615e-01,8.368999036186486329e-01,8.494030476853106082e-01,8.582929462947547217e-01,8.650073866667112865e-01,8.702895845866942537e-01,8.781220577831728713e-01,8.852189877223994863e-01,8.911889189572361758e-01,8.973474312746858583e-01
9.873904098639141012e+02,7.411354308736922691e-01,7.768068697441941062e-01,7.952351815713525340e-01,8.078033533671753474e-01,8.173668245990370895e-01,8.250584821117593615e-01,8.368999036186486329e-01,8.494030476853106082e-01,8.582929462947547217e-01,8.650073866667112865e-01,8.702895845866942537e-01,8.781220577831728713e-01,8.852189877223994863e-01,8.911889189572361758e-01,8.973474312746858583e-01
9.936752034059791185e+02,7.411354308736922691e-01,7.768068697441941062e-01,7.952351815713525340e-01,8.078033533671753474e-01,8.173668245990370895e-01,8.250584821117593615e-01,8.368999036186486329e-01,8.494030476853106082e-01,8.582929462947547217e-01,8.650073866667112865e-01,8.702895845866942537e-01,8.781220577831728713e-01,8.852189877223994863e-01,8.911889189572361758e-01,8.973474312746858583e-01
1.000000000000000000e+03,7.411354308736922691e-01,7.768068697441941062e-01,7.952351815713525340e-01,8.078033533671753474e-01,8.173668245990370895e-01,8.250584821117593615e-01,8.368999036186486329e-01,8.494030476853106082e-01,8.582929462947547217e-01,8.650073866667112865e-01,8.702895845866942537e-01,8.781220577831728713e-01,8.852189877223994863e-01,8.911889189572361758e-01,8.973474312746858583e-01
